{"minified":"composer/2.0","packages":{"sabberworm/php-css-parser":[{"name":"sabberworm/php-css-parser","description":"Parser for CSS Files written in PHP","keywords":["css","parser","stylesheet"],"homepage":"https://www.sabberworm.com/blog/2010/6/10/php-css-parser","version":"v8.8.0","version_normalized":"8.8.0.0","license":["MIT"],"authors":[{"name":"Raphael Schweikert"},{"name":"Oliver Klee","email":"github@oliverklee.de"},{"name":"Jake Hotson","email":"jake.github@qzdesign.co.uk"}],"source":{"url":"https://github.com/MyIntervals/PHP-CSS-Parser.git","type":"git","reference":"3de493bdddfd1f051249af725c7e0d2c38fed740"},"dist":{"url":"https://api.github.com/repos/MyIntervals/PHP-CSS-Parser/zipball/3de493bdddfd1f051249af725c7e0d2c38fed740","type":"zip","shasum":"","reference":"3de493bdddfd1f051249af725c7e0d2c38fed740"},"type":"library","support":{"issues":"https://github.com/MyIntervals/PHP-CSS-Parser/issues","source":"https://github.com/MyIntervals/PHP-CSS-Parser/tree/v8.8.0"},"funding":[],"time":"2025-03-23T17:59:05+00:00","autoload":{"psr-4":{"Sabberworm\\CSS\\":"src/"}},"extra":{"branch-alias":{"dev-main":"9.0.x-dev"}},"require":{"php":"^5.6.20 || ^7.0.0 || ~8.0.0 || ~8.1.0 || ~8.2.0 || ~8.3.0 || ~8.4.0","ext-iconv":"*"},"require-dev":{"phpunit/phpunit":"5.7.27 || 6.5.14 || 7.5.20 || 8.5.41"},"suggest":{"ext-mbstring":"for parsing UTF-8 CSS"}},{"version":"v8.7.0","version_normalized":"8.7.0.0","source":{"url":"https://github.com/MyIntervals/PHP-CSS-Parser.git","type":"git","reference":"f414ff953002a9b18e3a116f5e462c56f21237cf"},"dist":{"url":"https://api.github.com/repos/MyIntervals/PHP-CSS-Parser/zipball/f414ff953002a9b18e3a116f5e462c56f21237cf","type":"zip","shasum":"","reference":"f414ff953002a9b18e3a116f5e462c56f21237cf"},"support":{"issues":"https://github.com/MyIntervals/PHP-CSS-Parser/issues","source":"https://github.com/MyIntervals/PHP-CSS-Parser/tree/v8.7.0"},"time":"2024-10-27T17:38:32+00:00","require-dev":{"phpunit/phpunit":"5.7.27 || 6.5.14 || 7.5.20 || 8.5.40"}},{"version":"v8.6.0","version_normalized":"8.6.0.0","source":{"url":"https://github.com/MyIntervals/PHP-CSS-Parser.git","type":"git","reference":"d2fb94a9641be84d79c7548c6d39bbebba6e9a70"},"dist":{"url":"https://api.github.com/repos/MyIntervals/PHP-CSS-Parser/zipball/d2fb94a9641be84d79c7548c6d39bbebba6e9a70","type":"zip","shasum":"","reference":"d2fb94a9641be84d79c7548c6d39bbebba6e9a70"},"support":{"issues":"https://github.com/MyIntervals/PHP-CSS-Parser/issues","source":"https://github.com/MyIntervals/PHP-CSS-Parser/tree/v8.6.0"},"time":"2024-07-01T07:33:21+00:00","require":{"php":">=5.6.20","ext-iconv":"*"},"require-dev":{"phpunit/phpunit":"^5.7.27"}},{"version":"v8.5.2","version_normalized":"8.5.2.0","source":{"url":"https://github.com/MyIntervals/PHP-CSS-Parser.git","type":"git","reference":"ef8c59c02e54315ad6ab44113b42522878040010"},"dist":{"url":"https://api.github.com/repos/MyIntervals/PHP-CSS-Parser/zipball/ef8c59c02e54315ad6ab44113b42522878040010","type":"zip","shasum":"","reference":"ef8c59c02e54315ad6ab44113b42522878040010"},"support":{"issues":"https://github.com/MyIntervals/PHP-CSS-Parser/issues","source":"https://github.com/MyIntervals/PHP-CSS-Parser/tree/v8.5.2"},"time":"2024-06-28T16:34:52+00:00"},{"version":"v8.5.1","version_normalized":"8.5.1.0","source":{"url":"https://github.com/MyIntervals/PHP-CSS-Parser.git","type":"git","reference":"4a3d572b0f8b28bb6fd016ae8bbfc445facef152"},"dist":{"url":"https://api.github.com/repos/MyIntervals/PHP-CSS-Parser/zipball/4a3d572b0f8b28bb6fd016ae8bbfc445facef152","type":"zip","shasum":"","reference":"4a3d572b0f8b28bb6fd016ae8bbfc445facef152"},"support":{"issues":"https://github.com/MyIntervals/PHP-CSS-Parser/issues","source":"https://github.com/MyIntervals/PHP-CSS-Parser/tree/v8.5.1"},"time":"2024-02-15T16:41:13+00:00"},{"version":"8.5.0","version_normalized":"8.5.0.0","authors":[{"name":"Raphael Schweikert"}],"source":{"url":"https://github.com/MyIntervals/PHP-CSS-Parser.git","type":"git","reference":"4e9a54c2a368fcd73ecc6b45f98c7714b54a7db0"},"dist":{"url":"https://api.github.com/repos/MyIntervals/PHP-CSS-Parser/zipball/4e9a54c2a368fcd73ecc6b45f98c7714b54a7db0","type":"zip","shasum":"","reference":"4e9a54c2a368fcd73ecc6b45f98c7714b54a7db0"},"support":{"issues":"https://github.com/MyIntervals/PHP-CSS-Parser/issues","source":"https://github.com/MyIntervals/PHP-CSS-Parser/tree/8.5.0"},"time":"2024-02-01T00:40:08+00:00","extra":{"branch-alias":{"dev-master":"9.0.x-dev"}},"require-dev":{"phpunit/phpunit":"^5.7.27","codacy/coverage":"^1.4.3"}},{"version":"8.4.0","version_normalized":"8.4.0.0","source":{"url":"https://github.com/MyIntervals/PHP-CSS-Parser.git","type":"git","reference":"e41d2140031d533348b2192a83f02d8dd8a71d30"},"dist":{"url":"https://api.github.com/repos/MyIntervals/PHP-CSS-Parser/zipball/e41d2140031d533348b2192a83f02d8dd8a71d30","type":"zip","shasum":"","reference":"e41d2140031d533348b2192a83f02d8dd8a71d30"},"support":{"issues":"https://github.com/MyIntervals/PHP-CSS-Parser/issues","source":"https://github.com/MyIntervals/PHP-CSS-Parser/tree/8.4.0"},"time":"2021-12-11T13:40:54+00:00","require-dev":{"phpunit/phpunit":"^4.8.36","codacy/coverage":"^1.4"},"extra":"__unset"},{"homepage":"http://www.sabberworm.com/blog/2010/6/10/php-css-parser","version":"8.3.1","version_normalized":"8.3.1.0","source":{"url":"https://github.com/MyIntervals/PHP-CSS-Parser.git","type":"git","reference":"d217848e1396ef962fb1997cf3e2421acba7f796"},"dist":{"url":"https://api.github.com/repos/MyIntervals/PHP-CSS-Parser/zipball/d217848e1396ef962fb1997cf3e2421acba7f796","type":"zip","shasum":"","reference":"d217848e1396ef962fb1997cf3e2421acba7f796"},"support":{"issues":"https://github.com/MyIntervals/PHP-CSS-Parser/issues","source":"https://github.com/MyIntervals/PHP-CSS-Parser/tree/8.3.1"},"time":"2020-06-01T09:10:00+00:00","autoload":{"psr-0":{"Sabberworm\\CSS":"lib/"}},"require":{"php":">=5.3.2"},"require-dev":{"phpunit/phpunit":"~4.8","codacy/coverage":"^1.4"},"suggest":"__unset"},{"version":"8.3.0","version_normalized":"8.3.0.0","source":{"url":"https://github.com/MyIntervals/PHP-CSS-Parser.git","type":"git","reference":"91bcc3e3fdb7386c9a2e0e0aa09ca75cc43f121f"},"dist":{"url":"https://api.github.com/repos/MyIntervals/PHP-CSS-Parser/zipball/91bcc3e3fdb7386c9a2e0e0aa09ca75cc43f121f","type":"zip","shasum":"","reference":"91bcc3e3fdb7386c9a2e0e0aa09ca75cc43f121f"},"support":{"issues":"https://github.com/MyIntervals/PHP-CSS-Parser/issues","source":"https://github.com/MyIntervals/PHP-CSS-Parser/tree/8.3.0"},"time":"2019-02-22T07:42:52+00:00"},{"version":"8.2.1","version_normalized":"8.2.1.0","source":{"url":"https://github.com/MyIntervals/PHP-CSS-Parser.git","type":"git","reference":"cbff48ef7ccc109ccd2901990d29f55cc2135668"},"dist":{"url":"https://api.github.com/repos/MyIntervals/PHP-CSS-Parser/zipball/cbff48ef7ccc109ccd2901990d29f55cc2135668","type":"zip","shasum":"","reference":"cbff48ef7ccc109ccd2901990d29f55cc2135668"},"support":{"issues":"https://github.com/MyIntervals/PHP-CSS-Parser/issues","source":"https://github.com/MyIntervals/PHP-CSS-Parser/tree/8.2.1"},"time":"2020-06-01T09:09:33+00:00","require-dev":{"phpunit/phpunit":"~4.8"}},{"version":"8.2.0","version_normalized":"8.2.0.0","source":{"url":"https://github.com/MyIntervals/PHP-CSS-Parser.git","type":"git","reference":"8be357d90c29c2f6dd426be4cb60bf09ef6d0120"},"dist":{"url":"https://api.github.com/repos/MyIntervals/PHP-CSS-Parser/zipball/8be357d90c29c2f6dd426be4cb60bf09ef6d0120","type":"zip","shasum":"","reference":"8be357d90c29c2f6dd426be4cb60bf09ef6d0120"},"support":{"issues":"https://github.com/MyIntervals/PHP-CSS-Parser/issues","source":"https://github.com/MyIntervals/PHP-CSS-Parser/tree/8.2.0"},"time":"2018-07-13T13:23:56+00:00"},{"version":"8.1.1","version_normalized":"8.1.1.0","source":{"url":"https://github.com/MyIntervals/PHP-CSS-Parser.git","type":"git","reference":"b3683fba4e30963908265b039190a0e88f74c6fb"},"dist":{"url":"https://api.github.com/repos/MyIntervals/PHP-CSS-Parser/zipball/b3683fba4e30963908265b039190a0e88f74c6fb","type":"zip","shasum":"","reference":"b3683fba4e30963908265b039190a0e88f74c6fb"},"support":{"issues":"https://github.com/MyIntervals/PHP-CSS-Parser/issues","source":"https://github.com/MyIntervals/PHP-CSS-Parser/tree/8.1.1"},"time":"2020-06-01T09:09:10+00:00","require-dev":{"phpunit/phpunit":"*"}},{"version":"8.1.0","version_normalized":"8.1.0.0","source":{"url":"https://github.com/MyIntervals/PHP-CSS-Parser.git","type":"git","reference":"850cbbcbe7fbb155387a151ea562897a67e242ef"},"dist":{"url":"https://api.github.com/repos/MyIntervals/PHP-CSS-Parser/zipball/850cbbcbe7fbb155387a151ea562897a67e242ef","type":"zip","shasum":"","reference":"850cbbcbe7fbb155387a151ea562897a67e242ef"},"support":{"issues":"https://github.com/MyIntervals/PHP-CSS-Parser/issues","source":"https://github.com/MyIntervals/PHP-CSS-Parser/tree/8.1.0"},"time":"2016-07-19T19:14:21+00:00"},{"version":"8.0.1","version_normalized":"8.0.1.0","source":{"url":"https://github.com/MyIntervals/PHP-CSS-Parser.git","type":"git","reference":"114212ad3556b83a5659b295244906eef62b855c"},"dist":{"url":"https://api.github.com/repos/MyIntervals/PHP-CSS-Parser/zipball/114212ad3556b83a5659b295244906eef62b855c","type":"zip","shasum":"","reference":"114212ad3556b83a5659b295244906eef62b855c"},"support":{"issues":"https://github.com/MyIntervals/PHP-CSS-Parser/issues","source":"https://github.com/MyIntervals/PHP-CSS-Parser/tree/8.0.1"},"time":"2020-06-01T09:08:48+00:00","require-dev":"__unset"},{"version":"8.0.0","version_normalized":"8.0.0.0","source":{"url":"https://github.com/MyIntervals/PHP-CSS-Parser.git","type":"git","reference":"387786962f725da0af27d496e02a8b3765b51a54"},"dist":{"url":"https://api.github.com/repos/MyIntervals/PHP-CSS-Parser/zipball/387786962f725da0af27d496e02a8b3765b51a54","type":"zip","shasum":"","reference":"387786962f725da0af27d496e02a8b3765b51a54"},"support":{"issues":"https://github.com/MyIntervals/PHP-CSS-Parser/issues","source":"https://github.com/MyIntervals/PHP-CSS-Parser/tree/8.0.0"},"time":"2016-06-30T15:22:32+00:00"},{"version":"7.0.4","version_normalized":"7.0.4.0","source":{"url":"https://github.com/MyIntervals/PHP-CSS-Parser.git","type":"git","reference":"7f81cfd7c81a6f6f5ec46571b587a206141a58bb"},"dist":{"url":"https://api.github.com/repos/MyIntervals/PHP-CSS-Parser/zipball/7f81cfd7c81a6f6f5ec46571b587a206141a58bb","type":"zip","shasum":"","reference":"7f81cfd7c81a6f6f5ec46571b587a206141a58bb"},"support":{"issues":"https://github.com/MyIntervals/PHP-CSS-Parser/issues","source":"https://github.com/MyIntervals/PHP-CSS-Parser/tree/7.0.4"},"time":"2020-06-01T09:08:05+00:00"},{"version":"7.0.3","version_normalized":"7.0.3.0","source":{"url":"https://github.com/MyIntervals/PHP-CSS-Parser.git","type":"git","reference":"7642a0e1cabd81d95f91ebbea7d6de988c59edd3"},"dist":{"url":"https://api.github.com/repos/MyIntervals/PHP-CSS-Parser/zipball/7642a0e1cabd81d95f91ebbea7d6de988c59edd3","type":"zip","shasum":"","reference":"7642a0e1cabd81d95f91ebbea7d6de988c59edd3"},"support":{"issues":"https://github.com/MyIntervals/PHP-CSS-Parser/issues","source":"https://github.com/MyIntervals/PHP-CSS-Parser/tree/7.0.3"},"time":"2016-04-26T20:16:57+00:00"},{"version":"7.0.2","version_normalized":"7.0.2.0","source":{"url":"https://github.com/MyIntervals/PHP-CSS-Parser.git","type":"git","reference":"546b2b93733165cb27c7cef0ccc8e66384d1d833"},"dist":{"url":"https://api.github.com/repos/MyIntervals/PHP-CSS-Parser/zipball/546b2b93733165cb27c7cef0ccc8e66384d1d833","type":"zip","shasum":"","reference":"546b2b93733165cb27c7cef0ccc8e66384d1d833"},"support":{"issues":"https://github.com/MyIntervals/PHP-CSS-Parser/issues","source":"https://github.com/MyIntervals/PHP-CSS-Parser/tree/7.0.2"},"time":"2016-02-11T11:18:40+00:00"},{"version":"7.0.1","version_normalized":"7.0.1.0","source":{"url":"https://github.com/MyIntervals/PHP-CSS-Parser.git","type":"git","reference":"003e4fb8728de4381a9d5181c8e6dcf2e3f4b807"},"dist":{"url":"https://api.github.com/repos/MyIntervals/PHP-CSS-Parser/zipball/003e4fb8728de4381a9d5181c8e6dcf2e3f4b807","type":"zip","shasum":"","reference":"003e4fb8728de4381a9d5181c8e6dcf2e3f4b807"},"support":{"issues":"https://github.com/MyIntervals/PHP-CSS-Parser/issues","source":"https://github.com/MyIntervals/PHP-CSS-Parser/tree/7.0.1"},"time":"2015-12-25T18:24:59+00:00"},{"version":"7.0.0","version_normalized":"7.0.0.0","source":{"url":"https://github.com/MyIntervals/PHP-CSS-Parser.git","type":"git","reference":"1e0b1faadd4a75c22ef90e7be57e04e38e59f6cf"},"dist":{"url":"https://api.github.com/repos/MyIntervals/PHP-CSS-Parser/zipball/1e0b1faadd4a75c22ef90e7be57e04e38e59f6cf","type":"zip","shasum":"","reference":"1e0b1faadd4a75c22ef90e7be57e04e38e59f6cf"},"support":{"issues":"https://github.com/MyIntervals/PHP-CSS-Parser/issues","source":"https://github.com/MyIntervals/PHP-CSS-Parser/tree/7.0.0"},"time":"2015-08-24T09:08:39+00:00"},{"version":"6.0.2","version_normalized":"6.0.2.0","source":{"url":"https://github.com/MyIntervals/PHP-CSS-Parser.git","type":"git","reference":"7df1f66498655db5a1cf6003f55309d394487d5f"},"dist":{"url":"https://api.github.com/repos/MyIntervals/PHP-CSS-Parser/zipball/7df1f66498655db5a1cf6003f55309d394487d5f","type":"zip","shasum":"","reference":"7df1f66498655db5a1cf6003f55309d394487d5f"},"support":{"issues":"https://github.com/MyIntervals/PHP-CSS-Parser/issues","source":"https://github.com/MyIntervals/PHP-CSS-Parser/tree/6.0.2"},"time":"2020-06-01T09:07:27+00:00"},{"version":"6.0.1","version_normalized":"6.0.1.0","source":{"url":"https://github.com/MyIntervals/PHP-CSS-Parser.git","type":"git","reference":"9ea4b00c569b19f731d0c2e0e802055877ff40c2"},"dist":{"url":"https://api.github.com/repos/MyIntervals/PHP-CSS-Parser/zipball/9ea4b00c569b19f731d0c2e0e802055877ff40c2","type":"zip","shasum":"","reference":"9ea4b00c569b19f731d0c2e0e802055877ff40c2"},"support":{"issues":"https://github.com/MyIntervals/PHP-CSS-Parser/issues","source":"https://github.com/MyIntervals/PHP-CSS-Parser/tree/6.0.1"},"time":"2015-08-24T08:48:52+00:00"},{"version":"6.0.0","version_normalized":"6.0.0.0","source":{"url":"https://github.com/MyIntervals/PHP-CSS-Parser.git","type":"git","reference":"ef95a38fe0c0f093f46a25029a4dd2d57ebe847e"},"dist":{"url":"https://api.github.com/repos/MyIntervals/PHP-CSS-Parser/zipball/ef95a38fe0c0f093f46a25029a4dd2d57ebe847e","type":"zip","shasum":"","reference":"ef95a38fe0c0f093f46a25029a4dd2d57ebe847e"},"support":{"issues":"https://github.com/MyIntervals/PHP-CSS-Parser/issues","source":"https://github.com/MyIntervals/PHP-CSS-Parser/tree/6.0.0"},"time":"2014-07-03T21:45:17+00:00"},{"version":"5.2.1","version_normalized":"5.2.1.0","source":{"url":"https://github.com/MyIntervals/PHP-CSS-Parser.git","type":"git","reference":"0245a08802343f5b8fbfd489288e8839bc66c813"},"dist":{"url":"https://api.github.com/repos/MyIntervals/PHP-CSS-Parser/zipball/0245a08802343f5b8fbfd489288e8839bc66c813","type":"zip","shasum":"","reference":"0245a08802343f5b8fbfd489288e8839bc66c813"},"support":{"issues":"https://github.com/MyIntervals/PHP-CSS-Parser/issues","source":"https://github.com/MyIntervals/PHP-CSS-Parser/tree/5.2.1"},"time":"2020-06-01T09:06:27+00:00"},{"version":"5.2.0","version_normalized":"5.2.0.0","source":{"url":"https://github.com/MyIntervals/PHP-CSS-Parser.git","type":"git","reference":"d476416a86a6680a1d3923fe95c4276e40199615"},"dist":{"url":"https://api.github.com/repos/MyIntervals/PHP-CSS-Parser/zipball/d476416a86a6680a1d3923fe95c4276e40199615","type":"zip","shasum":"","reference":"d476416a86a6680a1d3923fe95c4276e40199615"},"support":{"issues":"https://github.com/MyIntervals/PHP-CSS-Parser/issues","source":"https://github.com/MyIntervals/PHP-CSS-Parser/tree/5.2.0"},"time":"2014-06-30T19:16:02+00:00"},{"version":"5.1.3","version_normalized":"5.1.3.0","source":{"url":"https://github.com/MyIntervals/PHP-CSS-Parser.git","type":"git","reference":"d8453c394bde94809ee244bed4c6087f4fd5ffe1"},"dist":{"url":"https://api.github.com/repos/MyIntervals/PHP-CSS-Parser/zipball/d8453c394bde94809ee244bed4c6087f4fd5ffe1","type":"zip","shasum":"","reference":"d8453c394bde94809ee244bed4c6087f4fd5ffe1"},"support":{"issues":"https://github.com/MyIntervals/PHP-CSS-Parser/issues","source":"https://github.com/MyIntervals/PHP-CSS-Parser/tree/5.1.3"},"time":"2020-06-01T09:05:50+00:00"},{"version":"5.1.2","version_normalized":"5.1.2.0","source":{"url":"https://github.com/MyIntervals/PHP-CSS-Parser.git","type":"git","reference":"4c4ab985e372113dbfd0a8192fbd8629bface9bb"},"dist":{"url":"https://api.github.com/repos/MyIntervals/PHP-CSS-Parser/zipball/4c4ab985e372113dbfd0a8192fbd8629bface9bb","type":"zip","shasum":"","reference":"4c4ab985e372113dbfd0a8192fbd8629bface9bb"},"support":{"issues":"https://github.com/MyIntervals/PHP-CSS-Parser/issues","source":"https://github.com/MyIntervals/PHP-CSS-Parser/tree/5.1.2"},"time":"2014-04-24T18:00:51+00:00"},{"version":"5.1.1","version_normalized":"5.1.1.0","source":{"url":"https://github.com/MyIntervals/PHP-CSS-Parser.git","type":"git","reference":"7f03a04694af2ceddf46f6694f09cc8dc8f16a8b"},"dist":{"url":"https://api.github.com/repos/MyIntervals/PHP-CSS-Parser/zipball/7f03a04694af2ceddf46f6694f09cc8dc8f16a8b","type":"zip","shasum":"","reference":"7f03a04694af2ceddf46f6694f09cc8dc8f16a8b"},"support":{"issues":"https://github.com/MyIntervals/PHP-CSS-Parser/issues","source":"https://github.com/MyIntervals/PHP-CSS-Parser/tree/5.1.1"},"time":"2013-10-28T07:08:39+00:00"},{"version":"5.1.0","version_normalized":"5.1.0.0","source":{"url":"https://github.com/MyIntervals/PHP-CSS-Parser.git","type":"git","reference":"8cd4f402a0c7d8933c919c82bcebaaad30f686eb"},"dist":{"url":"https://api.github.com/repos/MyIntervals/PHP-CSS-Parser/zipball/8cd4f402a0c7d8933c919c82bcebaaad30f686eb","type":"zip","shasum":"","reference":"8cd4f402a0c7d8933c919c82bcebaaad30f686eb"},"support":{"issues":"https://github.com/MyIntervals/PHP-CSS-Parser/issues","source":"https://github.com/MyIntervals/PHP-CSS-Parser/tree/5.1.0"},"time":"2013-10-23T22:25:07+00:00"},{"version":"5.0.9","version_normalized":"5.0.9.0","source":{"url":"https://github.com/MyIntervals/PHP-CSS-Parser.git","type":"git","reference":"8950480d878836f7416070947b28c157dbd20988"},"dist":{"url":"https://api.github.com/repos/MyIntervals/PHP-CSS-Parser/zipball/8950480d878836f7416070947b28c157dbd20988","type":"zip","shasum":"","reference":"8950480d878836f7416070947b28c157dbd20988"},"support":{"issues":"https://github.com/MyIntervals/PHP-CSS-Parser/issues","source":"https://github.com/MyIntervals/PHP-CSS-Parser/tree/5.0.9"},"time":"2020-06-01T09:05:22+00:00"},{"version":"5.0.8","version_normalized":"5.0.8.0","source":{"url":"https://github.com/MyIntervals/PHP-CSS-Parser.git","type":"git","reference":"8457832af1310d5f58285c475609c5a064f68a9b"},"dist":{"url":"https://api.github.com/repos/MyIntervals/PHP-CSS-Parser/zipball/8457832af1310d5f58285c475609c5a064f68a9b","type":"zip","shasum":"","reference":"8457832af1310d5f58285c475609c5a064f68a9b"},"support":{"issues":"https://github.com/MyIntervals/PHP-CSS-Parser/issues","source":"https://github.com/MyIntervals/PHP-CSS-Parser/tree/5.0.8"},"time":"2013-08-15T15:10:29+00:00"},{"version":"5.0.7","version_normalized":"5.0.7.0","source":{"url":"https://github.com/MyIntervals/PHP-CSS-Parser.git","type":"git","reference":"4af4aff6508d4e9d92e2e84ac9ba0eb45bf2994b"},"dist":{"url":"https://api.github.com/repos/MyIntervals/PHP-CSS-Parser/zipball/4af4aff6508d4e9d92e2e84ac9ba0eb45bf2994b","type":"zip","shasum":"","reference":"4af4aff6508d4e9d92e2e84ac9ba0eb45bf2994b"},"support":{"issues":"https://github.com/MyIntervals/PHP-CSS-Parser/issues","source":"https://github.com/MyIntervals/PHP-CSS-Parser/tree/5.0.7"},"time":"2013-08-04T11:01:41+00:00"},{"version":"5.0.6","version_normalized":"5.0.6.0","source":{"url":"https://github.com/MyIntervals/PHP-CSS-Parser.git","type":"git","reference":"ceb263cab27c5ddc9a54f8700148e53e84d06ed3"},"dist":{"url":"https://api.github.com/repos/MyIntervals/PHP-CSS-Parser/zipball/ceb263cab27c5ddc9a54f8700148e53e84d06ed3","type":"zip","shasum":"","reference":"ceb263cab27c5ddc9a54f8700148e53e84d06ed3"},"support":{"issues":"https://github.com/MyIntervals/PHP-CSS-Parser/issues","source":"https://github.com/MyIntervals/PHP-CSS-Parser/tree/5.0.6"},"time":"2013-05-31T16:49:14+00:00"},{"version":"5.0.5","version_normalized":"5.0.5.0","source":{"url":"https://github.com/MyIntervals/PHP-CSS-Parser.git","type":"git","reference":"ee5073f6a04b77ad3f06061af8990221303d6e07"},"dist":{"url":"https://api.github.com/repos/MyIntervals/PHP-CSS-Parser/zipball/ee5073f6a04b77ad3f06061af8990221303d6e07","type":"zip","shasum":"","reference":"ee5073f6a04b77ad3f06061af8990221303d6e07"},"support":{"issues":"https://github.com/MyIntervals/PHP-CSS-Parser/issues","source":"https://github.com/MyIntervals/PHP-CSS-Parser/tree/5.0.5"},"time":"2013-04-17T18:24:07+00:00"},{"version":"5.0.4","version_normalized":"5.0.4.0","source":{"url":"https://github.com/MyIntervals/PHP-CSS-Parser.git","type":"git","reference":"9dee32afe4d3cc9b6868c1e5472b5c54174f4384"},"dist":{"url":"https://api.github.com/repos/MyIntervals/PHP-CSS-Parser/zipball/9dee32afe4d3cc9b6868c1e5472b5c54174f4384","type":"zip","shasum":"","reference":"9dee32afe4d3cc9b6868c1e5472b5c54174f4384"},"support":{"issues":"https://github.com/MyIntervals/PHP-CSS-Parser/issues","source":"https://github.com/MyIntervals/PHP-CSS-Parser/tree/5.0.4"},"time":"2013-03-21T21:47:56+00:00"},{"version":"5.0.3","version_normalized":"5.0.3.0","source":{"url":"https://github.com/MyIntervals/PHP-CSS-Parser.git","type":"git","reference":"34fcc748a57ca601eb5dcc811c290a07a6def8bd"},"dist":{"url":"https://api.github.com/repos/MyIntervals/PHP-CSS-Parser/zipball/34fcc748a57ca601eb5dcc811c290a07a6def8bd","type":"zip","shasum":"","reference":"34fcc748a57ca601eb5dcc811c290a07a6def8bd"},"support":{"issues":"https://github.com/MyIntervals/PHP-CSS-Parser/issues","source":"https://github.com/MyIntervals/PHP-CSS-Parser/tree/5.0.3"},"time":"2013-03-21T19:14:28+00:00"},{"version":"5.0.2","version_normalized":"5.0.2.0","source":{"url":"https://github.com/MyIntervals/PHP-CSS-Parser.git","type":"git","reference":"7ecf8a826d207b5922dc747e95ef6d6df6d983e3"},"dist":{"url":"https://api.github.com/repos/MyIntervals/PHP-CSS-Parser/zipball/7ecf8a826d207b5922dc747e95ef6d6df6d983e3","type":"zip","shasum":"","reference":"7ecf8a826d207b5922dc747e95ef6d6df6d983e3"},"support":{"issues":"https://github.com/MyIntervals/PHP-CSS-Parser/issues","source":"https://github.com/MyIntervals/PHP-CSS-Parser/tree/5.0.2"},"time":"2013-03-21T12:26:54+00:00"},{"version":"5.0.1","version_normalized":"5.0.1.0","source":{"url":"https://github.com/MyIntervals/PHP-CSS-Parser.git","type":"git","reference":"21b60b466ede8b9d7f21697d4f3fd517a4c0b30b"},"dist":{"url":"https://api.github.com/repos/MyIntervals/PHP-CSS-Parser/zipball/21b60b466ede8b9d7f21697d4f3fd517a4c0b30b","type":"zip","shasum":"","reference":"21b60b466ede8b9d7f21697d4f3fd517a4c0b30b"},"support":{"issues":"https://github.com/MyIntervals/PHP-CSS-Parser/issues","source":"https://github.com/MyIntervals/PHP-CSS-Parser/tree/5.0.1"},"time":"2013-03-20T11:25:31+00:00"},{"version":"5.0.0","version_normalized":"5.0.0.0","source":{"url":"https://github.com/MyIntervals/PHP-CSS-Parser.git","type":"git","reference":"180786a3e9a6637e77ba9b8f5c032aef5fbfb09b"},"dist":{"url":"https://api.github.com/repos/MyIntervals/PHP-CSS-Parser/zipball/180786a3e9a6637e77ba9b8f5c032aef5fbfb09b","type":"zip","shasum":"","reference":"180786a3e9a6637e77ba9b8f5c032aef5fbfb09b"},"support":{"issues":"https://github.com/MyIntervals/PHP-CSS-Parser/issues","source":"https://github.com/MyIntervals/PHP-CSS-Parser/tree/5.0.0"},"time":"2013-03-20T10:42:12+00:00"},{"version":"4.0.1","version_normalized":"4.0.1.0","source":{"url":"https://github.com/MyIntervals/PHP-CSS-Parser.git","type":"git","reference":"a5b292281789b6680561a8df336f8ddb1ce946f1"},"dist":{"url":"https://api.github.com/repos/MyIntervals/PHP-CSS-Parser/zipball/a5b292281789b6680561a8df336f8ddb1ce946f1","type":"zip","shasum":"","reference":"a5b292281789b6680561a8df336f8ddb1ce946f1"},"support":{"issues":"https://github.com/MyIntervals/PHP-CSS-Parser/issues","source":"https://github.com/MyIntervals/PHP-CSS-Parser/tree/4.0.1"},"time":"2020-06-01T09:04:43+00:00"},{"version":"4.0.0","version_normalized":"4.0.0.0","source":{"url":"https://github.com/MyIntervals/PHP-CSS-Parser.git","type":"git","reference":"a80739fe486402601373439e387f7c6409a313cd"},"dist":{"url":"https://api.github.com/repos/MyIntervals/PHP-CSS-Parser/zipball/a80739fe486402601373439e387f7c6409a313cd","type":"zip","shasum":"","reference":"a80739fe486402601373439e387f7c6409a313cd"},"support":{"issues":"https://github.com/MyIntervals/PHP-CSS-Parser/issues","source":"https://github.com/MyIntervals/PHP-CSS-Parser/tree/4.0.0"},"time":"2013-03-19T09:11:25+00:00"},{"version":"3.0.1","version_normalized":"3.0.1.0","source":{"url":"https://github.com/MyIntervals/PHP-CSS-Parser.git","type":"git","reference":"e3e75d1ed4d957d7f1fd7e2c1818a0348578f226"},"dist":{"url":"https://api.github.com/repos/MyIntervals/PHP-CSS-Parser/zipball/e3e75d1ed4d957d7f1fd7e2c1818a0348578f226","type":"zip","shasum":"","reference":"e3e75d1ed4d957d7f1fd7e2c1818a0348578f226"},"support":{"issues":"https://github.com/MyIntervals/PHP-CSS-Parser/issues","source":"https://github.com/MyIntervals/PHP-CSS-Parser/tree/3.0.1"},"time":"2020-06-01T09:04:07+00:00"},{"version":"3.0.0","version_normalized":"3.0.0.0","source":{"url":"https://github.com/MyIntervals/PHP-CSS-Parser.git","type":"git","reference":"2638708b022a535ce5793fccd3dd29eb08744cf4"},"dist":{"url":"https://api.github.com/repos/MyIntervals/PHP-CSS-Parser/zipball/2638708b022a535ce5793fccd3dd29eb08744cf4","type":"zip","shasum":"","reference":"2638708b022a535ce5793fccd3dd29eb08744cf4"},"support":{"issues":"https://github.com/MyIntervals/PHP-CSS-Parser/issues","source":"https://github.com/MyIntervals/PHP-CSS-Parser/tree/3.0.0"},"time":"2013-03-06T14:46:41+00:00"},{"version":"2.0.1","version_normalized":"2.0.1.0","source":{"url":"https://github.com/MyIntervals/PHP-CSS-Parser.git","type":"git","reference":"3e1e88887912ea89687b3b7d1ea817033ce86a4e"},"dist":{"url":"https://api.github.com/repos/MyIntervals/PHP-CSS-Parser/zipball/3e1e88887912ea89687b3b7d1ea817033ce86a4e","type":"zip","shasum":"","reference":"3e1e88887912ea89687b3b7d1ea817033ce86a4e"},"support":{"issues":"https://github.com/MyIntervals/PHP-CSS-Parser/issues","source":"https://github.com/MyIntervals/PHP-CSS-Parser/tree/2.0.1"},"time":"2020-06-01T09:03:41+00:00"},{"version":"2.0.0","version_normalized":"2.0.0.0","source":{"url":"https://github.com/MyIntervals/PHP-CSS-Parser.git","type":"git","reference":"759cb87b13f6e16b4ad42a89c206121c148d7504"},"dist":{"url":"https://api.github.com/repos/MyIntervals/PHP-CSS-Parser/zipball/759cb87b13f6e16b4ad42a89c206121c148d7504","type":"zip","shasum":"","reference":"759cb87b13f6e16b4ad42a89c206121c148d7504"},"support":{"issues":"https://github.com/MyIntervals/PHP-CSS-Parser/issues","source":"https://github.com/MyIntervals/PHP-CSS-Parser/tree/2.0.0"},"time":"2013-01-29T11:31:30+00:00"},{"version":"1.0.1","version_normalized":"1.0.1.0","source":{"url":"https://github.com/MyIntervals/PHP-CSS-Parser.git","type":"git","reference":"2ebf59e8bfbf6cfc1653a5f0ed743b95062c62a4"},"dist":{"url":"https://api.github.com/repos/MyIntervals/PHP-CSS-Parser/zipball/2ebf59e8bfbf6cfc1653a5f0ed743b95062c62a4","type":"zip","shasum":"","reference":"2ebf59e8bfbf6cfc1653a5f0ed743b95062c62a4"},"support":{"issues":"https://github.com/MyIntervals/PHP-CSS-Parser/issues","source":"https://github.com/MyIntervals/PHP-CSS-Parser/tree/1.0.1"},"time":"2020-06-01T09:03:20+00:00"},{"version":"1.0.0","version_normalized":"1.0.0.0","source":{"url":"https://github.com/MyIntervals/PHP-CSS-Parser.git","type":"git","reference":"3ea17f314aab754c9d8d29f8b8ce0c1836f4671d"},"dist":{"url":"https://api.github.com/repos/MyIntervals/PHP-CSS-Parser/zipball/3ea17f314aab754c9d8d29f8b8ce0c1836f4671d","type":"zip","shasum":"","reference":"3ea17f314aab754c9d8d29f8b8ce0c1836f4671d"},"support":{"issues":"https://github.com/MyIntervals/PHP-CSS-Parser/issues","source":"https://github.com/MyIntervals/PHP-CSS-Parser/tree/1.0.0"},"time":"2012-12-12T07:12:22+00:00"}]},"security-advisories":[{"advisoryId":"PKSA-2b5y-mhcw-mt5g","affectedVersions":">=8.3.0,<8.3.1|>=8.2.0,<8.2.1|>=8.1.0,<8.1.1|>=8.0.0,<8.0.1|>=7.0.0,<7.0.4|>=6.0.0,<6.0.2|>=5.2.0,<5.2.1|>=5.1.0,<5.1.3|>=5.0.0,<5.0.9|>=4.0.0,<4.0.1|>=3.0.0,<3.0.1|>=2.0.0,<2.0.1|>=1.0.0,<1.0.1"}],"last-modified":"Sun, 23 Mar 2025 19:03:46 GMT"}