{"minified":"composer/2.0","packages":{"barryvdh/laravel-dompdf":[{"name":"barryvdh/laravel-dompdf","description":"A DOMPDF Wrapper for Laravel","keywords":["pdf","laravel","dompdf"],"homepage":"","version":"v3.1.1","version_normalized":"3.1.1.0","license":["MIT"],"authors":[{"name":"Barry vd. Heuvel","email":"barryvdh@gmail.com"}],"source":{"url":"https://github.com/barryvdh/laravel-dompdf.git","type":"git","reference":"8e71b99fc53bb8eb77f316c3c452dd74ab7cb25d"},"dist":{"url":"https://api.github.com/repos/barryvdh/laravel-dompdf/zipball/8e71b99fc53bb8eb77f316c3c452dd74ab7cb25d","type":"zip","shasum":"","reference":"8e71b99fc53bb8eb77f316c3c452dd74ab7cb25d"},"type":"library","support":{"issues":"https://github.com/barryvdh/laravel-dompdf/issues","source":"https://github.com/barryvdh/laravel-dompdf/tree/v3.1.1"},"funding":[{"url":"https://fruitcake.nl","type":"custom"},{"url":"https://github.com/barryvdh","type":"github"}],"time":"2025-02-13T15:07:54+00:00","autoload":{"psr-4":{"Barryvdh\\DomPDF\\":"src"}},"extra":{"laravel":{"aliases":{"PDF":"Barryvdh\\DomPDF\\Facade\\Pdf","Pdf":"Barryvdh\\DomPDF\\Facade\\Pdf"},"providers":["Barryvdh\\DomPDF\\ServiceProvider"]},"branch-alias":{"dev-master":"3.0-dev"}},"require":{"php":"^8.1","dompdf/dompdf":"^3.0","illuminate/support":"^9|^10|^11|^12"},"require-dev":{"orchestra/testbench":"^7|^8|^9|^10","squizlabs/php_codesniffer":"^3.5","phpro/grumphp":"^2.5","larastan/larastan":"^2.7|^3.0"}},{"version":"v3.1.0","version_normalized":"3.1.0.0","source":{"url":"https://github.com/barryvdh/laravel-dompdf.git","type":"git","reference":"8d698b4aec2be91fe1e47ba71ba258acbf23357d"},"dist":{"url":"https://api.github.com/repos/barryvdh/laravel-dompdf/zipball/8d698b4aec2be91fe1e47ba71ba258acbf23357d","type":"zip","shasum":"","reference":"8d698b4aec2be91fe1e47ba71ba258acbf23357d"},"support":{"issues":"https://github.com/barryvdh/laravel-dompdf/issues","source":"https://github.com/barryvdh/laravel-dompdf/tree/v3.1.0"},"time":"2025-01-21T20:24:00+00:00","require":{"php":"^8.1","dompdf/dompdf":"^3.0","illuminate/support":"^9|^10|^11"},"require-dev":{"orchestra/testbench":"^7|^8|^9","squizlabs/php_codesniffer":"^3.5","phpro/grumphp":"^2.5","larastan/larastan":"^2.7.0"}},{"version":"v3.0.1","version_normalized":"3.0.1.0","source":{"url":"https://github.com/barryvdh/laravel-dompdf.git","type":"git","reference":"d2b3a158ba6e6c0fbb97208aa37dc764642ce5d5"},"dist":{"url":"https://api.github.com/repos/barryvdh/laravel-dompdf/zipball/d2b3a158ba6e6c0fbb97208aa37dc764642ce5d5","type":"zip","shasum":"","reference":"d2b3a158ba6e6c0fbb97208aa37dc764642ce5d5"},"support":{"issues":"https://github.com/barryvdh/laravel-dompdf/issues","source":"https://github.com/barryvdh/laravel-dompdf/tree/v3.0.1"},"time":"2024-10-30T10:10:17+00:00"},{"version":"v3.0.0","version_normalized":"3.0.0.0","source":{"url":"https://github.com/barryvdh/laravel-dompdf.git","type":"git","reference":"2d814cd25e299be022a4fa0fb4509d7ccd353d8a"},"dist":{"url":"https://api.github.com/repos/barryvdh/laravel-dompdf/zipball/2d814cd25e299be022a4fa0fb4509d7ccd353d8a","type":"zip","shasum":"","reference":"2d814cd25e299be022a4fa0fb4509d7ccd353d8a"},"support":{"issues":"https://github.com/barryvdh/laravel-dompdf/issues","source":"https://github.com/barryvdh/laravel-dompdf/tree/v3.0.0"},"time":"2024-07-31T14:45:16+00:00"},{"version":"v3.0.0-beta2","version_normalized":"3.0.0.0-beta2","source":{"url":"https://github.com/barryvdh/laravel-dompdf.git","type":"git","reference":"d7ccbc3af7f52fec496bc4aebd099f917b1d2a57"},"dist":{"url":"https://api.github.com/repos/barryvdh/laravel-dompdf/zipball/d7ccbc3af7f52fec496bc4aebd099f917b1d2a57","type":"zip","shasum":"","reference":"d7ccbc3af7f52fec496bc4aebd099f917b1d2a57"},"support":{"issues":"https://github.com/barryvdh/laravel-dompdf/issues","source":"https://github.com/barryvdh/laravel-dompdf/tree/v3.0.0-beta2"},"time":"2024-05-28T11:02:53+00:00"},{"version":"v3.0.0-beta1","version_normalized":"3.0.0.0-beta1","source":{"url":"https://github.com/barryvdh/laravel-dompdf.git","type":"git","reference":"406e56aa0133447d05f1670599bceee94dabec6c"},"dist":{"url":"https://api.github.com/repos/barryvdh/laravel-dompdf/zipball/406e56aa0133447d05f1670599bceee94dabec6c","type":"zip","shasum":"","reference":"406e56aa0133447d05f1670599bceee94dabec6c"},"support":{"issues":"https://github.com/barryvdh/laravel-dompdf/issues","source":"https://github.com/barryvdh/laravel-dompdf/tree/v3.0.0-beta1"},"time":"2024-05-13T13:13:02+00:00"},{"version":"v2.2.0","version_normalized":"2.2.0.0","source":{"url":"https://github.com/barryvdh/laravel-dompdf.git","type":"git","reference":"c96f90c97666cebec154ca1ffb67afed372114d8"},"dist":{"url":"https://api.github.com/repos/barryvdh/laravel-dompdf/zipball/c96f90c97666cebec154ca1ffb67afed372114d8","type":"zip","shasum":"","reference":"c96f90c97666cebec154ca1ffb67afed372114d8"},"support":{"issues":"https://github.com/barryvdh/laravel-dompdf/issues","source":"https://github.com/barryvdh/laravel-dompdf/tree/v2.2.0"},"time":"2024-04-25T13:16:04+00:00","extra":{"laravel":{"aliases":{"PDF":"Barryvdh\\DomPDF\\Facade\\Pdf","Pdf":"Barryvdh\\DomPDF\\Facade\\Pdf"},"providers":["Barryvdh\\DomPDF\\ServiceProvider"]},"branch-alias":{"dev-master":"2.0-dev"}},"require":{"php":"^7.2 || ^8.0","dompdf/dompdf":"^2.0.7","illuminate/support":"^6|^7|^8|^9|^10|^11"},"require-dev":{"orchestra/testbench":"^4|^5|^6|^7|^8|^9","squizlabs/php_codesniffer":"^3.5","phpro/grumphp":"^1 || ^2.5","larastan/larastan":"^1.0|^2.7.0"}},{"version":"v2.1.1","version_normalized":"2.1.1.0","source":{"url":"https://github.com/barryvdh/laravel-dompdf.git","type":"git","reference":"cb37868365f9b937039d316727a1fced1e87b31c"},"dist":{"url":"https://api.github.com/repos/barryvdh/laravel-dompdf/zipball/cb37868365f9b937039d316727a1fced1e87b31c","type":"zip","shasum":"","reference":"cb37868365f9b937039d316727a1fced1e87b31c"},"support":{"issues":"https://github.com/barryvdh/laravel-dompdf/issues","source":"https://github.com/barryvdh/laravel-dompdf/tree/v2.1.1"},"time":"2024-03-15T12:48:39+00:00","require":{"php":"^7.2 || ^8.0","dompdf/dompdf":"^2.0.3","illuminate/support":"^6|^7|^8|^9|^10|^11"}},{"version":"v2.1.0","version_normalized":"2.1.0.0","source":{"url":"https://github.com/barryvdh/laravel-dompdf.git","type":"git","reference":"c8b8a8490e5f7348cf99054821fb248f103e7d24"},"dist":{"url":"https://api.github.com/repos/barryvdh/laravel-dompdf/zipball/c8b8a8490e5f7348cf99054821fb248f103e7d24","type":"zip","shasum":"","reference":"c8b8a8490e5f7348cf99054821fb248f103e7d24"},"support":{"issues":"https://github.com/barryvdh/laravel-dompdf/issues","source":"https://github.com/barryvdh/laravel-dompdf/tree/v2.1.0"},"time":"2024-03-04T08:18:20+00:00"},{"version":"v2.0.1","version_normalized":"2.0.1.0","source":{"url":"https://github.com/barryvdh/laravel-dompdf.git","type":"git","reference":"9843d2be423670fb434f4c978b3c0f4dd92c87a6"},"dist":{"url":"https://api.github.com/repos/barryvdh/laravel-dompdf/zipball/9843d2be423670fb434f4c978b3c0f4dd92c87a6","type":"zip","shasum":"","reference":"9843d2be423670fb434f4c978b3c0f4dd92c87a6"},"support":{"issues":"https://github.com/barryvdh/laravel-dompdf/issues","source":"https://github.com/barryvdh/laravel-dompdf/tree/v2.0.1"},"time":"2023-01-12T15:12:49+00:00","require":{"php":"^7.2 || ^8.0","dompdf/dompdf":"^2.0.1","illuminate/support":"^6|^7|^8|^9|^10"},"require-dev":{"orchestra/testbench":"^4|^5|^6|^7|^8","squizlabs/php_codesniffer":"^3.5","phpro/grumphp":"^1","nunomaduro/larastan":"^1|^2"}},{"version":"v2.0.0","version_normalized":"2.0.0.0","source":{"url":"https://github.com/barryvdh/laravel-dompdf.git","type":"git","reference":"1d47648c6cef37f715ecb8bcc5f5a656ad372e27"},"dist":{"url":"https://api.github.com/repos/barryvdh/laravel-dompdf/zipball/1d47648c6cef37f715ecb8bcc5f5a656ad372e27","type":"zip","shasum":"","reference":"1d47648c6cef37f715ecb8bcc5f5a656ad372e27"},"support":{"issues":"https://github.com/barryvdh/laravel-dompdf/issues","source":"https://github.com/barryvdh/laravel-dompdf/tree/v2.0.0"},"time":"2022-07-06T11:12:10+00:00","require":{"php":"^7.2 || ^8.0","dompdf/dompdf":"^2","illuminate/support":"^6|^7|^8|^9"},"require-dev":{"orchestra/testbench":"^4|^5|^6|^7","squizlabs/php_codesniffer":"^3.5","phpro/grumphp":"^1","nunomaduro/larastan":"^1|^2"}},{"version":"v2.0.0-rc1","version_normalized":"2.0.0.0-RC1","support":{"issues":"https://github.com/barryvdh/laravel-dompdf/issues","source":"https://github.com/barryvdh/laravel-dompdf/tree/v2.0.0-rc1"}},{"version":"v2.0.0-beta3","version_normalized":"2.0.0.0-beta3","source":{"url":"https://github.com/barryvdh/laravel-dompdf.git","type":"git","reference":"a230bdf071f09ed547fae6adade2df73632417ca"},"dist":{"url":"https://api.github.com/repos/barryvdh/laravel-dompdf/zipball/a230bdf071f09ed547fae6adade2df73632417ca","type":"zip","shasum":"","reference":"a230bdf071f09ed547fae6adade2df73632417ca"},"support":{"issues":"https://github.com/barryvdh/laravel-dompdf/issues","source":"https://github.com/barryvdh/laravel-dompdf/tree/v2.0.0-beta3"},"time":"2022-07-06T11:02:26+00:00"},{"version":"v2.0.0-beta2","version_normalized":"2.0.0.0-beta2","source":{"url":"https://github.com/barryvdh/laravel-dompdf.git","type":"git","reference":"3c94042e00df5835a1636b478e3ec8a82b8cdfd9"},"dist":{"url":"https://api.github.com/repos/barryvdh/laravel-dompdf/zipball/3c94042e00df5835a1636b478e3ec8a82b8cdfd9","type":"zip","shasum":"","reference":"3c94042e00df5835a1636b478e3ec8a82b8cdfd9"},"support":{"issues":"https://github.com/barryvdh/laravel-dompdf/issues","source":"https://github.com/barryvdh/laravel-dompdf/tree/v2.0.0-beta2"},"time":"2022-06-26T07:00:09+00:00","extra":{"laravel":{"aliases":{"PDF":"Barryvdh\\DomPDF\\Facade\\Pdf"},"providers":["Barryvdh\\DomPDF\\ServiceProvider"]},"branch-alias":{"dev-master":"2.0-dev"}}},{"version":"v2.0.0-beta1","version_normalized":"2.0.0.0-beta1","source":{"url":"https://github.com/barryvdh/laravel-dompdf.git","type":"git","reference":"00443b33aff68f9e996de536c8f62735c4042131"},"dist":{"url":"https://api.github.com/repos/barryvdh/laravel-dompdf/zipball/00443b33aff68f9e996de536c8f62735c4042131","type":"zip","shasum":"","reference":"00443b33aff68f9e996de536c8f62735c4042131"},"support":{"issues":"https://github.com/barryvdh/laravel-dompdf/issues","source":"https://github.com/barryvdh/laravel-dompdf/tree/v2.0.0-beta1"},"time":"2022-06-26T06:49:01+00:00"},{"version":"v1.0.2","version_normalized":"1.0.2.0","source":{"url":"https://github.com/barryvdh/laravel-dompdf.git","type":"git","reference":"de83130d029289e1b59f28b41c314ce1d157b4a0"},"dist":{"url":"https://api.github.com/repos/barryvdh/laravel-dompdf/zipball/de83130d029289e1b59f28b41c314ce1d157b4a0","type":"zip","shasum":"","reference":"de83130d029289e1b59f28b41c314ce1d157b4a0"},"support":{"issues":"https://github.com/barryvdh/laravel-dompdf/issues","source":"https://github.com/barryvdh/laravel-dompdf/tree/v1.0.2"},"time":"2022-05-19T15:08:38+00:00","extra":{"laravel":{"aliases":{"PDF":"Barryvdh\\DomPDF\\Facade\\Pdf"},"providers":["Barryvdh\\DomPDF\\ServiceProvider"]},"branch-alias":{"dev-master":"1.0-dev"}},"require":{"php":"^7.2 || ^8.0","dompdf/dompdf":"^1.2.1","illuminate/support":"^6|^7|^8|^9"}},{"version":"v1.0.1","version_normalized":"1.0.1.0","source":{"url":"https://github.com/barryvdh/laravel-dompdf.git","type":"git","reference":"91ed300f860110214f67b3eeb456387bd926c29b"},"dist":{"url":"https://api.github.com/repos/barryvdh/laravel-dompdf/zipball/91ed300f860110214f67b3eeb456387bd926c29b","type":"zip","shasum":"","reference":"91ed300f860110214f67b3eeb456387bd926c29b"},"support":{"issues":"https://github.com/barryvdh/laravel-dompdf/issues","source":"https://github.com/barryvdh/laravel-dompdf/tree/v1.0.1"},"time":"2022-05-18T21:46:53+00:00"},{"version":"v1.0.0","version_normalized":"1.0.0.0","source":{"url":"https://github.com/barryvdh/laravel-dompdf.git","type":"git","reference":"e3f429e97087b2ef19b83e5ed313f080f2477685"},"dist":{"url":"https://api.github.com/repos/barryvdh/laravel-dompdf/zipball/e3f429e97087b2ef19b83e5ed313f080f2477685","type":"zip","shasum":"","reference":"e3f429e97087b2ef19b83e5ed313f080f2477685"},"support":{"issues":"https://github.com/barryvdh/laravel-dompdf/issues","source":"https://github.com/barryvdh/laravel-dompdf/tree/v1.0.0"},"time":"2022-01-29T08:02:59+00:00","require":{"php":"^7.2 || ^8.0","dompdf/dompdf":"^1","illuminate/support":"^6|^7|^8|^9"}},{"version":"v1.0.0-beta2","version_normalized":"1.0.0.0-beta2","source":{"url":"https://github.com/barryvdh/laravel-dompdf.git","type":"git","reference":"b14b0b819e5af6a5f9b1f66550a97502db6fa396"},"dist":{"url":"https://api.github.com/repos/barryvdh/laravel-dompdf/zipball/b14b0b819e5af6a5f9b1f66550a97502db6fa396","type":"zip","shasum":"","reference":"b14b0b819e5af6a5f9b1f66550a97502db6fa396"},"support":{"issues":"https://github.com/barryvdh/laravel-dompdf/issues","source":"https://github.com/barryvdh/laravel-dompdf/tree/v1.0.0-beta2"},"time":"2022-01-29T07:35:07+00:00","require-dev":{"orchestra/testbench":"^4|^5|^6","squizlabs/php_codesniffer":"^3.5","phpro/grumphp":"^1","nunomaduro/larastan":"^0.7.10"}},{"version":"v1.0.0-beta1","version_normalized":"1.0.0.0-beta1","source":{"url":"https://github.com/barryvdh/laravel-dompdf.git","type":"git","reference":"7a26d360ba71b5b7adfbd66def5ccc6e3961b3c3"},"dist":{"url":"https://api.github.com/repos/barryvdh/laravel-dompdf/zipball/7a26d360ba71b5b7adfbd66def5ccc6e3961b3c3","type":"zip","shasum":"","reference":"7a26d360ba71b5b7adfbd66def5ccc6e3961b3c3"},"support":{"issues":"https://github.com/barryvdh/laravel-dompdf/issues","source":"https://github.com/barryvdh/laravel-dompdf/tree/v1.0.0-beta1"},"time":"2021-07-13T08:30:34+00:00","extra":{"laravel":{"aliases":{"PDF":"Barryvdh\\DomPDF\\Facade"},"providers":["Barryvdh\\DomPDF\\ServiceProvider"]},"branch-alias":{"dev-master":"1.0-dev"}},"require":{"php":"^7.2 || ^8.0","dompdf/dompdf":"^1","illuminate/support":"^6|^7|^8"},"require-dev":{"orchestra/testbench":"^4|^5|^6","squizlabs/php_codesniffer":"^3.5","phpro/grumphp":"^1"}},{"version":"v0.9.0","version_normalized":"0.9.0.0","source":{"url":"https://github.com/barryvdh/laravel-dompdf.git","type":"git","reference":"5b99e1f94157d74e450f4c97e8444fcaffa2144b"},"dist":{"url":"https://api.github.com/repos/barryvdh/laravel-dompdf/zipball/5b99e1f94157d74e450f4c97e8444fcaffa2144b","type":"zip","shasum":"","reference":"5b99e1f94157d74e450f4c97e8444fcaffa2144b"},"support":{"issues":"https://github.com/barryvdh/laravel-dompdf/issues","source":"https://github.com/barryvdh/laravel-dompdf/tree/v0.9.0"},"funding":[{"url":"https://github.com/barryvdh","type":"github"}],"time":"2020-12-27T12:05:53+00:00","extra":{"laravel":{"aliases":{"PDF":"Barryvdh\\DomPDF\\Facade"},"providers":["Barryvdh\\DomPDF\\ServiceProvider"]},"branch-alias":{"dev-master":"0.9-dev"}},"require":{"php":"^7.1 || ^8.0","illuminate/support":"^5.5|^6|^7|^8","dompdf/dompdf":"^1"},"require-dev":"__unset"},{"version":"v0.8.7","version_normalized":"0.8.7.0","source":{"url":"https://github.com/barryvdh/laravel-dompdf.git","type":"git","reference":"30310e0a675462bf2aa9d448c8dcbf57fbcc517d"},"dist":{"url":"https://api.github.com/repos/barryvdh/laravel-dompdf/zipball/30310e0a675462bf2aa9d448c8dcbf57fbcc517d","type":"zip","shasum":"","reference":"30310e0a675462bf2aa9d448c8dcbf57fbcc517d"},"support":{"issues":"https://github.com/barryvdh/laravel-dompdf/issues","source":"https://github.com/barryvdh/laravel-dompdf/tree/master"},"time":"2020-09-07T11:50:18+00:00","extra":{"laravel":{"aliases":{"PDF":"Barryvdh\\DomPDF\\Facade"},"providers":["Barryvdh\\DomPDF\\ServiceProvider"]},"branch-alias":{"dev-master":"0.8-dev"}},"require":{"php":">=7","illuminate/support":"^5.5|^6|^7|^8","dompdf/dompdf":"^0.8"}},{"version":"v0.8.6","version_normalized":"0.8.6.0","source":{"url":"https://github.com/barryvdh/laravel-dompdf.git","type":"git","reference":"d7108f78cf5254a2d8c224542967f133e5a6d4e8"},"dist":{"url":"https://api.github.com/repos/barryvdh/laravel-dompdf/zipball/d7108f78cf5254a2d8c224542967f133e5a6d4e8","type":"zip","shasum":"","reference":"d7108f78cf5254a2d8c224542967f133e5a6d4e8"},"support":{"issues":"https://github.com/barryvdh/laravel-dompdf/issues","source":"https://github.com/barryvdh/laravel-dompdf/tree/v0.8.6"},"funding":[],"time":"2020-02-25T20:44:34+00:00","require":{"php":">=7","illuminate/support":"^5.5|^6|^7","dompdf/dompdf":"^0.8"}},{"version":"v0.8.5","version_normalized":"0.8.5.0","source":{"url":"https://github.com/barryvdh/laravel-dompdf.git","type":"git","reference":"7393732b2f3a3ee357974cbb0c46c9b65b84dad1"},"dist":{"url":"https://api.github.com/repos/barryvdh/laravel-dompdf/zipball/7393732b2f3a3ee357974cbb0c46c9b65b84dad1","type":"zip","shasum":"","reference":"7393732b2f3a3ee357974cbb0c46c9b65b84dad1"},"support":{"issues":"https://github.com/barryvdh/laravel-dompdf/issues","source":"https://github.com/barryvdh/laravel-dompdf/tree/master"},"time":"2019-08-23T14:30:33+00:00","require":{"php":">=7","illuminate/support":"^5.5|^6","dompdf/dompdf":"^0.8"},"funding":"__unset"},{"version":"v0.8.4","version_normalized":"0.8.4.0","source":{"url":"https://github.com/barryvdh/laravel-dompdf.git","type":"git","reference":"3fd817065e1c820b1ddace8b2bf65ca45088df4f"},"dist":{"url":"https://api.github.com/repos/barryvdh/laravel-dompdf/zipball/3fd817065e1c820b1ddace8b2bf65ca45088df4f","type":"zip","shasum":"","reference":"3fd817065e1c820b1ddace8b2bf65ca45088df4f"},"time":"2019-02-26T18:07:43+00:00","require":{"php":">=7","illuminate/support":"5.5.x|5.6.x|5.7.x|5.8.x","dompdf/dompdf":"^0.8"}},{"version":"v0.8.3","version_normalized":"0.8.3.0","source":{"url":"https://github.com/barryvdh/laravel-dompdf.git","type":"git","reference":"46781d0304277845a19c09c169bc595fd182cce4"},"dist":{"url":"https://api.github.com/repos/barryvdh/laravel-dompdf/zipball/46781d0304277845a19c09c169bc595fd182cce4","type":"zip","shasum":"","reference":"46781d0304277845a19c09c169bc595fd182cce4"},"time":"2018-08-31T13:25:44+00:00","require":{"php":">=7","illuminate/support":"5.5.x|5.6.x|5.7.x","dompdf/dompdf":"^0.8"}},{"version":"v0.8.2","version_normalized":"0.8.2.0","source":{"url":"https://github.com/barryvdh/laravel-dompdf.git","type":"git","reference":"7dcdecfa125c174d0abe723603633dc2756ea3af"},"dist":{"url":"https://api.github.com/repos/barryvdh/laravel-dompdf/zipball/7dcdecfa125c174d0abe723603633dc2756ea3af","type":"zip","shasum":"","reference":"7dcdecfa125c174d0abe723603633dc2756ea3af"},"time":"2018-02-07T17:43:25+00:00","require":{"php":">=5.5.9","illuminate/support":"5.1.x|5.2.x|5.3.x|5.4.x|5.5.x|5.6.x","dompdf/dompdf":"^0.8"}},{"version":"v0.8.1","version_normalized":"0.8.1.0","source":{"url":"https://github.com/barryvdh/laravel-dompdf.git","type":"git","reference":"3b2235e589616331d68482d61b7763789a2600fe"},"dist":{"url":"https://api.github.com/repos/barryvdh/laravel-dompdf/zipball/3b2235e589616331d68482d61b7763789a2600fe","type":"zip","shasum":"","reference":"3b2235e589616331d68482d61b7763789a2600fe"},"time":"2017-07-29T19:01:17+00:00","require":{"php":">=5.5.9","illuminate/support":"5.1.x|5.2.x|5.3.x|5.4.x|5.5.x","dompdf/dompdf":"^0.8"}},{"version":"v0.8.0","version_normalized":"0.8.0.0","source":{"url":"https://github.com/barryvdh/laravel-dompdf.git","type":"git","reference":"22ee9cb8e0ac0d5f11633d1194280ab40b2bba1f"},"dist":{"url":"https://api.github.com/repos/barryvdh/laravel-dompdf/zipball/22ee9cb8e0ac0d5f11633d1194280ab40b2bba1f","type":"zip","shasum":"","reference":"22ee9cb8e0ac0d5f11633d1194280ab40b2bba1f"},"time":"2017-02-19T06:45:54+00:00","extra":{"branch-alias":{"dev-master":"0.8-dev"}},"require":{"php":">=5.5.9","illuminate/support":"5.1.x|5.2.x|5.3.x|5.4.x","dompdf/dompdf":"^0.8"}},{"version":"v0.7.1","version_normalized":"0.7.1.0","source":{"url":"https://github.com/barryvdh/laravel-dompdf.git","type":"git","reference":"6cb20d3f397d739163d2d743a4600009e52cd453"},"dist":{"url":"https://api.github.com/repos/barryvdh/laravel-dompdf/zipball/6cb20d3f397d739163d2d743a4600009e52cd453","type":"zip","shasum":"","reference":"6cb20d3f397d739163d2d743a4600009e52cd453"},"time":"2017-01-24T18:12:54+00:00","extra":{"branch-alias":{"dev-master":"0.7-dev"}},"require":{"php":">=5.5.9","illuminate/support":"5.1.x|5.2.x|5.3.x|5.4.x","dompdf/dompdf":"^0.7"}},{"version":"v0.7.0","version_normalized":"0.7.0.0","source":{"url":"https://github.com/barryvdh/laravel-dompdf.git","type":"git","reference":"9b8bd179262ad6b200a11edfe7b53516afcfc42a"},"dist":{"url":"https://api.github.com/repos/barryvdh/laravel-dompdf/zipball/9b8bd179262ad6b200a11edfe7b53516afcfc42a","type":"zip","shasum":"","reference":"9b8bd179262ad6b200a11edfe7b53516afcfc42a"},"time":"2016-08-17T08:17:33+00:00","require":{"php":">=5.5.9","illuminate/support":"5.1.x|5.2.x|5.3.x","dompdf/dompdf":"^0.7"}},{"version":"v0.6.1","version_normalized":"0.6.1.0","source":{"url":"https://github.com/barryvdh/laravel-dompdf.git","type":"git","reference":"b606788108833f7765801dca35455fb23ce9f869"},"dist":{"url":"https://api.github.com/repos/barryvdh/laravel-dompdf/zipball/b606788108833f7765801dca35455fb23ce9f869","type":"zip","shasum":"","reference":"b606788108833f7765801dca35455fb23ce9f869"},"time":"2015-12-21T19:51:22+00:00","extra":{"branch-alias":{"dev-master":"0.6-dev"}},"require":{"php":">=5.4.0","illuminate/support":"5.0.x|5.1.x|5.2.x","dompdf/dompdf":"0.6.*"}},{"version":"v0.6.0","version_normalized":"0.6.0.0","source":{"url":"https://github.com/barryvdh/laravel-dompdf.git","type":"git","reference":"6acded2b805cd1818dd31e47f971eedf51e15c30"},"dist":{"url":"https://api.github.com/repos/barryvdh/laravel-dompdf/zipball/6acded2b805cd1818dd31e47f971eedf51e15c30","type":"zip","shasum":"","reference":"6acded2b805cd1818dd31e47f971eedf51e15c30"},"time":"2015-06-11T12:54:07+00:00","require":{"php":">=5.4.0","illuminate/support":"5.0.x|5.1.x","dompdf/dompdf":"0.6.*"}},{"version":"v0.5.2","version_normalized":"0.5.2.0","source":{"url":"https://github.com/barryvdh/laravel-dompdf.git","type":"git","reference":"afd4df5b55c0730f9780d2a8bebcce6924fbd347"},"dist":{"url":"https://api.github.com/repos/barryvdh/laravel-dompdf/zipball/afd4df5b55c0730f9780d2a8bebcce6924fbd347","type":"zip","shasum":"","reference":"afd4df5b55c0730f9780d2a8bebcce6924fbd347"},"support":{"issues":"https://github.com/barryvdh/laravel-dompdf/issues","source":"https://github.com/barryvdh/laravel-dompdf/tree/0.5"},"time":"2015-06-11T12:45:33+00:00","extra":{"branch-alias":{"dev-master":"0.5-dev"}}},{"version":"v0.5.1","version_normalized":"0.5.1.0","source":{"url":"https://github.com/barryvdh/laravel-dompdf.git","type":"git","reference":"d92df33d386c48e706c94a0d4335071e62d8fce2"},"dist":{"url":"https://api.github.com/repos/barryvdh/laravel-dompdf/zipball/d92df33d386c48e706c94a0d4335071e62d8fce2","type":"zip","shasum":"","reference":"d92df33d386c48e706c94a0d4335071e62d8fce2"},"support":{"issues":"https://github.com/barryvdh/laravel-dompdf/issues","source":"https://github.com/barryvdh/laravel-dompdf/tree/master"},"time":"2015-05-25T12:12:13+00:00","extra":{"branch-alias":{"dev-master":"0.6-dev"}}},{"version":"v0.5.0","version_normalized":"0.5.0.0","source":{"url":"https://github.com/barryvdh/laravel-dompdf.git","type":"git","reference":"a8f72ed075b8a694e88f38a5ff3c05689fbe011e"},"dist":{"url":"https://api.github.com/repos/barryvdh/laravel-dompdf/zipball/a8f72ed075b8a694e88f38a5ff3c05689fbe011e","type":"zip","shasum":"","reference":"a8f72ed075b8a694e88f38a5ff3c05689fbe011e"},"time":"2015-02-04T10:04:35+00:00","extra":{"branch-alias":{"dev-master":"0.5-dev"}},"require":{"php":">=5.4.0","illuminate/support":"5.0.x","dompdf/dompdf":"0.6.*"}},{"version":"v0.4.6","version_normalized":"0.4.6.0","source":{"url":"https://github.com/barryvdh/laravel-dompdf.git","type":"git","reference":"9d45a1efc1a0669f502352f0fc6d08ce24efaad2"},"dist":{"url":"https://api.github.com/repos/barryvdh/laravel-dompdf/zipball/9d45a1efc1a0669f502352f0fc6d08ce24efaad2","type":"zip","shasum":"","reference":"9d45a1efc1a0669f502352f0fc6d08ce24efaad2"},"time":"2014-08-20T13:05:36+00:00","extra":{"branch-alias":{"dev-master":"0.4-dev"}},"require":{"php":">=5.3.0","illuminate/support":"~4.0","dompdf/dompdf":"0.6.*"}},{"version":"v0.4.5","version_normalized":"0.4.5.0","source":{"url":"https://github.com/barryvdh/laravel-dompdf.git","type":"git","reference":"763811108f3f0c0bfcf3e65fb4e5fdf2b71c036e"},"dist":{"url":"https://api.github.com/repos/barryvdh/laravel-dompdf/zipball/763811108f3f0c0bfcf3e65fb4e5fdf2b71c036e","type":"zip","shasum":"","reference":"763811108f3f0c0bfcf3e65fb4e5fdf2b71c036e"},"time":"2014-08-13T17:25:14+00:00"},{"version":"v0.4.4","version_normalized":"0.4.4.0","source":{"url":"https://github.com/barryvdh/laravel-dompdf.git","type":"git","reference":"e65b0f77ebb6eae156a313763d45b3e2ba5c5b9e"},"dist":{"url":"https://api.github.com/repos/barryvdh/laravel-dompdf/zipball/e65b0f77ebb6eae156a313763d45b3e2ba5c5b9e","type":"zip","shasum":"","reference":"e65b0f77ebb6eae156a313763d45b3e2ba5c5b9e"},"time":"2014-07-14T13:52:13+00:00","autoload":{"psr-0":{"Barryvdh\\DomPDF":"src/"}},"require":{"php":">=5.3.0","illuminate/support":"4.x","dompdf/dompdf":"0.6.x"},"extra":"__unset"},{"version":"v0.4.3","version_normalized":"0.4.3.0","source":{"url":"https://github.com/barryvdh/laravel-dompdf.git","type":"git","reference":"003fe9c5ef514b1f2d8d986d587d046fce6c3eb2"},"dist":{"url":"https://api.github.com/repos/barryvdh/laravel-dompdf/zipball/003fe9c5ef514b1f2d8d986d587d046fce6c3eb2","type":"zip","shasum":"","reference":"003fe9c5ef514b1f2d8d986d587d046fce6c3eb2"},"time":"2014-07-02T18:58:44+00:00"},{"version":"v0.4.2","version_normalized":"0.4.2.0","source":{"url":"https://github.com/barryvdh/laravel-dompdf.git","type":"git","reference":"8984282ca4b6ea28038c09e4b9546f635c550846"},"dist":{"url":"https://api.github.com/repos/barryvdh/laravel-dompdf/zipball/8984282ca4b6ea28038c09e4b9546f635c550846","type":"zip","shasum":"","reference":"8984282ca4b6ea28038c09e4b9546f635c550846"},"time":"2014-07-02T08:31:58+00:00"},{"version":"v0.4.1","version_normalized":"0.4.1.0","source":{"url":"https://github.com/barryvdh/laravel-dompdf.git","type":"git","reference":"5b715ff1d844c891d9f3cac382f60ace5159892c"},"dist":{"url":"https://api.github.com/repos/barryvdh/laravel-dompdf/zipball/5b715ff1d844c891d9f3cac382f60ace5159892c","type":"zip","shasum":"","reference":"5b715ff1d844c891d9f3cac382f60ace5159892c"},"time":"2014-07-02T07:06:20+00:00"},{"version":"v0.4.0","version_normalized":"0.4.0.0","source":{"url":"https://github.com/barryvdh/laravel-dompdf.git","type":"git","reference":"58a242100022470d4ac358e2e4f80f60464d2437"},"dist":{"url":"https://api.github.com/repos/barryvdh/laravel-dompdf/zipball/58a242100022470d4ac358e2e4f80f60464d2437","type":"zip","shasum":"","reference":"58a242100022470d4ac358e2e4f80f60464d2437"},"time":"2014-07-01T08:06:46+00:00"},{"version":"v0.3.1","version_normalized":"0.3.1.0","source":{"url":"https://github.com/barryvdh/laravel-dompdf.git","type":"git","reference":"4f16f55d3b700b25c9f62e38645aabb5804ecd6d"},"dist":{"url":"https://api.github.com/repos/barryvdh/laravel-dompdf/zipball/4f16f55d3b700b25c9f62e38645aabb5804ecd6d","type":"zip","shasum":"","reference":"4f16f55d3b700b25c9f62e38645aabb5804ecd6d"},"time":"2014-03-21T23:30:44+00:00"},{"version":"v0.3.0","version_normalized":"0.3.0.0","source":{"url":"https://github.com/barryvdh/laravel-dompdf.git","type":"git","reference":"e609ad21ed11f5397dd703a8033471097f09481a"},"dist":{"url":"https://api.github.com/repos/barryvdh/laravel-dompdf/zipball/e609ad21ed11f5397dd703a8033471097f09481a","type":"zip","shasum":"","reference":"e609ad21ed11f5397dd703a8033471097f09481a"},"time":"2014-02-13T12:38:09+00:00"},{"version":"v0.2.3","version_normalized":"0.2.3.0","source":{"url":"https://github.com/barryvdh/laravel-dompdf.git","type":"git","reference":"94b8c6bbf1817c883116fa29fbde8756972ef69e"},"dist":{"url":"https://api.github.com/repos/barryvdh/laravel-dompdf/zipball/94b8c6bbf1817c883116fa29fbde8756972ef69e","type":"zip","shasum":"","reference":"94b8c6bbf1817c883116fa29fbde8756972ef69e"},"time":"2014-01-31T07:49:43+00:00","require":{"php":">=5.3.0","illuminate/support":"4.x","dompdf/dompdf":"dev-master"}},{"version":"v0.2.2","version_normalized":"0.2.2.0","source":{"url":"https://github.com/barryvdh/laravel-dompdf.git","type":"git","reference":"30800138c5b542ddbe68692c29935896aa6c7cea"},"dist":{"url":"https://api.github.com/repos/barryvdh/laravel-dompdf/zipball/30800138c5b542ddbe68692c29935896aa6c7cea","type":"zip","shasum":"","reference":"30800138c5b542ddbe68692c29935896aa6c7cea"},"time":"2013-11-15T13:49:37+00:00","require":{"php":">=5.3.0","illuminate/support":"4.x","dompdf/dompdf":"dev-master","phenx/php-font-lib":"0.2.*"}},{"version":"v0.2.1","version_normalized":"0.2.1.0","source":{"url":"https://github.com/barryvdh/laravel-dompdf.git","type":"git","reference":"55cd8c80dcb3d312a749472c3473fb8932578398"},"dist":{"url":"https://api.github.com/repos/barryvdh/laravel-dompdf/zipball/55cd8c80dcb3d312a749472c3473fb8932578398","type":"zip","shasum":"","reference":"55cd8c80dcb3d312a749472c3473fb8932578398"},"time":"2013-10-22T14:47:03+00:00","require":{"php":">=5.3.0","illuminate/support":"4.0.x","dompdf/dompdf":"dev-master","phenx/php-font-lib":"0.2.*"}},{"version":"v0.2.0","version_normalized":"0.2.0.0","source":{"url":"https://github.com/barryvdh/laravel-dompdf.git","type":"git","reference":"3d0f774913ed43556631a01029ae41eea8e10cd5"},"dist":{"url":"https://api.github.com/repos/barryvdh/laravel-dompdf/zipball/3d0f774913ed43556631a01029ae41eea8e10cd5","type":"zip","shasum":"","reference":"3d0f774913ed43556631a01029ae41eea8e10cd5"},"time":"2013-08-01T08:54:04+00:00"},{"version":"v0.1.1","version_normalized":"0.1.1.0","source":{"url":"https://github.com/barryvdh/laravel-dompdf.git","type":"git","reference":"f61b4dde7bb1b6ec0e5e7a77b61dc18b924a9779"},"dist":{"url":"https://api.github.com/repos/barryvdh/laravel-dompdf/zipball/f61b4dde7bb1b6ec0e5e7a77b61dc18b924a9779","type":"zip","shasum":"","reference":"f61b4dde7bb1b6ec0e5e7a77b61dc18b924a9779"},"time":"2013-07-29T18:52:51+00:00"},{"version":"v0.1.0","version_normalized":"0.1.0.0","source":{"url":"https://github.com/barryvdh/laravel-dompdf.git","type":"git","reference":"b4009057f7b77bc5c76f8a22142f1e2609eca14b"},"dist":{"url":"https://api.github.com/repos/barryvdh/laravel-dompdf/zipball/b4009057f7b77bc5c76f8a22142f1e2609eca14b","type":"zip","shasum":"","reference":"b4009057f7b77bc5c76f8a22142f1e2609eca14b"},"time":"2013-06-23T12:03:25+00:00"}]},"security-advisories":[],"last-modified":"Fri, 21 Feb 2025 15:53:42 GMT"}