{"minified":"composer/2.0","packages":{"composer/pcre":[{"name":"composer/pcre","description":"PCRE wrapping library that offers type-safe preg_* replacements.","keywords":["regex","PCRE","regular expression","preg"],"homepage":"","version":"3.3.2","version_normalized":"3.3.2.0","license":["MIT"],"authors":[{"name":"Jordi Boggiano","email":"j.boggiano@seld.be","homepage":"http://seld.be"}],"source":{"url":"https://github.com/composer/pcre.git","type":"git","reference":"b2bed4734f0cc156ee1fe9c0da2550420d99a21e"},"dist":{"url":"https://api.github.com/repos/composer/pcre/zipball/b2bed4734f0cc156ee1fe9c0da2550420d99a21e","type":"zip","shasum":"","reference":"b2bed4734f0cc156ee1fe9c0da2550420d99a21e"},"type":"library","support":{"issues":"https://github.com/composer/pcre/issues","source":"https://github.com/composer/pcre/tree/3.3.2"},"funding":[{"url":"https://packagist.com","type":"custom"},{"url":"https://github.com/composer","type":"github"},{"url":"https://tidelift.com/funding/github/packagist/composer/composer","type":"tidelift"}],"time":"2024-11-12T16:29:46+00:00","autoload":{"psr-4":{"Composer\\Pcre\\":"src"}},"extra":{"phpstan":{"includes":["extension.neon"]},"branch-alias":{"dev-main":"3.x-dev"}},"require":{"php":"^7.4 || ^8.0"},"require-dev":{"phpunit/phpunit":"^8 || ^9","phpstan/phpstan":"^1.12 || ^2","phpstan/phpstan-strict-rules":"^1 || ^2"},"conflict":{"phpstan/phpstan":"<1.11.10"}},{"version":"3.3.1","version_normalized":"3.3.1.0","source":{"url":"https://github.com/composer/pcre.git","type":"git","reference":"63aaeac21d7e775ff9bc9d45021e1745c97521c4"},"dist":{"url":"https://api.github.com/repos/composer/pcre/zipball/63aaeac21d7e775ff9bc9d45021e1745c97521c4","type":"zip","shasum":"","reference":"63aaeac21d7e775ff9bc9d45021e1745c97521c4"},"support":{"issues":"https://github.com/composer/pcre/issues","source":"https://github.com/composer/pcre/tree/3.3.1"},"time":"2024-08-27T18:44:43+00:00","require-dev":{"phpunit/phpunit":"^8 || ^9","phpstan/phpstan":"^1.11.10","phpstan/phpstan-strict-rules":"^1.1"}},{"version":"3.3.0","version_normalized":"3.3.0.0","source":{"url":"https://github.com/composer/pcre.git","type":"git","reference":"1637e067347a0c40bbb1e3cd786b20dcab556a81"},"dist":{"url":"https://api.github.com/repos/composer/pcre/zipball/1637e067347a0c40bbb1e3cd786b20dcab556a81","type":"zip","shasum":"","reference":"1637e067347a0c40bbb1e3cd786b20dcab556a81"},"support":{"issues":"https://github.com/composer/pcre/issues","source":"https://github.com/composer/pcre/tree/3.3.0"},"time":"2024-08-19T19:43:53+00:00"},{"version":"3.2.0","version_normalized":"3.2.0.0","source":{"url":"https://github.com/composer/pcre.git","type":"git","reference":"ea4ab6f9580a4fd221e0418f2c357cdd39102a90"},"dist":{"url":"https://api.github.com/repos/composer/pcre/zipball/ea4ab6f9580a4fd221e0418f2c357cdd39102a90","type":"zip","shasum":"","reference":"ea4ab6f9580a4fd221e0418f2c357cdd39102a90"},"support":{"issues":"https://github.com/composer/pcre/issues","source":"https://github.com/composer/pcre/tree/3.2.0"},"time":"2024-07-25T09:36:02+00:00","require-dev":{"phpunit/phpunit":"^8 || ^9","phpstan/phpstan":"^1.11.8","phpstan/phpstan-strict-rules":"^1.1"},"conflict":{"phpstan/phpstan":"<1.11.8"}},{"version":"3.1.4","version_normalized":"3.1.4.0","source":{"url":"https://github.com/composer/pcre.git","type":"git","reference":"04229f163664973f68f38f6f73d917799168ef24"},"dist":{"url":"https://api.github.com/repos/composer/pcre/zipball/04229f163664973f68f38f6f73d917799168ef24","type":"zip","shasum":"","reference":"04229f163664973f68f38f6f73d917799168ef24"},"support":{"issues":"https://github.com/composer/pcre/issues","source":"https://github.com/composer/pcre/tree/3.1.4"},"time":"2024-05-27T13:40:54+00:00","extra":{"branch-alias":{"dev-main":"3.x-dev"}},"require-dev":{"symfony/phpunit-bridge":"^5","phpstan/phpstan":"^1.3","phpstan/phpstan-strict-rules":"^1.1"},"conflict":"__unset"},{"version":"3.1.3","version_normalized":"3.1.3.0","source":{"url":"https://github.com/composer/pcre.git","type":"git","reference":"5b16e25a5355f1f3afdfc2f954a0a80aec4826a8"},"dist":{"url":"https://api.github.com/repos/composer/pcre/zipball/5b16e25a5355f1f3afdfc2f954a0a80aec4826a8","type":"zip","shasum":"","reference":"5b16e25a5355f1f3afdfc2f954a0a80aec4826a8"},"support":{"issues":"https://github.com/composer/pcre/issues","source":"https://github.com/composer/pcre/tree/3.1.3"},"time":"2024-03-19T10:26:25+00:00"},{"version":"3.1.2","version_normalized":"3.1.2.0","source":{"url":"https://github.com/composer/pcre.git","type":"git","reference":"4775f35b2d70865807c89d32c8e7385b86eb0ace"},"dist":{"url":"https://api.github.com/repos/composer/pcre/zipball/4775f35b2d70865807c89d32c8e7385b86eb0ace","type":"zip","shasum":"","reference":"4775f35b2d70865807c89d32c8e7385b86eb0ace"},"support":{"issues":"https://github.com/composer/pcre/issues","source":"https://github.com/composer/pcre/tree/3.1.2"},"time":"2024-03-07T15:38:35+00:00"},{"version":"3.1.1","version_normalized":"3.1.1.0","source":{"url":"https://github.com/composer/pcre.git","type":"git","reference":"00104306927c7a0919b4ced2aaa6782c1e61a3c9"},"dist":{"url":"https://api.github.com/repos/composer/pcre/zipball/00104306927c7a0919b4ced2aaa6782c1e61a3c9","type":"zip","shasum":"","reference":"00104306927c7a0919b4ced2aaa6782c1e61a3c9"},"support":{"issues":"https://github.com/composer/pcre/issues","source":"https://github.com/composer/pcre/tree/3.1.1"},"time":"2023-10-11T07:11:09+00:00"},{"version":"3.1.0","version_normalized":"3.1.0.0","source":{"url":"https://github.com/composer/pcre.git","type":"git","reference":"4bff79ddd77851fe3cdd11616ed3f92841ba5bd2"},"dist":{"url":"https://api.github.com/repos/composer/pcre/zipball/4bff79ddd77851fe3cdd11616ed3f92841ba5bd2","type":"zip","shasum":"","reference":"4bff79ddd77851fe3cdd11616ed3f92841ba5bd2"},"support":{"issues":"https://github.com/composer/pcre/issues","source":"https://github.com/composer/pcre/tree/3.1.0"},"time":"2022-11-17T09:50:14+00:00"},{"version":"3.0.2","version_normalized":"3.0.2.0","source":{"url":"https://github.com/composer/pcre.git","type":"git","reference":"4482b6409ca6bfc2af043a5711cd21ac3e7a8dfb"},"dist":{"url":"https://api.github.com/repos/composer/pcre/zipball/4482b6409ca6bfc2af043a5711cd21ac3e7a8dfb","type":"zip","shasum":"","reference":"4482b6409ca6bfc2af043a5711cd21ac3e7a8dfb"},"support":{"issues":"https://github.com/composer/pcre/issues","source":"https://github.com/composer/pcre/tree/3.0.2"},"time":"2022-11-03T20:24:16+00:00"},{"version":"3.0.1","version_normalized":"3.0.1.0","source":{"url":"https://github.com/composer/pcre.git","type":"git","reference":"6af1968c25e178a49febc8b72bef2685e25be396"},"dist":{"url":"https://api.github.com/repos/composer/pcre/zipball/6af1968c25e178a49febc8b72bef2685e25be396","type":"zip","shasum":"","reference":"6af1968c25e178a49febc8b72bef2685e25be396"},"support":{"issues":"https://github.com/composer/pcre/issues","source":"https://github.com/composer/pcre/tree/3.0.1"},"time":"2022-11-03T15:58:55+00:00"},{"version":"3.0.0","version_normalized":"3.0.0.0","source":{"url":"https://github.com/composer/pcre.git","type":"git","reference":"e300eb6c535192decd27a85bc72a9290f0d6b3bd"},"dist":{"url":"https://api.github.com/repos/composer/pcre/zipball/e300eb6c535192decd27a85bc72a9290f0d6b3bd","type":"zip","shasum":"","reference":"e300eb6c535192decd27a85bc72a9290f0d6b3bd"},"support":{"issues":"https://github.com/composer/pcre/issues","source":"https://github.com/composer/pcre/tree/3.0.0"},"time":"2022-02-25T20:21:48+00:00"},{"version":"2.3.2","version_normalized":"2.3.2.0","source":{"url":"https://github.com/composer/pcre.git","type":"git","reference":"ebb81df8f52b40172d14062ae96a06939d80a069"},"dist":{"url":"https://api.github.com/repos/composer/pcre/zipball/ebb81df8f52b40172d14062ae96a06939d80a069","type":"zip","shasum":"","reference":"ebb81df8f52b40172d14062ae96a06939d80a069"},"support":{"issues":"https://github.com/composer/pcre/issues","source":"https://github.com/composer/pcre/tree/2.3.2"},"time":"2024-11-12T16:24:47+00:00","extra":{"phpstan":{"includes":["extension.neon"]},"branch-alias":{"dev-main":"2.x-dev"}},"require":{"php":"^7.2 || ^8.0"},"require-dev":{"phpunit/phpunit":"^8 || ^9","phpstan/phpstan":"^1.12 || ^2","phpstan/phpstan-strict-rules":"^1 || ^2"},"conflict":{"phpstan/phpstan":"<1.11.10"}},{"version":"2.3.1","version_normalized":"2.3.1.0","source":{"url":"https://github.com/composer/pcre.git","type":"git","reference":"26859a860a7f140fc08422c3cc14ad9c2a287d79"},"dist":{"url":"https://api.github.com/repos/composer/pcre/zipball/26859a860a7f140fc08422c3cc14ad9c2a287d79","type":"zip","shasum":"","reference":"26859a860a7f140fc08422c3cc14ad9c2a287d79"},"support":{"issues":"https://github.com/composer/pcre/issues","source":"https://github.com/composer/pcre/tree/2.3.1"},"time":"2024-08-27T12:02:26+00:00","require-dev":{"phpunit/phpunit":"^8 || ^9","phpstan/phpstan":"^1.11.10","phpstan/phpstan-strict-rules":"^1.1"}},{"version":"2.3.0","version_normalized":"2.3.0.0","source":{"url":"https://github.com/composer/pcre.git","type":"git","reference":"06d0e49d6e136e4521c6bad18598bf0f6062ae37"},"dist":{"url":"https://api.github.com/repos/composer/pcre/zipball/06d0e49d6e136e4521c6bad18598bf0f6062ae37","type":"zip","shasum":"","reference":"06d0e49d6e136e4521c6bad18598bf0f6062ae37"},"support":{"issues":"https://github.com/composer/pcre/issues","source":"https://github.com/composer/pcre/tree/2.3.0"},"time":"2024-08-19T19:14:31+00:00"},{"version":"2.2.0","version_normalized":"2.2.0.0","source":{"url":"https://github.com/composer/pcre.git","type":"git","reference":"0e455b78ac53637929b29d5ab5bf3c978329c1eb"},"dist":{"url":"https://api.github.com/repos/composer/pcre/zipball/0e455b78ac53637929b29d5ab5bf3c978329c1eb","type":"zip","shasum":"","reference":"0e455b78ac53637929b29d5ab5bf3c978329c1eb"},"support":{"issues":"https://github.com/composer/pcre/issues","source":"https://github.com/composer/pcre/tree/2.2.0"},"time":"2024-07-25T09:28:32+00:00","require-dev":{"phpunit/phpunit":"^8 || ^9","phpstan/phpstan":"^1.11.8","phpstan/phpstan-strict-rules":"^1.1"},"conflict":{"phpstan/phpstan":"<1.11.8"}},{"version":"2.1.3","version_normalized":"2.1.3.0","source":{"url":"https://github.com/composer/pcre.git","type":"git","reference":"540af382c97b83c628227d5f87cf56466d476191"},"dist":{"url":"https://api.github.com/repos/composer/pcre/zipball/540af382c97b83c628227d5f87cf56466d476191","type":"zip","shasum":"","reference":"540af382c97b83c628227d5f87cf56466d476191"},"support":{"issues":"https://github.com/composer/pcre/issues","source":"https://github.com/composer/pcre/tree/2.1.3"},"time":"2024-03-19T09:03:05+00:00","extra":{"branch-alias":{"dev-main":"2.x-dev"}},"require-dev":{"symfony/phpunit-bridge":"^5","phpstan/phpstan":"^1.3","phpstan/phpstan-strict-rules":"^1.1"},"conflict":"__unset"},{"version":"2.1.2","version_normalized":"2.1.2.0","source":{"url":"https://github.com/composer/pcre.git","type":"git","reference":"02b8774a434b1b71edd8824440ceac1e3e49ee2b"},"dist":{"url":"https://api.github.com/repos/composer/pcre/zipball/02b8774a434b1b71edd8824440ceac1e3e49ee2b","type":"zip","shasum":"","reference":"02b8774a434b1b71edd8824440ceac1e3e49ee2b"},"support":{"issues":"https://github.com/composer/pcre/issues","source":"https://github.com/composer/pcre/tree/2.1.2"},"time":"2024-03-07T14:52:56+00:00"},{"version":"2.1.1","version_normalized":"2.1.1.0","source":{"url":"https://github.com/composer/pcre.git","type":"git","reference":"b439557066cd445732fa57cbc8d905394b4db8a0"},"dist":{"url":"https://api.github.com/repos/composer/pcre/zipball/b439557066cd445732fa57cbc8d905394b4db8a0","type":"zip","shasum":"","reference":"b439557066cd445732fa57cbc8d905394b4db8a0"},"support":{"issues":"https://github.com/composer/pcre/issues","source":"https://github.com/composer/pcre/tree/2.1.1"},"time":"2023-10-11T07:10:55+00:00"},{"version":"2.1.0","version_normalized":"2.1.0.0","source":{"url":"https://github.com/composer/pcre.git","type":"git","reference":"3fdb2807b31a78a40ad89570e30ec77466c98717"},"dist":{"url":"https://api.github.com/repos/composer/pcre/zipball/3fdb2807b31a78a40ad89570e30ec77466c98717","type":"zip","shasum":"","reference":"3fdb2807b31a78a40ad89570e30ec77466c98717"},"support":{"issues":"https://github.com/composer/pcre/issues","source":"https://github.com/composer/pcre/tree/2.1.0"},"time":"2022-11-16T18:32:04+00:00"},{"version":"2.0.2","version_normalized":"2.0.2.0","source":{"url":"https://github.com/composer/pcre.git","type":"git","reference":"36d3086c793f32a9a9e853a0abe8e19ec9d936fa"},"dist":{"url":"https://api.github.com/repos/composer/pcre/zipball/36d3086c793f32a9a9e853a0abe8e19ec9d936fa","type":"zip","shasum":"","reference":"36d3086c793f32a9a9e853a0abe8e19ec9d936fa"},"support":{"issues":"https://github.com/composer/pcre/issues","source":"https://github.com/composer/pcre/tree/2.0.2"},"time":"2022-11-03T20:20:28+00:00"},{"version":"2.0.1","version_normalized":"2.0.1.0","source":{"url":"https://github.com/composer/pcre.git","type":"git","reference":"562ca94029b37bb04205e2abb43be5550d2945d7"},"dist":{"url":"https://api.github.com/repos/composer/pcre/zipball/562ca94029b37bb04205e2abb43be5550d2945d7","type":"zip","shasum":"","reference":"562ca94029b37bb04205e2abb43be5550d2945d7"},"support":{"issues":"https://github.com/composer/pcre/issues","source":"https://github.com/composer/pcre/tree/2.0.1"},"time":"2022-11-03T15:56:01+00:00"},{"version":"2.0.0","version_normalized":"2.0.0.0","source":{"url":"https://github.com/composer/pcre.git","type":"git","reference":"c8e9d27cfc5ed22643c19c160455b473ffd8aabe"},"dist":{"url":"https://api.github.com/repos/composer/pcre/zipball/c8e9d27cfc5ed22643c19c160455b473ffd8aabe","type":"zip","shasum":"","reference":"c8e9d27cfc5ed22643c19c160455b473ffd8aabe"},"support":{"issues":"https://github.com/composer/pcre/issues","source":"https://github.com/composer/pcre/tree/2.0.0"},"time":"2022-02-25T20:05:29+00:00"},{"version":"1.0.1","version_normalized":"1.0.1.0","source":{"url":"https://github.com/composer/pcre.git","type":"git","reference":"67a32d7d6f9f560b726ab25a061b38ff3a80c560"},"dist":{"url":"https://api.github.com/repos/composer/pcre/zipball/67a32d7d6f9f560b726ab25a061b38ff3a80c560","type":"zip","shasum":"","reference":"67a32d7d6f9f560b726ab25a061b38ff3a80c560"},"support":{"issues":"https://github.com/composer/pcre/issues","source":"https://github.com/composer/pcre/tree/1.0.1"},"time":"2022-01-21T20:24:37+00:00","extra":{"branch-alias":{"dev-main":"1.x-dev"}},"require":{"php":"^5.3.2 || ^7.0 || ^8.0"},"require-dev":{"symfony/phpunit-bridge":"^4.2 || ^5","phpstan/phpstan":"^1.3","phpstan/phpstan-strict-rules":"^1.1"}},{"version":"1.0.0","version_normalized":"1.0.0.0","source":{"url":"https://github.com/composer/pcre.git","type":"git","reference":"3d322d715c43a1ac36c7fe215fa59336265500f2"},"dist":{"url":"https://api.github.com/repos/composer/pcre/zipball/3d322d715c43a1ac36c7fe215fa59336265500f2","type":"zip","shasum":"","reference":"3d322d715c43a1ac36c7fe215fa59336265500f2"},"support":{"issues":"https://github.com/composer/pcre/issues","source":"https://github.com/composer/pcre/tree/1.0.0"},"time":"2021-12-06T15:17:27+00:00","require-dev":{"symfony/phpunit-bridge":"^4.2 || ^5","phpstan/phpstan":"^1","phpstan/phpstan-strict-rules":"^1.1"}}]},"security-advisories":[],"last-modified":"Fri, 20 Dec 2024 09:19:14 GMT"}