{"minified":"composer/2.0","packages":{"maennchen/zipstream-php":[{"name":"maennchen/zipstream-php","description":"ZipStream is a library for dynamically streaming dynamic zip files from PHP without writing to the disk at all on the server.","keywords":["stream","zip"],"homepage":"","version":"3.1.2","version_normalized":"3.1.2.0","license":["MIT"],"authors":[{"name":"Paul Duncan","email":"pabs@pablotron.org"},{"name":"Jonatan Männchen","email":"jonatan@maennchen.ch"},{"name":"Jesse Donat","email":"donatj@gmail.com"},{"name":"András Kolesár","email":"kolesar@kolesar.hu"}],"source":{"url":"https://github.com/maennchen/ZipStream-PHP.git","type":"git","reference":"aeadcf5c412332eb426c0f9b4485f6accba2a99f"},"dist":{"url":"https://api.github.com/repos/maennchen/ZipStream-PHP/zipball/aeadcf5c412332eb426c0f9b4485f6accba2a99f","type":"zip","shasum":"","reference":"aeadcf5c412332eb426c0f9b4485f6accba2a99f"},"type":"library","support":{"issues":"https://github.com/maennchen/ZipStream-PHP/issues","source":"https://github.com/maennchen/ZipStream-PHP/tree/3.1.2"},"funding":[{"url":"https://github.com/maennchen","type":"github"}],"time":"2025-01-27T12:07:53+00:00","autoload":{"psr-4":{"ZipStream\\":"src/"}},"require":{"php-64bit":"^8.2","ext-mbstring":"*","ext-zlib":"*"},"require-dev":{"phpunit/phpunit":"^11.0","guzzlehttp/guzzle":"^7.5","ext-zip":"*","mikey179/vfsstream":"^1.6","php-coveralls/php-coveralls":"^2.5","friendsofphp/php-cs-fixer":"^3.16","vimeo/psalm":"^6.0","brianium/paratest":"^7.7"},"suggest":{"psr/http-message":"^2.0","guzzlehttp/psr7":"^2.4"}},{"version":"3.1.1","version_normalized":"3.1.1.0","source":{"url":"https://github.com/maennchen/ZipStream-PHP.git","type":"git","reference":"6187e9cc4493da94b9b63eb2315821552015fca9"},"dist":{"url":"https://api.github.com/repos/maennchen/ZipStream-PHP/zipball/6187e9cc4493da94b9b63eb2315821552015fca9","type":"zip","shasum":"","reference":"6187e9cc4493da94b9b63eb2315821552015fca9"},"support":{"issues":"https://github.com/maennchen/ZipStream-PHP/issues","source":"https://github.com/maennchen/ZipStream-PHP/tree/3.1.1"},"time":"2024-10-10T12:33:01+00:00","require":{"php-64bit":"^8.1","ext-mbstring":"*","ext-zlib":"*"},"require-dev":{"phpunit/phpunit":"^10.0","guzzlehttp/guzzle":"^7.5","ext-zip":"*","mikey179/vfsstream":"^1.6","php-coveralls/php-coveralls":"^2.5","friendsofphp/php-cs-fixer":"^3.16","vimeo/psalm":"^5.0"}},{"version":"3.1.1-beta.1","version_normalized":"3.1.1.0-beta1","source":{"url":"https://github.com/maennchen/ZipStream-PHP.git","type":"git","reference":"1d1ad2df6bf5b97c2e7348e570a6ae68c5f8aa5f"},"dist":{"url":"https://api.github.com/repos/maennchen/ZipStream-PHP/zipball/1d1ad2df6bf5b97c2e7348e570a6ae68c5f8aa5f","type":"zip","shasum":"","reference":"1d1ad2df6bf5b97c2e7348e570a6ae68c5f8aa5f"},"support":{"issues":"https://github.com/maennchen/ZipStream-PHP/issues","source":"https://github.com/maennchen/ZipStream-PHP/tree/3.1.1-beta.1"},"time":"2024-10-10T10:55:50+00:00"},{"version":"3.1.0","version_normalized":"3.1.0.0","source":{"url":"https://github.com/maennchen/ZipStream-PHP.git","type":"git","reference":"b8174494eda667f7d13876b4a7bfef0f62a7c0d1"},"dist":{"url":"https://api.github.com/repos/maennchen/ZipStream-PHP/zipball/b8174494eda667f7d13876b4a7bfef0f62a7c0d1","type":"zip","shasum":"","reference":"b8174494eda667f7d13876b4a7bfef0f62a7c0d1"},"support":{"issues":"https://github.com/maennchen/ZipStream-PHP/issues","source":"https://github.com/maennchen/ZipStream-PHP/tree/3.1.0"},"funding":[{"url":"https://github.com/maennchen","type":"github"},{"url":"https://opencollective.com/zipstream","type":"open_collective"}],"time":"2023-06-21T14:59:35+00:00"},{"version":"3.1.0-beta.1","version_normalized":"3.1.0.0-beta1","source":{"url":"https://github.com/maennchen/ZipStream-PHP.git","type":"git","reference":"c9a2e4ffb85eec6a371dd9cd13dd4bdb61fd5988"},"dist":{"url":"https://api.github.com/repos/maennchen/ZipStream-PHP/zipball/c9a2e4ffb85eec6a371dd9cd13dd4bdb61fd5988","type":"zip","shasum":"","reference":"c9a2e4ffb85eec6a371dd9cd13dd4bdb61fd5988"},"support":{"issues":"https://github.com/maennchen/ZipStream-PHP/issues","source":"https://github.com/maennchen/ZipStream-PHP/tree/3.1.0-beta.1"},"funding":[{"url":"https://github.com/maennchen","type":"github"}],"time":"2023-04-27T08:01:47+00:00"},{"version":"3.0.2","version_normalized":"3.0.2.0","source":{"url":"https://github.com/maennchen/ZipStream-PHP.git","type":"git","reference":"b46726e666b5d2ad32959ae9492ee1034e798162"},"dist":{"url":"https://api.github.com/repos/maennchen/ZipStream-PHP/zipball/b46726e666b5d2ad32959ae9492ee1034e798162","type":"zip","shasum":"","reference":"b46726e666b5d2ad32959ae9492ee1034e798162"},"support":{"issues":"https://github.com/maennchen/ZipStream-PHP/issues","source":"https://github.com/maennchen/ZipStream-PHP/tree/3.0.2"},"funding":[{"url":"https://github.com/maennchen","type":"github"},{"url":"https://opencollective.com/zipstream","type":"open_collective"}],"time":"2023-04-19T19:51:03+00:00"},{"version":"3.0.1","version_normalized":"3.0.1.0","source":{"url":"https://github.com/maennchen/ZipStream-PHP.git","type":"git","reference":"eae5ac2b0efb2459053415f244e3b27f091d85f9"},"dist":{"url":"https://api.github.com/repos/maennchen/ZipStream-PHP/zipball/eae5ac2b0efb2459053415f244e3b27f091d85f9","type":"zip","shasum":"","reference":"eae5ac2b0efb2459053415f244e3b27f091d85f9"},"support":{"issues":"https://github.com/maennchen/ZipStream-PHP/issues","source":"https://github.com/maennchen/ZipStream-PHP/tree/3.0.1"},"time":"2023-03-08T19:18:56+00:00","require-dev":{"phpunit/phpunit":"^10.0","guzzlehttp/guzzle":"^7.5","ext-zip":"*","mikey179/vfsstream":"^1.6","php-coveralls/php-coveralls":"^2.5","friendsofphp/php-cs-fixer":"^3.13","vimeo/psalm":"^5.0"},"suggest":{"psr/http-message":"^1.0","guzzlehttp/psr7":"^2.4"}},{"version":"3.0.0","version_normalized":"3.0.0.0","source":{"url":"https://github.com/maennchen/ZipStream-PHP.git","type":"git","reference":"046a8aff706e8baeced0ba5261270f1b42dbdc91"},"dist":{"url":"https://api.github.com/repos/maennchen/ZipStream-PHP/zipball/046a8aff706e8baeced0ba5261270f1b42dbdc91","type":"zip","shasum":"","reference":"046a8aff706e8baeced0ba5261270f1b42dbdc91"},"support":{"issues":"https://github.com/maennchen/ZipStream-PHP/issues","source":"https://github.com/maennchen/ZipStream-PHP/tree/3.0.0"},"time":"2023-02-27T09:49:07+00:00","require-dev":{"phpunit/phpunit":"^9.5","guzzlehttp/guzzle":"^7.5","ext-zip":"*","mikey179/vfsstream":"^1.6","php-coveralls/php-coveralls":"^2.5","friendsofphp/php-cs-fixer":"^3.13","vimeo/psalm":"^5.0"}},{"version":"3.0.0-beta.2","version_normalized":"3.0.0.0-beta2","source":{"url":"https://github.com/maennchen/ZipStream-PHP.git","type":"git","reference":"2ca817f3da30244a81ddc92f6be179a8fe06a6b7"},"dist":{"url":"https://api.github.com/repos/maennchen/ZipStream-PHP/zipball/2ca817f3da30244a81ddc92f6be179a8fe06a6b7","type":"zip","shasum":"","reference":"2ca817f3da30244a81ddc92f6be179a8fe06a6b7"},"support":{"issues":"https://github.com/maennchen/ZipStream-PHP/issues","source":"https://github.com/maennchen/ZipStream-PHP/tree/3.0.0-beta.2"},"time":"2022-12-14T13:10:04+00:00"},{"version":"3.0.0-beta.1","version_normalized":"3.0.0.0-beta1","source":{"url":"https://github.com/maennchen/ZipStream-PHP.git","type":"git","reference":"502efd365cf9777b0031216ed5724ff1080c34ae"},"dist":{"url":"https://api.github.com/repos/maennchen/ZipStream-PHP/zipball/502efd365cf9777b0031216ed5724ff1080c34ae","type":"zip","shasum":"","reference":"502efd365cf9777b0031216ed5724ff1080c34ae"},"support":{"issues":"https://github.com/maennchen/ZipStream-PHP/issues","source":"https://github.com/maennchen/ZipStream-PHP/tree/3.0.0-beta.1"},"time":"2022-12-14T13:05:52+00:00"},{"version":"2.4.0","version_normalized":"2.4.0.0","source":{"url":"https://github.com/maennchen/ZipStream-PHP.git","type":"git","reference":"3fa72e4c71a43f9e9118752a5c90e476a8dc9eb3"},"dist":{"url":"https://api.github.com/repos/maennchen/ZipStream-PHP/zipball/3fa72e4c71a43f9e9118752a5c90e476a8dc9eb3","type":"zip","shasum":"","reference":"3fa72e4c71a43f9e9118752a5c90e476a8dc9eb3"},"support":{"issues":"https://github.com/maennchen/ZipStream-PHP/issues","source":"https://github.com/maennchen/ZipStream-PHP/tree/2.4.0"},"time":"2022-12-08T12:29:14+00:00","require":{"php":"^8.0","ext-mbstring":"*","psr/http-message":"^1.0","myclabs/php-enum":"^1.5"},"require-dev":{"phpunit/phpunit":"^8.5.8 || ^9.4.2","guzzlehttp/guzzle":"^6.5.3 || ^7.2.0","ext-zip":"*","mikey179/vfsstream":"^1.6","vimeo/psalm":"^5.0","php-coveralls/php-coveralls":"^2.4","friendsofphp/php-cs-fixer":"^3.9"},"suggest":"__unset"},{"version":"2.3.0","version_normalized":"2.3.0.0","source":{"url":"https://github.com/maennchen/ZipStream-PHP.git","type":"git","reference":"8df0a40fff7b5cbf86cf9a6d7d8d15b9bc03bc98"},"dist":{"url":"https://api.github.com/repos/maennchen/ZipStream-PHP/zipball/8df0a40fff7b5cbf86cf9a6d7d8d15b9bc03bc98","type":"zip","shasum":"","reference":"8df0a40fff7b5cbf86cf9a6d7d8d15b9bc03bc98"},"support":{"issues":"https://github.com/maennchen/ZipStream-PHP/issues","source":"https://github.com/maennchen/ZipStream-PHP/tree/2.3.0"},"time":"2022-11-28T12:13:34+00:00","require":{"php":"^8.0","symfony/polyfill-mbstring":"^1.0","psr/http-message":"^1.0","myclabs/php-enum":"^1.5"},"require-dev":{"phpunit/phpunit":"^8.5.8 || ^9.4.2","guzzlehttp/guzzle":"^6.5.3 || ^7.2.0","ext-zip":"*","mikey179/vfsstream":"^1.6","vimeo/psalm":"^4.1","php-coveralls/php-coveralls":"^2.4","friendsofphp/php-cs-fixer":"^3.9"}},{"version":"2.2.6","version_normalized":"2.2.6.0","source":{"url":"https://github.com/maennchen/ZipStream-PHP.git","type":"git","reference":"30ad6f93cf3efe4192bc7a4c9cad11ff8f4f237f"},"dist":{"url":"https://api.github.com/repos/maennchen/ZipStream-PHP/zipball/30ad6f93cf3efe4192bc7a4c9cad11ff8f4f237f","type":"zip","shasum":"","reference":"30ad6f93cf3efe4192bc7a4c9cad11ff8f4f237f"},"support":{"issues":"https://github.com/maennchen/ZipStream-PHP/issues","source":"https://github.com/maennchen/ZipStream-PHP/tree/2.2.6"},"time":"2022-11-25T18:57:19+00:00","require":{"php":"^7.4 || ^8.0","symfony/polyfill-mbstring":"^1.0","psr/http-message":"^1.0","myclabs/php-enum":"^1.5"}},{"version":"2.2.5","version_normalized":"2.2.5.0","source":{"url":"https://github.com/maennchen/ZipStream-PHP.git","type":"git","reference":"c31a03f3b707876641875428cda9ecb4d05c3823"},"dist":{"url":"https://api.github.com/repos/maennchen/ZipStream-PHP/zipball/c31a03f3b707876641875428cda9ecb4d05c3823","type":"zip","shasum":"","reference":"c31a03f3b707876641875428cda9ecb4d05c3823"},"support":{"issues":"https://github.com/maennchen/ZipStream-PHP/issues","source":"https://github.com/maennchen/ZipStream-PHP/tree/2.2.5"},"time":"2022-11-25T18:21:57+00:00"},{"version":"2.2.4","version_normalized":"2.2.4.0","source":{"url":"https://github.com/maennchen/ZipStream-PHP.git","type":"git","reference":"b79f14b3e00089882f58874c7258aa1322513231"},"dist":{"url":"https://api.github.com/repos/maennchen/ZipStream-PHP/zipball/b79f14b3e00089882f58874c7258aa1322513231","type":"zip","shasum":"","reference":"b79f14b3e00089882f58874c7258aa1322513231"},"support":{"issues":"https://github.com/maennchen/ZipStream-PHP/issues","source":"https://github.com/maennchen/ZipStream-PHP/tree/2.2.4"},"time":"2022-11-25T17:51:33+00:00"},{"version":"2.2.3","version_normalized":"2.2.3.0","source":{"url":"https://github.com/maennchen/ZipStream-PHP.git","type":"git","reference":"cb9d544fba21ea6a9d8f45cf65c37113c07ac22d"},"dist":{"url":"https://api.github.com/repos/maennchen/ZipStream-PHP/zipball/cb9d544fba21ea6a9d8f45cf65c37113c07ac22d","type":"zip","shasum":"","reference":"cb9d544fba21ea6a9d8f45cf65c37113c07ac22d"},"support":{"issues":"https://github.com/maennchen/ZipStream-PHP/issues","source":"https://github.com/maennchen/ZipStream-PHP/tree/2.2.3"},"time":"2022-11-25T17:48:18+00:00"},{"version":"2.2.2","version_normalized":"2.2.2.0","source":{"url":"https://github.com/maennchen/ZipStream-PHP.git","type":"git","reference":"2e00fb5fb56ee118236b69434fed3c29898473ed"},"dist":{"url":"https://api.github.com/repos/maennchen/ZipStream-PHP/zipball/2e00fb5fb56ee118236b69434fed3c29898473ed","type":"zip","shasum":"","reference":"2e00fb5fb56ee118236b69434fed3c29898473ed"},"support":{"issues":"https://github.com/maennchen/ZipStream-PHP/issues","source":"https://github.com/maennchen/ZipStream-PHP/tree/2.2.2"},"time":"2022-11-25T17:43:33+00:00"},{"version":"2.2.1","version_normalized":"2.2.1.0","source":{"url":"https://github.com/maennchen/ZipStream-PHP.git","type":"git","reference":"211e9ba1530ea5260b45d90c9ea252f56ec52729"},"dist":{"url":"https://api.github.com/repos/maennchen/ZipStream-PHP/zipball/211e9ba1530ea5260b45d90c9ea252f56ec52729","type":"zip","shasum":"","reference":"211e9ba1530ea5260b45d90c9ea252f56ec52729"},"support":{"issues":"https://github.com/maennchen/ZipStream-PHP/issues","source":"https://github.com/maennchen/ZipStream-PHP/tree/2.2.1"},"time":"2022-05-18T15:52:06+00:00","require-dev":{"phpunit/phpunit":"^8.5.8 || ^9.4.2","guzzlehttp/guzzle":"^6.5.3 || ^7.2.0","ext-zip":"*","mikey179/vfsstream":"^1.6","vimeo/psalm":"^4.1","php-coveralls/php-coveralls":"^2.4"}},{"version":"2.2.0","version_normalized":"2.2.0.0","source":{"url":"https://github.com/maennchen/ZipStream-PHP.git","type":"git","reference":"d900a051ce342d2090595e877c732db1722b88c2"},"dist":{"url":"https://api.github.com/repos/maennchen/ZipStream-PHP/zipball/d900a051ce342d2090595e877c732db1722b88c2","type":"zip","shasum":"","reference":"d900a051ce342d2090595e877c732db1722b88c2"},"support":{"issues":"https://github.com/maennchen/ZipStream-PHP/issues","source":"https://github.com/maennchen/ZipStream-PHP/tree/2.2.0"},"time":"2022-05-18T08:37:26+00:00","require":{"php":"^8.0","symfony/polyfill-mbstring":"^1.0","psr/http-message":"^1.0","myclabs/php-enum":"^1.5"},"require-dev":{"phpunit/phpunit":"^9.4.2","guzzlehttp/guzzle":"^7.2.0","ext-zip":"*","mikey179/vfsstream":"^1.6","vimeo/psalm":"^4.1","php-coveralls/php-coveralls":"^2.4"}},{"version":"2.1.0","version_normalized":"2.1.0.0","source":{"url":"https://github.com/maennchen/ZipStream-PHP.git","type":"git","reference":"c4c5803cc1f93df3d2448478ef79394a5981cc58"},"dist":{"url":"https://api.github.com/repos/maennchen/ZipStream-PHP/zipball/c4c5803cc1f93df3d2448478ef79394a5981cc58","type":"zip","shasum":"","reference":"c4c5803cc1f93df3d2448478ef79394a5981cc58"},"support":{"issues":"https://github.com/maennchen/ZipStream-PHP/issues","source":"https://github.com/maennchen/ZipStream-PHP/tree/2.1.0"},"time":"2020-05-30T13:11:16+00:00","require":{"php":">= 7.1","symfony/polyfill-mbstring":"^1.0","psr/http-message":"^1.0","myclabs/php-enum":"^1.5"},"require-dev":{"phpunit/phpunit":">= 7.5","guzzlehttp/guzzle":">= 6.3","ext-zip":"*","mikey179/vfsstream":"^1.6"}},{"version":"2.0.0","version_normalized":"2.0.0.0","source":{"url":"https://github.com/maennchen/ZipStream-PHP.git","type":"git","reference":"9ceee828f9620b2e5c075e551ec7ed8a7035ac95"},"dist":{"url":"https://api.github.com/repos/maennchen/ZipStream-PHP/zipball/9ceee828f9620b2e5c075e551ec7ed8a7035ac95","type":"zip","shasum":"","reference":"9ceee828f9620b2e5c075e551ec7ed8a7035ac95"},"support":{"issues":"https://github.com/maennchen/ZipStream-PHP/issues","source":"https://github.com/maennchen/ZipStream-PHP/tree/2.0.0"},"time":"2020-02-23T01:48:39+00:00","require":{"php":">= 7.1","ext-mbstring":"*","psr/http-message":"^1.0","myclabs/php-enum":"^1.5"}},{"version":"1.2.0","version_normalized":"1.2.0.0","source":{"url":"https://github.com/maennchen/ZipStream-PHP.git","type":"git","reference":"6373eefe0b3274d7b702d81f2c99aa977ff97dc2"},"dist":{"url":"https://api.github.com/repos/maennchen/ZipStream-PHP/zipball/6373eefe0b3274d7b702d81f2c99aa977ff97dc2","type":"zip","shasum":"","reference":"6373eefe0b3274d7b702d81f2c99aa977ff97dc2"},"support":{"issues":"https://github.com/maennchen/ZipStream-PHP/issues","source":"https://github.com/maennchen/ZipStream-PHP/tree/1.2.0"},"time":"2019-07-17T11:01:58+00:00"},{"version":"1.1.0","version_normalized":"1.1.0.0","source":{"url":"https://github.com/maennchen/ZipStream-PHP.git","type":"git","reference":"272cab6f9b7a7e80248ec59a8d114ca197458623"},"dist":{"url":"https://api.github.com/repos/maennchen/ZipStream-PHP/zipball/272cab6f9b7a7e80248ec59a8d114ca197458623","type":"zip","shasum":"","reference":"272cab6f9b7a7e80248ec59a8d114ca197458623"},"support":{"issues":"https://github.com/maennchen/ZipStream-PHP/issues","source":"https://github.com/maennchen/ZipStream-PHP/tree/1.1.0"},"time":"2019-04-30T17:14:47+00:00"},{"version":"v1.0.0","version_normalized":"1.0.0.0","source":{"url":"https://github.com/maennchen/ZipStream-PHP.git","type":"git","reference":"ecb6d17240792073fa10617ce231bd43ba344df5"},"dist":{"url":"https://api.github.com/repos/maennchen/ZipStream-PHP/zipball/ecb6d17240792073fa10617ce231bd43ba344df5","type":"zip","shasum":"","reference":"ecb6d17240792073fa10617ce231bd43ba344df5"},"support":{"issues":"https://github.com/maennchen/ZipStream-PHP/issues","source":"https://github.com/maennchen/ZipStream-PHP/tree/v1.0.0"},"funding":[{"url":"https://opencollective.com/zipstream","type":"open_collective"}],"time":"2018-11-25T17:21:54+00:00","require-dev":{"phpunit/phpunit":">= 5.7","guzzlehttp/guzzle":">= 6.3","ext-zip":"*"}},{"version":"v1.0.0-alpha.2","version_normalized":"1.0.0.0-alpha2"},{"version":"v1.0.0-alpha.1","version_normalized":"1.0.0.0-alpha1","source":{"url":"https://github.com/maennchen/ZipStream-PHP.git","type":"git","reference":"37e50c38274c3812741fde35be9f6a176d649b9a"},"dist":{"url":"https://api.github.com/repos/maennchen/ZipStream-PHP/zipball/37e50c38274c3812741fde35be9f6a176d649b9a","type":"zip","shasum":"","reference":"37e50c38274c3812741fde35be9f6a176d649b9a"},"support":{"issues":"https://github.com/maennchen/ZipStream-PHP/issues","source":"https://github.com/maennchen/ZipStream-PHP/tree/v1.0.0-alpha.1"},"funding":[{"url":"https://github.com/maennchen","type":"github"},{"url":"https://opencollective.com/zipstream","type":"open_collective"}],"time":"2018-04-02T13:25:14+00:00"},{"version":"v0.5.2","version_normalized":"0.5.2.0","authors":[{"name":"Paul Duncan","email":"pabs@pablotron.org"},{"name":"Jonatan Männchen","email":"jonatan@maennchen.ch"},{"name":"Jesse Donat","email":"donatj@gmail.com"}],"source":{"url":"https://github.com/maennchen/ZipStream-PHP.git","type":"git","reference":"95922b6324955974675fd4923f987faa598408af"},"dist":{"url":"https://api.github.com/repos/maennchen/ZipStream-PHP/zipball/95922b6324955974675fd4923f987faa598408af","type":"zip","shasum":"","reference":"95922b6324955974675fd4923f987faa598408af"},"support":{"issues":"https://github.com/maennchen/ZipStream-PHP/issues","source":"https://github.com/maennchen/ZipStream-PHP/tree/v0.5.2"},"time":"2018-02-09T09:26:57+00:00","require":{"php":">= 7.0","ext-mbstring":"*"},"require-dev":{"phpunit/phpunit":"^6.3"}},{"version":"v0.5.1","version_normalized":"0.5.1.0","source":{"url":"https://github.com/maennchen/ZipStream-PHP.git","type":"git","reference":"253855c215bf4b993b15b69b755c4b745e235db4"},"dist":{"url":"https://api.github.com/repos/maennchen/ZipStream-PHP/zipball/253855c215bf4b993b15b69b755c4b745e235db4","type":"zip","shasum":"","reference":"253855c215bf4b993b15b69b755c4b745e235db4"},"support":{"issues":"https://github.com/maennchen/ZipStream-PHP/issues","source":"https://github.com/maennchen/ZipStream-PHP/tree/v0.5.1"},"time":"2017-12-18T14:36:30+00:00"},{"version":"v0.5.0","version_normalized":"0.5.0.0","source":{"url":"https://github.com/maennchen/ZipStream-PHP.git","type":"git","reference":"14c3eb6d9599294edbe8c2331c6a00b2a2dc6e40"},"dist":{"url":"https://api.github.com/repos/maennchen/ZipStream-PHP/zipball/14c3eb6d9599294edbe8c2331c6a00b2a2dc6e40","type":"zip","shasum":"","reference":"14c3eb6d9599294edbe8c2331c6a00b2a2dc6e40"},"support":{"issues":"https://github.com/maennchen/ZipStream-PHP/issues","source":"https://github.com/maennchen/ZipStream-PHP/tree/v0.5.0"},"time":"2017-08-28T13:31:56+00:00"},{"version":"v0.4.1","version_normalized":"0.4.1.0","source":{"url":"https://github.com/maennchen/ZipStream-PHP.git","type":"git","reference":"89e0cdb3c9ecabef4da988852003781a7802afb7"},"dist":{"url":"https://api.github.com/repos/maennchen/ZipStream-PHP/zipball/89e0cdb3c9ecabef4da988852003781a7802afb7","type":"zip","shasum":"","reference":"89e0cdb3c9ecabef4da988852003781a7802afb7"},"support":{"issues":"https://github.com/maennchen/ZipStream-PHP/issues","source":"https://github.com/maennchen/ZipStream-PHP/tree/v0.4.1"},"time":"2016-09-13T10:29:17+00:00","require":{"php":">= 5.6","ext-mbstring":"*"},"require-dev":{"phpunit/phpunit":"4.3.*"}},{"version":"v0.4.0","version_normalized":"0.4.0.0","source":{"url":"https://github.com/maennchen/ZipStream-PHP.git","type":"git","reference":"b1fad778ef53873cb79ed7998a6515a967955746"},"dist":{"url":"https://api.github.com/repos/maennchen/ZipStream-PHP/zipball/b1fad778ef53873cb79ed7998a6515a967955746","type":"zip","shasum":"","reference":"b1fad778ef53873cb79ed7998a6515a967955746"},"support":{"issues":"https://github.com/maennchen/ZipStream-PHP/issues","source":"https://github.com/maennchen/ZipStream-PHP/tree/v0.4.0"},"time":"2016-09-13T10:19:09+00:00","require":{"php":">= 5.3","ext-mbstring":"*"}},{"version":"0.3.1","version_normalized":"0.3.1.0","source":{"url":"https://github.com/maennchen/ZipStream-PHP.git","type":"git","reference":"c492ddf4abcb0f6bed287faae35ebe77be7b690f"},"dist":{"url":"https://api.github.com/repos/maennchen/ZipStream-PHP/zipball/c492ddf4abcb0f6bed287faae35ebe77be7b690f","type":"zip","shasum":"","reference":"c492ddf4abcb0f6bed287faae35ebe77be7b690f"},"support":{"issues":"https://github.com/maennchen/ZipStream-PHP/issues","source":"https://github.com/maennchen/ZipStream-PHP/tree/0.3.1"},"time":"2016-02-27T22:32:42+00:00"},{"version":"0.3.0","version_normalized":"0.3.0.0","source":{"url":"https://github.com/maennchen/ZipStream-PHP.git","type":"git","reference":"6ef77339a768f5066310a1c908cd50cf6a5b05d7"},"dist":{"url":"https://api.github.com/repos/maennchen/ZipStream-PHP/zipball/6ef77339a768f5066310a1c908cd50cf6a5b05d7","type":"zip","shasum":"","reference":"6ef77339a768f5066310a1c908cd50cf6a5b05d7"},"support":{"issues":"https://github.com/maennchen/ZipStream-PHP/issues","source":"https://github.com/maennchen/ZipStream-PHP/tree/0.3.0"},"time":"2015-01-15T19:43:13+00:00","require":{"php":">= 5.3"}},{"description":" ZipStream is a library for dynamically streaming dynamic zip files from PHP without writing to the disk at all on the server.","version":"0.2.2","version_normalized":"0.2.2.0","license":["All Rights Reserved"],"authors":[{"name":"Paul Duncan","email":"pabs@pablotron.org"}],"source":{"url":"https://github.com/maennchen/ZipStream-PHP.git","type":"git","reference":"780d63ebc343268429a149ffca3cb7f598903a11"},"dist":{"url":"https://api.github.com/repos/maennchen/ZipStream-PHP/zipball/780d63ebc343268429a149ffca3cb7f598903a11","type":"zip","shasum":"","reference":"780d63ebc343268429a149ffca3cb7f598903a11"},"support":{"issues":"https://github.com/maennchen/ZipStream-PHP/issues","source":"https://github.com/maennchen/ZipStream-PHP/tree/0.2.2"},"time":"2013-11-13T13:21:25+00:00","autoload":{"classmap":["zipstream.php"]},"require-dev":"__unset"}]},"security-advisories":[],"last-modified":"Thu, 20 Feb 2025 18:31:30 GMT"}