{"minified":"composer/2.0","packages":{"markbaker/matrix":[{"name":"markbaker/matrix","description":"PHP Class for working with matrices","keywords":["mathematics","vector","matrix"],"homepage":"https://github.com/MarkBaker/PHPMatrix","version":"3.0.1","version_normalized":"3.0.1.0","license":["MIT"],"authors":[{"name":"Mark Baker","email":"mark@demon-angel.eu"}],"source":{"url":"https://github.com/MarkBaker/PHPMatrix.git","type":"git","reference":"728434227fe21be27ff6d86621a1b13107a2562c"},"dist":{"url":"https://api.github.com/repos/MarkBaker/PHPMatrix/zipball/728434227fe21be27ff6d86621a1b13107a2562c","type":"zip","shasum":"","reference":"728434227fe21be27ff6d86621a1b13107a2562c"},"type":"library","support":{"issues":"https://github.com/MarkBaker/PHPMatrix/issues","source":"https://github.com/MarkBaker/PHPMatrix/tree/3.0.1"},"funding":[],"time":"2022-12-02T22:17:43+00:00","autoload":{"psr-4":{"Matrix\\":"classes/src/"}},"require":{"php":"^7.1 || ^8.0"},"require-dev":{"phpunit/phpunit":"^7.0 || ^8.0 || ^9.0","phpdocumentor/phpdocumentor":"2.*","phpmd/phpmd":"2.*","sebastian/phpcpd":"^4.0","phploc/phploc":"^4.0","squizlabs/php_codesniffer":"^3.7","phpcompatibility/php-compatibility":"^9.3","dealerdirect/phpcodesniffer-composer-installer":"dev-master"}},{"version":"3.0.0","version_normalized":"3.0.0.0","source":{"url":"https://github.com/MarkBaker/PHPMatrix.git","type":"git","reference":"c66aefcafb4f6c269510e9ac46b82619a904c576"},"dist":{"url":"https://api.github.com/repos/MarkBaker/PHPMatrix/zipball/c66aefcafb4f6c269510e9ac46b82619a904c576","type":"zip","shasum":"","reference":"c66aefcafb4f6c269510e9ac46b82619a904c576"},"support":{"issues":"https://github.com/MarkBaker/PHPMatrix/issues","source":"https://github.com/MarkBaker/PHPMatrix/tree/3.0.0"},"time":"2021-07-01T19:01:15+00:00","require-dev":{"phpunit/phpunit":"^7.0 || ^8.0 || ^9.3","phpdocumentor/phpdocumentor":"2.*","phpmd/phpmd":"2.*","sebastian/phpcpd":"^4.0","phploc/phploc":"^4.0","squizlabs/php_codesniffer":"^3.4","phpcompatibility/php-compatibility":"^9.0","dealerdirect/phpcodesniffer-composer-installer":"^0.7.0"}},{"version":"2.1.4","version_normalized":"2.1.4.0","source":{"url":"https://github.com/MarkBaker/PHPMatrix.git","type":"git","reference":"469e937dc91aa087e43b21a5266cb7567f482f3e"},"dist":{"url":"https://api.github.com/repos/MarkBaker/PHPMatrix/zipball/469e937dc91aa087e43b21a5266cb7567f482f3e","type":"zip","shasum":"","reference":"469e937dc91aa087e43b21a5266cb7567f482f3e"},"support":{"issues":"https://github.com/MarkBaker/PHPMatrix/issues","source":"https://github.com/MarkBaker/PHPMatrix/tree/2.1.4"},"time":"2022-12-02T22:51:35+00:00","autoload":{"files":["classes/src/Functions/adjoint.php","classes/src/Functions/antidiagonal.php","classes/src/Functions/cofactors.php","classes/src/Functions/determinant.php","classes/src/Functions/diagonal.php","classes/src/Functions/identity.php","classes/src/Functions/inverse.php","classes/src/Functions/minors.php","classes/src/Functions/trace.php","classes/src/Functions/transpose.php","classes/src/Operations/add.php","classes/src/Operations/directsum.php","classes/src/Operations/subtract.php","classes/src/Operations/multiply.php","classes/src/Operations/divideby.php","classes/src/Operations/divideinto.php"],"psr-4":{"Matrix\\":"classes/src/"}},"require-dev":{"phpunit/phpunit":"^7.0 || ^8.0 || ^9.0","phpdocumentor/phpdocumentor":"2.*","phpmd/phpmd":"2.*","sebastian/phpcpd":"^4.0","phploc/phploc":"^4.0","squizlabs/php_codesniffer":"^3.7","phpcompatibility/php-compatibility":"^9.3","dealerdirect/phpcodesniffer-composer-installer":"dev-master"}},{"version":"2.1.3","version_normalized":"2.1.3.0","source":{"url":"https://github.com/MarkBaker/PHPMatrix.git","type":"git","reference":"174395a901b5ba0925f1d790fa91bab531074b61"},"dist":{"url":"https://api.github.com/repos/MarkBaker/PHPMatrix/zipball/174395a901b5ba0925f1d790fa91bab531074b61","type":"zip","shasum":"","reference":"174395a901b5ba0925f1d790fa91bab531074b61"},"support":{"issues":"https://github.com/MarkBaker/PHPMatrix/issues","source":"https://github.com/MarkBaker/PHPMatrix/tree/2.1.3"},"time":"2021-05-25T15:42:17+00:00","require-dev":{"phpunit/phpunit":"^7.0 || ^8.0 || ^9.3","phpdocumentor/phpdocumentor":"2.*","phpmd/phpmd":"2.*","sebastian/phpcpd":"^4.0","phploc/phploc":"^4.0","squizlabs/php_codesniffer":"^3.4","phpcompatibility/php-compatibility":"^9.0","dealerdirect/phpcodesniffer-composer-installer":"^0.7.0"}},{"version":"2.1.2","version_normalized":"2.1.2.0","source":{"url":"https://github.com/MarkBaker/PHPMatrix.git","type":"git","reference":"361c0f545c3172ee26c3d596a0aa03f0cef65e6a"},"dist":{"url":"https://api.github.com/repos/MarkBaker/PHPMatrix/zipball/361c0f545c3172ee26c3d596a0aa03f0cef65e6a","type":"zip","shasum":"","reference":"361c0f545c3172ee26c3d596a0aa03f0cef65e6a"},"support":{"issues":"https://github.com/MarkBaker/PHPMatrix/issues","source":"https://github.com/MarkBaker/PHPMatrix/tree/2.1.2"},"time":"2021-01-23T16:37:31+00:00"},{"version":"2.1.1","version_normalized":"2.1.1.0","source":{"url":"https://github.com/MarkBaker/PHPMatrix.git","type":"git","reference":"35a2d1a919a1de732402f694925168c53c17c838"},"dist":{"url":"https://api.github.com/repos/MarkBaker/PHPMatrix/zipball/35a2d1a919a1de732402f694925168c53c17c838","type":"zip","shasum":"","reference":"35a2d1a919a1de732402f694925168c53c17c838"},"support":{"issues":"https://github.com/MarkBaker/PHPMatrix/issues","source":"https://github.com/MarkBaker/PHPMatrix/tree/2.1.1"},"time":"2021-01-21T13:53:09+00:00"},{"version":"2.1.0","version_normalized":"2.1.0.0","source":{"url":"https://github.com/MarkBaker/PHPMatrix.git","type":"git","reference":"9b16a8544a00ac9f9354535ef64d0109f65e300e"},"dist":{"url":"https://api.github.com/repos/MarkBaker/PHPMatrix/zipball/9b16a8544a00ac9f9354535ef64d0109f65e300e","type":"zip","shasum":"","reference":"9b16a8544a00ac9f9354535ef64d0109f65e300e"},"support":{"issues":"https://github.com/MarkBaker/PHPMatrix/issues","source":"https://github.com/MarkBaker/PHPMatrix/tree/2.1.0"},"time":"2021-01-20T18:10:04+00:00"},{"version":"2.0.0","version_normalized":"2.0.0.0","source":{"url":"https://github.com/MarkBaker/PHPMatrix.git","type":"git","reference":"9567d9c4c519fbe40de01dbd1e4469dbbb66f46a"},"dist":{"url":"https://api.github.com/repos/MarkBaker/PHPMatrix/zipball/9567d9c4c519fbe40de01dbd1e4469dbbb66f46a","type":"zip","shasum":"","reference":"9567d9c4c519fbe40de01dbd1e4469dbbb66f46a"},"support":{"issues":"https://github.com/MarkBaker/PHPMatrix/issues","source":"https://github.com/MarkBaker/PHPMatrix/tree/PHP8"},"time":"2020-08-28T17:11:00+00:00","autoload":{"files":["classes/src/functions/adjoint.php","classes/src/functions/antidiagonal.php","classes/src/functions/cofactors.php","classes/src/functions/determinant.php","classes/src/functions/diagonal.php","classes/src/functions/identity.php","classes/src/functions/inverse.php","classes/src/functions/minors.php","classes/src/functions/trace.php","classes/src/functions/transpose.php","classes/src/operations/add.php","classes/src/operations/directsum.php","classes/src/operations/subtract.php","classes/src/operations/multiply.php","classes/src/operations/divideby.php","classes/src/operations/divideinto.php"],"psr-4":{"Matrix\\":"classes/src/"}},"require":{"php":"^7.2 || ^8.0"}},{"version":"1.2.3","version_normalized":"1.2.3.0","authors":[{"name":"Mark Baker","email":"mark@lange.demon.co.uk"}],"source":{"url":"https://github.com/MarkBaker/PHPMatrix.git","type":"git","reference":"44bb1ab01811116f01fe216ab37d921dccc6c10d"},"dist":{"url":"https://api.github.com/repos/MarkBaker/PHPMatrix/zipball/44bb1ab01811116f01fe216ab37d921dccc6c10d","type":"zip","shasum":"","reference":"44bb1ab01811116f01fe216ab37d921dccc6c10d"},"support":{"issues":"https://github.com/MarkBaker/PHPMatrix/issues","source":"https://github.com/MarkBaker/PHPMatrix/tree/1.2.3"},"time":"2021-01-26T14:36:01+00:00","autoload":{"files":["classes/src/Functions/adjoint.php","classes/src/Functions/antidiagonal.php","classes/src/Functions/cofactors.php","classes/src/Functions/determinant.php","classes/src/Functions/diagonal.php","classes/src/Functions/identity.php","classes/src/Functions/inverse.php","classes/src/Functions/minors.php","classes/src/Functions/trace.php","classes/src/Functions/transpose.php","classes/src/Operations/add.php","classes/src/Operations/directsum.php","classes/src/Operations/subtract.php","classes/src/Operations/multiply.php","classes/src/Operations/divideby.php","classes/src/Operations/divideinto.php"],"psr-4":{"Matrix\\":"classes/src/"}},"require":{"php":"^5.6.0|^7.0.0"},"require-dev":{"phpunit/phpunit":"^5.7|^6.0|7.0","phpmd/phpmd":"dev-master","sebastian/phpcpd":"^3.0","phploc/phploc":"^4","squizlabs/php_codesniffer":"^3.0@dev","phpcompatibility/php-compatibility":"dev-master","dealerdirect/phpcodesniffer-composer-installer":"dev-master"}},{"version":"1.2.2","version_normalized":"1.2.2.0","source":{"url":"https://github.com/MarkBaker/PHPMatrix.git","type":"git","reference":"a25c3e3c2ea01a2817be53e1d29c9e61c071e94d"},"dist":{"url":"https://api.github.com/repos/MarkBaker/PHPMatrix/zipball/a25c3e3c2ea01a2817be53e1d29c9e61c071e94d","type":"zip","shasum":"","reference":"a25c3e3c2ea01a2817be53e1d29c9e61c071e94d"},"support":{"issues":"https://github.com/MarkBaker/PHPMatrix/issues","source":"https://github.com/MarkBaker/PHPMatrix/tree/1.2.2"},"time":"2021-01-21T12:46:37+00:00"},{"version":"1.2.1","version_normalized":"1.2.1.0","source":{"url":"https://github.com/MarkBaker/PHPMatrix.git","type":"git","reference":"182d44c3b2e3b063468f7481ae3ef71c69dc1409"},"dist":{"url":"https://api.github.com/repos/MarkBaker/PHPMatrix/zipball/182d44c3b2e3b063468f7481ae3ef71c69dc1409","type":"zip","shasum":"","reference":"182d44c3b2e3b063468f7481ae3ef71c69dc1409"},"support":{"issues":"https://github.com/MarkBaker/PHPMatrix/issues","source":"https://github.com/MarkBaker/PHPMatrix/tree/1.2"},"time":"2020-08-28T19:41:55+00:00","autoload":{"files":["classes/src/functions/adjoint.php","classes/src/functions/antidiagonal.php","classes/src/functions/cofactors.php","classes/src/functions/determinant.php","classes/src/functions/diagonal.php","classes/src/functions/identity.php","classes/src/functions/inverse.php","classes/src/functions/minors.php","classes/src/functions/trace.php","classes/src/functions/transpose.php","classes/src/operations/add.php","classes/src/operations/directsum.php","classes/src/operations/subtract.php","classes/src/operations/multiply.php","classes/src/operations/divideby.php","classes/src/operations/divideinto.php"],"psr-4":{"Matrix\\":"classes/src/"}}},{"version":"1.2.0","version_normalized":"1.2.0.0","source":{"url":"https://github.com/MarkBaker/PHPMatrix.git","type":"git","reference":"5348c5a67e3b75cd209d70103f916a93b1f1ed21"},"dist":{"url":"https://api.github.com/repos/MarkBaker/PHPMatrix/zipball/5348c5a67e3b75cd209d70103f916a93b1f1ed21","type":"zip","shasum":"","reference":"5348c5a67e3b75cd209d70103f916a93b1f1ed21"},"support":{"issues":"https://github.com/MarkBaker/PHPMatrix/issues","source":"https://github.com/MarkBaker/PHPMatrix/tree/develop"},"time":"2019-10-06T11:29:25+00:00","require-dev":{"phpunit/phpunit":"^5.7","phpmd/phpmd":"dev-master","sebastian/phpcpd":"^3.0","phploc/phploc":"^4","squizlabs/php_codesniffer":"^3.0@dev","phpcompatibility/php-compatibility":"dev-master","dealerdirect/phpcodesniffer-composer-installer":"dev-master"},"funding":"__unset"},{"version":"1.1.4","version_normalized":"1.1.4.0","source":{"url":"https://github.com/MarkBaker/PHPMatrix.git","type":"git","reference":"6ea97472b5baf12119b4f31f802835b820dd6d64"},"dist":{"url":"https://api.github.com/repos/MarkBaker/PHPMatrix/zipball/6ea97472b5baf12119b4f31f802835b820dd6d64","type":"zip","shasum":"","reference":"6ea97472b5baf12119b4f31f802835b820dd6d64"},"time":"2018-11-04T22:12:12+00:00","require-dev":{"phpunit/phpunit":"^4.8.35|^5.4.0","phpdocumentor/phpdocumentor":"2.*","phpmd/phpmd":"2.*","sebastian/phpcpd":"2.*","phploc/phploc":"2.*","squizlabs/php_codesniffer":"^3.3.0","phpcompatibility/php-compatibility":"^8.0","dealerdirect/phpcodesniffer-composer-installer":"^0.4.3"}},{"version":"1.1.3","version_normalized":"1.1.3.0","source":{"url":"https://github.com/MarkBaker/PHPMatrix.git","type":"git","reference":"252446fd4c00cea90bf0fcfb80aab97803ed9622"},"dist":{"url":"https://api.github.com/repos/MarkBaker/PHPMatrix/zipball/252446fd4c00cea90bf0fcfb80aab97803ed9622","type":"zip","shasum":"","reference":"252446fd4c00cea90bf0fcfb80aab97803ed9622"},"time":"2018-11-04T19:08:48+00:00","autoload":{"files":["classes/src/functions/adjoint.php","classes/src/functions/antidiagonal.php","classes/src/functions/cofactors.php","classes/src/functions/determinant.php","classes/src/functions/diagonal.php","classes/src/functions/identity.php","classes/src/functions/inverse.php","classes/src/functions/minors.php","classes/src/functions/trace.php","classes/src/functions/transpose.php","classes/src/operations/add.php","classes/src/operations/subtract.php","classes/src/operations/multiply.php","classes/src/operations/divideby.php","classes/src/operations/divideinto.php"],"psr-4":{"Matrix\\":"classes/src/"}}},{"version":"1.1.2","version_normalized":"1.1.2.0","source":{"url":"https://github.com/MarkBaker/PHPMatrix.git","type":"git","reference":"6c2a03ccb84adc334a8d3b2a189df88d14371848"},"dist":{"url":"https://api.github.com/repos/MarkBaker/PHPMatrix/zipball/6c2a03ccb84adc334a8d3b2a189df88d14371848","type":"zip","shasum":"","reference":"6c2a03ccb84adc334a8d3b2a189df88d14371848"},"time":"2018-10-14T11:04:44+00:00"},{"version":"1.1.1","version_normalized":"1.1.1.0","source":{"url":"https://github.com/MarkBaker/PHPMatrix.git","type":"git","reference":"4e56236e0c799ba9e103a8f39e2ed39807820043"},"dist":{"url":"https://api.github.com/repos/MarkBaker/PHPMatrix/zipball/4e56236e0c799ba9e103a8f39e2ed39807820043","type":"zip","shasum":"","reference":"4e56236e0c799ba9e103a8f39e2ed39807820043"},"time":"2018-10-14T00:01:04+00:00"},{"version":"1.1.0","version_normalized":"1.1.0.0","source":{"url":"https://github.com/MarkBaker/PHPMatrix.git","type":"git","reference":"b3d49e2d76297282fb8e7b56b13af3dc8ffd9683"},"dist":{"url":"https://api.github.com/repos/MarkBaker/PHPMatrix/zipball/b3d49e2d76297282fb8e7b56b13af3dc8ffd9683","type":"zip","shasum":"","reference":"b3d49e2d76297282fb8e7b56b13af3dc8ffd9683"},"time":"2018-08-12T22:13:56+00:00"},{"version":"1.0.0","version_normalized":"1.0.0.0","source":{"url":"https://github.com/MarkBaker/PHPMatrix.git","type":"git","reference":"bc35fc712909d0805b6e11e1f1f450b91ff9039e"},"dist":{"url":"https://api.github.com/repos/MarkBaker/PHPMatrix/zipball/bc35fc712909d0805b6e11e1f1f450b91ff9039e","type":"zip","shasum":"","reference":"bc35fc712909d0805b6e11e1f1f450b91ff9039e"},"support":{"issues":"https://github.com/MarkBaker/PHPMatrix/issues","source":"https://github.com/MarkBaker/PHPMatrix/tree/1.0.0"},"time":"2018-08-12T19:06:27+00:00","autoload":{"files":["classes/src/functions/adjoint.php","classes/src/functions/antidiagonal.php","classes/src/functions/cofactors.php","classes/src/functions/determinant.php","classes/src/functions/diagonal.php","classes/src/functions/identity.php","classes/src/functions/inverse.php","classes/src/functions/minors.php","classes/src/functions/trace.php","classes/src/functions/transpose.php","classes/src/operations/add.php","classes/src/operations/subtract.php","classes/src/operations/multiply.php","classes/src/operations/divideby.php","classes/src/operations/divideinto.php"],"psr-4":{"Complex\\":"classes/src/"}}},{"version":"0.2.0","version_normalized":"0.2.0.0","source":{"url":"https://github.com/MarkBaker/PHPMatrix.git","type":"git","reference":"ff99ee06ec9aaf5ba9b76e21b78d94c250fa9357"},"dist":{"url":"https://api.github.com/repos/MarkBaker/PHPMatrix/zipball/ff99ee06ec9aaf5ba9b76e21b78d94c250fa9357","type":"zip","shasum":"","reference":"ff99ee06ec9aaf5ba9b76e21b78d94c250fa9357"},"support":{"issues":"https://github.com/MarkBaker/PHPMatrix/issues","source":"https://github.com/MarkBaker/PHPMatrix/tree/0.2.0"},"time":"2018-08-12T12:22:38+00:00"},{"version":"0.1.0","version_normalized":"0.1.0.0"}]},"security-advisories":[],"last-modified":"Sat, 30 Mar 2024 00:18:57 GMT"}