{"minified":"composer/2.0","packages":{"intervention/gif":[{"name":"intervention/gif","description":"Native PHP GIF Encoder/Decoder","keywords":["image","gd","gif","animation"],"homepage":"https://github.com/intervention/gif","version":"4.2.2","version_normalized":"4.2.2.0","license":["MIT"],"authors":[{"name":"Oliver Vogel","email":"oliver@intervention.io","homepage":"https://intervention.io/"}],"source":{"url":"https://github.com/Intervention/gif.git","type":"git","reference":"5999eac6a39aa760fb803bc809e8909ee67b451a"},"dist":{"url":"https://api.github.com/repos/Intervention/gif/zipball/5999eac6a39aa760fb803bc809e8909ee67b451a","type":"zip","shasum":"","reference":"5999eac6a39aa760fb803bc809e8909ee67b451a"},"type":"library","support":{"issues":"https://github.com/Intervention/gif/issues","source":"https://github.com/Intervention/gif/tree/4.2.2"},"funding":[{"url":"https://paypal.me/interventionio","type":"custom"},{"url":"https://github.com/Intervention","type":"github"},{"url":"https://ko-fi.com/interventionphp","type":"ko_fi"}],"time":"2025-03-29T07:46:21+00:00","autoload":{"psr-4":{"Intervention\\Gif\\":"src"}},"require":{"php":"^8.1"},"require-dev":{"phpunit/phpunit":"^10.0 || ^11.0  || ^12.0","phpstan/phpstan":"^2.1","squizlabs/php_codesniffer":"^3.8","slevomat/coding-standard":"~8.0"}},{"version":"4.2.1","version_normalized":"4.2.1.0","source":{"url":"https://github.com/Intervention/gif.git","type":"git","reference":"6addac2c68b4bc0e37d0d3ccedda57eb84729c49"},"dist":{"url":"https://api.github.com/repos/Intervention/gif/zipball/6addac2c68b4bc0e37d0d3ccedda57eb84729c49","type":"zip","shasum":"","reference":"6addac2c68b4bc0e37d0d3ccedda57eb84729c49"},"support":{"issues":"https://github.com/Intervention/gif/issues","source":"https://github.com/Intervention/gif/tree/4.2.1"},"time":"2025-01-05T10:52:39+00:00","require-dev":{"phpunit/phpunit":"^10.0 || ^11.0","phpstan/phpstan":"^2.1","squizlabs/php_codesniffer":"^3.8","slevomat/coding-standard":"~8.0"}},{"version":"4.2.0","version_normalized":"4.2.0.0","source":{"url":"https://github.com/Intervention/gif.git","type":"git","reference":"42c131a31b93c440ad49061b599fa218f06f93be"},"dist":{"url":"https://api.github.com/repos/Intervention/gif/zipball/42c131a31b93c440ad49061b599fa218f06f93be","type":"zip","shasum":"","reference":"42c131a31b93c440ad49061b599fa218f06f93be"},"support":{"issues":"https://github.com/Intervention/gif/issues","source":"https://github.com/Intervention/gif/tree/4.2.0"},"time":"2024-09-20T13:35:02+00:00","require-dev":{"phpunit/phpunit":"^10.0","phpstan/phpstan":"^1","squizlabs/php_codesniffer":"^3.8","slevomat/coding-standard":"~8.0"}},{"version":"4.1.0","version_normalized":"4.1.0.0","source":{"url":"https://github.com/Intervention/gif.git","type":"git","reference":"3a2b5f8a8856e8877cdab5c47e51aab2d4cb23a3"},"dist":{"url":"https://api.github.com/repos/Intervention/gif/zipball/3a2b5f8a8856e8877cdab5c47e51aab2d4cb23a3","type":"zip","shasum":"","reference":"3a2b5f8a8856e8877cdab5c47e51aab2d4cb23a3"},"support":{"issues":"https://github.com/Intervention/gif/issues","source":"https://github.com/Intervention/gif/tree/4.1.0"},"funding":[{"url":"https://paypal.me/interventionio","type":"custom"},{"url":"https://github.com/Intervention","type":"github"}],"time":"2024-03-26T17:23:47+00:00"},{"version":"4.0.2","version_normalized":"4.0.2.0","source":{"url":"https://github.com/Intervention/gif.git","type":"git","reference":"c2b07d1f69709e196c8b4ced423449a7e0f3b925"},"dist":{"url":"https://api.github.com/repos/Intervention/gif/zipball/c2b07d1f69709e196c8b4ced423449a7e0f3b925","type":"zip","shasum":"","reference":"c2b07d1f69709e196c8b4ced423449a7e0f3b925"},"support":{"issues":"https://github.com/Intervention/gif/issues","source":"https://github.com/Intervention/gif/tree/4.0.2"},"time":"2024-02-18T15:36:58+00:00","require-dev":{"phpunit/phpunit":"^9","phpstan/phpstan":"^1","squizlabs/php_codesniffer":"^3.8","slevomat/coding-standard":"~8.0"}},{"version":"4.0.1","version_normalized":"4.0.1.0","source":{"url":"https://github.com/Intervention/gif.git","type":"git","reference":"3d4fa6e5eed87f344ada9c0beb410d68e9f274ae"},"dist":{"url":"https://api.github.com/repos/Intervention/gif/zipball/3d4fa6e5eed87f344ada9c0beb410d68e9f274ae","type":"zip","shasum":"","reference":"3d4fa6e5eed87f344ada9c0beb410d68e9f274ae"},"support":{"issues":"https://github.com/Intervention/gif/issues","source":"https://github.com/Intervention/gif/tree/4.0.1"},"time":"2024-01-27T08:01:45+00:00","require-dev":{"phpunit/phpunit":"^9","phpstan/phpstan":"^1","squizlabs/php_codesniffer":"^3.8"}},{"version":"4.0.0","version_normalized":"4.0.0.0","source":{"url":"https://github.com/Intervention/gif.git","type":"git","reference":"521010e0cf1f5cde9df54b8adcd7496ab5f1504f"},"dist":{"url":"https://api.github.com/repos/Intervention/gif/zipball/521010e0cf1f5cde9df54b8adcd7496ab5f1504f","type":"zip","shasum":"","reference":"521010e0cf1f5cde9df54b8adcd7496ab5f1504f"},"support":{"issues":"https://github.com/Intervention/gif/issues","source":"https://github.com/Intervention/gif/tree/4.0.0"},"funding":[],"time":"2024-01-06T16:35:57+00:00","require-dev":{"phpunit/phpunit":"^9","phpstan/phpstan":"^1"}},{"version":"3.0.0","version_normalized":"3.0.0.0","source":{"url":"https://github.com/Intervention/gif.git","type":"git","reference":"cfececc760862f075a52acf747031bad08c8301b"},"dist":{"url":"https://api.github.com/repos/Intervention/gif/zipball/cfececc760862f075a52acf747031bad08c8301b","type":"zip","shasum":"","reference":"cfececc760862f075a52acf747031bad08c8301b"},"support":{"issues":"https://github.com/Intervention/gif/issues","source":"https://github.com/Intervention/gif/tree/3.0.0"},"time":"2023-11-27T18:54:30+00:00","require":{"php":"^8.0"}},{"version":"3.0.0-alpha.9","version_normalized":"3.0.0.0-alpha9","support":{"issues":"https://github.com/Intervention/gif/issues","source":"https://github.com/Intervention/gif/tree/3.0.0-alpha.9"}},{"version":"3.0.0-alpha.8","version_normalized":"3.0.0.0-alpha8","source":{"url":"https://github.com/Intervention/gif.git","type":"git","reference":"560134388b869685d6b66b1a64522798212f2a69"},"dist":{"url":"https://api.github.com/repos/Intervention/gif/zipball/560134388b869685d6b66b1a64522798212f2a69","type":"zip","shasum":"","reference":"560134388b869685d6b66b1a64522798212f2a69"},"support":{"issues":"https://github.com/Intervention/gif/issues","source":"https://github.com/Intervention/gif/tree/3.0.0-alpha.8"},"time":"2023-11-12T13:16:08+00:00"},{"version":"3.0.0-alpha.7","version_normalized":"3.0.0.0-alpha7","source":{"url":"https://github.com/Intervention/gif.git","type":"git","reference":"2cc46c3d6c081864f4e51aa33eebc4e59c6340c4"},"dist":{"url":"https://api.github.com/repos/Intervention/gif/zipball/2cc46c3d6c081864f4e51aa33eebc4e59c6340c4","type":"zip","shasum":"","reference":"2cc46c3d6c081864f4e51aa33eebc4e59c6340c4"},"support":{"issues":"https://github.com/Intervention/gif/issues","source":"https://github.com/Intervention/gif/tree/3.0.0-alpha.7"},"time":"2023-11-12T09:45:49+00:00"},{"version":"3.0.0-alpha.6","version_normalized":"3.0.0.0-alpha6","source":{"url":"https://github.com/Intervention/gif.git","type":"git","reference":"292963ad13e2314aec3f881e49e00434f04416da"},"dist":{"url":"https://api.github.com/repos/Intervention/gif/zipball/292963ad13e2314aec3f881e49e00434f04416da","type":"zip","shasum":"","reference":"292963ad13e2314aec3f881e49e00434f04416da"},"support":{"issues":"https://github.com/Intervention/gif/issues","source":"https://github.com/Intervention/gif/tree/3.0.0-alpha.6"},"time":"2023-11-12T09:07:08+00:00"},{"version":"3.0.0-alpha.5","version_normalized":"3.0.0.0-alpha5","source":{"url":"https://github.com/Intervention/gif.git","type":"git","reference":"a3c75f7a8c95924f2e5caf002d0262006b4a1a97"},"dist":{"url":"https://api.github.com/repos/Intervention/gif/zipball/a3c75f7a8c95924f2e5caf002d0262006b4a1a97","type":"zip","shasum":"","reference":"a3c75f7a8c95924f2e5caf002d0262006b4a1a97"},"support":{"issues":"https://github.com/Intervention/gif/issues","source":"https://github.com/Intervention/gif/tree/3.0.0-alpha.5"},"time":"2023-11-12T09:04:00+00:00"},{"version":"3.0.0-alpha.4","version_normalized":"3.0.0.0-alpha4","source":{"url":"https://github.com/Intervention/gif.git","type":"git","reference":"fdcc830c15a41ae992d3bf40675318e2b6201d8b"},"dist":{"url":"https://api.github.com/repos/Intervention/gif/zipball/fdcc830c15a41ae992d3bf40675318e2b6201d8b","type":"zip","shasum":"","reference":"fdcc830c15a41ae992d3bf40675318e2b6201d8b"},"support":{"issues":"https://github.com/Intervention/gif/issues","source":"https://github.com/Intervention/gif/tree/3.0.0-alpha.4"},"time":"2023-10-28T13:43:13+00:00"},{"version":"3.0.0-alpha.3","version_normalized":"3.0.0.0-alpha3","source":{"url":"https://github.com/Intervention/gif.git","type":"git","reference":"7d893db9f7444fbb82ba3bc75807ab0cea28750f"},"dist":{"url":"https://api.github.com/repos/Intervention/gif/zipball/7d893db9f7444fbb82ba3bc75807ab0cea28750f","type":"zip","shasum":"","reference":"7d893db9f7444fbb82ba3bc75807ab0cea28750f"},"support":{"issues":"https://github.com/Intervention/gif/issues","source":"https://github.com/Intervention/gif/tree/3.0.0-alpha.3"},"time":"2022-06-21T08:11:36+00:00","require-dev":{"phpunit/phpunit":"^9.0","phpstan/phpstan":"^1"}},{"version":"3.0.0-alpha.2","version_normalized":"3.0.0.0-alpha2","source":{"url":"https://github.com/Intervention/gif.git","type":"git","reference":"e8d7c6206b62ec6112a3e705e5ecc3c4718184ea"},"dist":{"url":"https://api.github.com/repos/Intervention/gif/zipball/e8d7c6206b62ec6112a3e705e5ecc3c4718184ea","type":"zip","shasum":"","reference":"e8d7c6206b62ec6112a3e705e5ecc3c4718184ea"},"support":{"issues":"https://github.com/Intervention/gif/issues","source":"https://github.com/Intervention/gif/tree/3.0.0-alpha.2"},"time":"2022-05-20T14:05:56+00:00"},{"version":"3.0.0-alpha.1","version_normalized":"3.0.0.0-alpha1","authors":[{"name":"Oliver Vogel","email":"oliver@olivervogel.com","homepage":"https://intervention.io/"}],"source":{"url":"https://github.com/Intervention/gif.git","type":"git","reference":"0f4565d92ec80c24ad8a00bf8439300e0830ed5e"},"dist":{"url":"https://api.github.com/repos/Intervention/gif/zipball/0f4565d92ec80c24ad8a00bf8439300e0830ed5e","type":"zip","shasum":"","reference":"0f4565d92ec80c24ad8a00bf8439300e0830ed5e"},"support":{"issues":"https://github.com/Intervention/gif/issues","source":"https://github.com/Intervention/gif/tree/3.0.0-alpha.1"},"time":"2021-10-29T18:05:39+00:00","require":{"php":"^7.3|^8.0"},"require-dev":{"phpunit/phpunit":"^9.0","phpstan/phpstan":"^0.12.17"}},{"version":"1.0.1-beta2","version_normalized":"1.0.1.0-beta2","source":{"url":"https://github.com/Intervention/gif.git","type":"git","reference":"1ef545c486dc8926cf466f8bf172687f028d93e0"},"dist":{"url":"https://api.github.com/repos/Intervention/gif/zipball/1ef545c486dc8926cf466f8bf172687f028d93e0","type":"zip","shasum":"","reference":"1ef545c486dc8926cf466f8bf172687f028d93e0"},"support":{"issues":"https://github.com/Intervention/gif/issues","source":"https://github.com/Intervention/gif/tree/1.0.1-beta2"},"time":"2021-01-02T10:09:19+00:00"},{"version":"1.0.1-beta","version_normalized":"1.0.1.0-beta","source":{"url":"https://github.com/Intervention/gif.git","type":"git","reference":"904140291b55e532569e167bef5d56422be9d644"},"dist":{"url":"https://api.github.com/repos/Intervention/gif/zipball/904140291b55e532569e167bef5d56422be9d644","type":"zip","shasum":"","reference":"904140291b55e532569e167bef5d56422be9d644"},"support":{"issues":"https://github.com/Intervention/gif/issues","source":"https://github.com/Intervention/gif/tree/1.0.1-beta"},"time":"2020-11-27T17:35:11+00:00"},{"version":"1.0.0-beta","version_normalized":"1.0.0.0-beta","source":{"url":"https://github.com/Intervention/gif.git","type":"git","reference":"fce7b44268b24678713bd941377b7ffc44fa3264"},"dist":{"url":"https://api.github.com/repos/Intervention/gif/zipball/fce7b44268b24678713bd941377b7ffc44fa3264","type":"zip","shasum":"","reference":"fce7b44268b24678713bd941377b7ffc44fa3264"},"support":{"issues":"https://github.com/Intervention/gif/issues","source":"https://github.com/Intervention/gif/tree/master"},"time":"2020-04-19T12:40:29+00:00","require":{"php":"^7.2"},"require-dev":{"phpunit/phpunit":"^8.0","phpstan/phpstan":"^0.12.17"}},{"version":"1.0.0-alpha","version_normalized":"1.0.0.0-alpha","source":{"url":"https://github.com/Intervention/gif.git","type":"git","reference":"1670fd87856abfcf0e8be7232aece70b784b8968"},"dist":{"url":"https://api.github.com/repos/Intervention/gif/zipball/1670fd87856abfcf0e8be7232aece70b784b8968","type":"zip","shasum":"","reference":"1670fd87856abfcf0e8be7232aece70b784b8968"},"time":"2020-04-17T12:56:02+00:00"},{"description":"Native PHP GIF Encoder/Decoder for GD library","version":"0.5.0","version_normalized":"0.5.0.0","authors":[{"name":"Oliver Vogel","email":"oliver@olivervogel.com","homepage":"http://olivervogel.com/"}],"source":{"url":"https://github.com/Intervention/gif.git","type":"git","reference":"280b4eae2db2821dae094e852317d96e867897bb"},"dist":{"url":"https://api.github.com/repos/Intervention/gif/zipball/280b4eae2db2821dae094e852317d96e867897bb","type":"zip","shasum":"","reference":"280b4eae2db2821dae094e852317d96e867897bb"},"time":"2015-09-08T15:28:45+00:00","autoload":{"psr-4":{"Intervention\\Gif\\":"src/Intervention/Gif"}},"require":{"php":">=5.3.0"},"require-dev":{"phpunit/phpunit":"3.*","mockery/mockery":"~0.9.2"},"funding":"__unset"}]},"security-advisories":[],"last-modified":"Sat, 29 Mar 2025 07:59:03 GMT"}