{"minified":"composer/2.0","packages":{"socialiteproviders/microsoft-graph":[{"name":"socialiteproviders/microsoft-graph","description":"Microsoft Graph OAuth2 Provider for Laravel Socialite","keywords":[],"homepage":"","version":"4.1.1","version_normalized":"4.1.1.0","license":["MIT"],"authors":[{"name":"Chris Edgerton","email":"cjedgerton@gmail.com"}],"source":{"url":"https://github.com/SocialiteProviders/Microsoft-Graph.git","type":"git","reference":"ce12e054cbf40074b41e418b40fe684de01e7726"},"dist":{"url":"https://api.github.com/repos/SocialiteProviders/Microsoft-Graph/zipball/ce12e054cbf40074b41e418b40fe684de01e7726","type":"zip","shasum":"","reference":"ce12e054cbf40074b41e418b40fe684de01e7726"},"type":"library","support":{"source":"https://github.com/SocialiteProviders/Microsoft-Graph/tree/4.1.1"},"funding":[],"time":"2020-12-07T22:18:26+00:00","autoload":{"psr-4":{"SocialiteProviders\\Graph\\":""}},"require":{"php":"^7.2 || ^8.0","ext-json":"*","socialiteproviders/manager":"~4.0"}},{"version":"4.1.0","version_normalized":"4.1.0.0","source":{"url":"https://github.com/SocialiteProviders/Microsoft-Graph.git","type":"git","reference":"89b136b0c721b164c31ee12d60b20a666ec7fd65"},"dist":{"url":"https://api.github.com/repos/SocialiteProviders/Microsoft-Graph/zipball/89b136b0c721b164c31ee12d60b20a666ec7fd65","type":"zip","shasum":"","reference":"89b136b0c721b164c31ee12d60b20a666ec7fd65"},"support":{"source":"https://github.com/SocialiteProviders/Microsoft-Graph/tree/4.1.0"},"time":"2020-12-01T23:10:59+00:00"},{"version":"4.0.0","version_normalized":"4.0.0.0","source":{"url":"https://github.com/SocialiteProviders/Microsoft-Graph.git","type":"git","reference":"83fd23194dae52df40530af2a995af722f472e5d"},"dist":{"url":"https://api.github.com/repos/SocialiteProviders/Microsoft-Graph/zipball/83fd23194dae52df40530af2a995af722f472e5d","type":"zip","shasum":"","reference":"83fd23194dae52df40530af2a995af722f472e5d"},"support":{"source":"https://github.com/SocialiteProviders/Microsoft-Graph/tree/4.0.0"},"time":"2020-10-25T22:31:20+00:00","require":{"php":"^7.2","ext-json":"*","socialiteproviders/manager":"~4.0"}},{"version":"v3.1.0","version_normalized":"3.1.0.0","source":{"url":"https://github.com/SocialiteProviders/Microsoft-Graph.git","type":"git","reference":"ebdf35711ff3e289cef2dbae847af703a4e7d6a8"},"dist":{"url":"https://api.github.com/repos/SocialiteProviders/Microsoft-Graph/zipball/ebdf35711ff3e289cef2dbae847af703a4e7d6a8","type":"zip","shasum":"","reference":"ebdf35711ff3e289cef2dbae847af703a4e7d6a8"},"support":{"issues":"https://github.com/SocialiteProviders/Microsoft-Graph/issues","source":"https://github.com/SocialiteProviders/Microsoft-Graph/tree/master"},"time":"2020-04-30T23:01:40+00:00","require":{"php":"^5.6 || ^7.0","ext-json":"*","socialiteproviders/manager":"~2.0 || ~3.0"}},{"version":"v2.1","version_normalized":"2.1.0.0","source":{"url":"https://github.com/SocialiteProviders/Microsoft-Graph.git","type":"git","reference":"c75235c63a7569e80893e3beee31f0d64dfb3f69"},"dist":{"url":"https://api.github.com/repos/SocialiteProviders/Microsoft-Graph/zipball/c75235c63a7569e80893e3beee31f0d64dfb3f69","type":"zip","shasum":"","reference":"c75235c63a7569e80893e3beee31f0d64dfb3f69"},"support":{"issues":"https://github.com/SocialiteProviders/Microsoft-Graph/issues","source":"https://github.com/SocialiteProviders/Microsoft-Graph/tree/v2.1"},"time":"2019-01-11T19:48:14+00:00","require":{"php":"^5.6 || ^7.0","socialiteproviders/manager":"~2.0 || ~3.0"},"funding":"__unset"},{"version":"v2.0.2","version_normalized":"2.0.2.0","source":{"url":"https://github.com/SocialiteProviders/Microsoft-Graph.git","type":"git","reference":"f0406a0b9854928bfff8c7cadcfe3fc440525c65"},"dist":{"url":"https://api.github.com/repos/SocialiteProviders/Microsoft-Graph/zipball/f0406a0b9854928bfff8c7cadcfe3fc440525c65","type":"zip","shasum":"","reference":"f0406a0b9854928bfff8c7cadcfe3fc440525c65"},"support":{"issues":"https://github.com/SocialiteProviders/Microsoft-Graph/issues","source":"https://github.com/SocialiteProviders/Microsoft-Graph/tree/v2.0.2"},"time":"2017-02-11T15:58:41+00:00","require":{"php":"^5.6 || ^7.0","socialiteproviders/manager":"~3.0"}},{"version":"v2.0.1","version_normalized":"2.0.1.0","source":{"url":"https://github.com/SocialiteProviders/Microsoft-Graph.git","type":"git","reference":"46551a7d33b669e44c43d07c05b17530c45de461"},"dist":{"url":"https://api.github.com/repos/SocialiteProviders/Microsoft-Graph/zipball/46551a7d33b669e44c43d07c05b17530c45de461","type":"zip","shasum":"","reference":"46551a7d33b669e44c43d07c05b17530c45de461"},"support":{"issues":"https://github.com/SocialiteProviders/Microsoft-Graph/issues","source":"https://github.com/SocialiteProviders/Microsoft-Graph/tree/v2.0.1"},"time":"2017-02-10T08:39:18+00:00"},{"version":"v2.0.0","version_normalized":"2.0.0.0","source":{"url":"https://github.com/SocialiteProviders/Microsoft-Graph.git","type":"git","reference":"773f231c9146a86e398689d90d70617215b032d8"},"dist":{"url":"https://api.github.com/repos/SocialiteProviders/Microsoft-Graph/zipball/773f231c9146a86e398689d90d70617215b032d8","type":"zip","shasum":"","reference":"773f231c9146a86e398689d90d70617215b032d8"},"support":{"issues":"https://github.com/SocialiteProviders/Microsoft-Graph/issues","source":"https://github.com/SocialiteProviders/Microsoft-Graph/tree/v2.0.0"},"time":"2017-01-25T09:48:29+00:00"},{"version":"v1.0.0","version_normalized":"1.0.0.0","source":{"url":"https://github.com/SocialiteProviders/Microsoft-Graph.git","type":"git","reference":"1c4e8621e5f029a127600176b5a582821c097f9a"},"dist":{"url":"https://api.github.com/repos/SocialiteProviders/Microsoft-Graph/zipball/1c4e8621e5f029a127600176b5a582821c097f9a","type":"zip","shasum":"","reference":"1c4e8621e5f029a127600176b5a582821c097f9a"},"support":{"issues":"https://github.com/SocialiteProviders/Microsoft-Graph/issues","source":"https://github.com/SocialiteProviders/Microsoft-Graph/tree/master"},"time":"2017-01-10T07:36:35+00:00","require":{"php":"^5.6 || ^7.0","socialiteproviders/manager":"~2.0"}}]},"security-advisories":[],"last-modified":"Mon, 01 Apr 2024 23:46:02 GMT"}