{"minified":"composer/2.0","packages":{"laravel/pail":[{"name":"laravel/pail","description":"Easily delve into your Laravel application's log files directly from the command line.","keywords":["php","laravel","tail","logs"],"homepage":"https://github.com/laravel/pail","version":"v1.2.2","version_normalized":"1.2.2.0","license":["MIT"],"authors":[{"name":"Taylor Otwell","email":"taylor@laravel.com"},{"name":"Nuno Maduro","email":"enunomaduro@gmail.com"}],"source":{"url":"https://github.com/laravel/pail.git","type":"git","reference":"f31f4980f52be17c4667f3eafe034e6826787db2"},"dist":{"url":"https://api.github.com/repos/laravel/pail/zipball/f31f4980f52be17c4667f3eafe034e6826787db2","type":"zip","shasum":"","reference":"f31f4980f52be17c4667f3eafe034e6826787db2"},"type":"library","support":{"issues":"https://github.com/laravel/pail/issues","source":"https://github.com/laravel/pail"},"funding":[],"time":"2025-01-28T15:15:15+00:00","autoload":{"psr-4":{"Laravel\\Pail\\":"src/"}},"extra":{"laravel":{"providers":["Laravel\\Pail\\PailServiceProvider"]},"branch-alias":{"dev-main":"1.x-dev"}},"require":{"php":"^8.2","ext-mbstring":"*","illuminate/console":"^10.24|^11.0|^12.0","illuminate/contracts":"^10.24|^11.0|^12.0","illuminate/log":"^10.24|^11.0|^12.0","illuminate/process":"^10.24|^11.0|^12.0","illuminate/support":"^10.24|^11.0|^12.0","nunomaduro/termwind":"^1.15|^2.0","symfony/console":"^6.0|^7.0"},"require-dev":{"laravel/framework":"^10.24|^11.0|^12.0","laravel/pint":"^1.13","orchestra/testbench-core":"^8.13|^9.0|^10.0","pestphp/pest":"^2.20|^3.0","pestphp/pest-plugin-type-coverage":"^2.3|^3.0","phpstan/phpstan":"^1.10","symfony/var-dumper":"^6.3|^7.0"}},{"version":"v1.2.1","version_normalized":"1.2.1.0","source":{"url":"https://github.com/laravel/pail.git","type":"git","reference":"353ac12134b98e2e7c3333d916bd3e523931e583"},"dist":{"url":"https://api.github.com/repos/laravel/pail/zipball/353ac12134b98e2e7c3333d916bd3e523931e583","type":"zip","shasum":"","reference":"353ac12134b98e2e7c3333d916bd3e523931e583"},"time":"2024-10-23T12:56:23+00:00","require":{"php":"^8.2","ext-mbstring":"*","illuminate/console":"^10.24|^11.0","illuminate/contracts":"^10.24|^11.0","illuminate/log":"^10.24|^11.0","illuminate/process":"^10.24|^11.0","illuminate/support":"^10.24|^11.0","nunomaduro/termwind":"^1.15|^2.0","symfony/console":"^6.0|^7.0"},"require-dev":{"laravel/framework":"^10.24|^11.0","laravel/pint":"^1.13","orchestra/testbench-core":"^8.12|^9.0","pestphp/pest":"^2.20","pestphp/pest-plugin-type-coverage":"^2.3","phpstan/phpstan":"^1.10","symfony/var-dumper":"^6.3|^7.0"}},{"version":"v1.2.0","version_normalized":"1.2.0.0","source":{"url":"https://github.com/laravel/pail.git","type":"git","reference":"085a2306b520c3896afa361c25704e5fa3c27bf0"},"dist":{"url":"https://api.github.com/repos/laravel/pail/zipball/085a2306b520c3896afa361c25704e5fa3c27bf0","type":"zip","shasum":"","reference":"085a2306b520c3896afa361c25704e5fa3c27bf0"},"time":"2024-10-21T13:59:30+00:00","require-dev":{"laravel/pint":"^1.13","orchestra/testbench":"^8.12|^9.0","pestphp/pest":"^2.20","pestphp/pest-plugin-type-coverage":"^2.3","phpstan/phpstan":"^1.10","symfony/var-dumper":"^6.3|^7.0"}},{"version":"v1.1.5","version_normalized":"1.1.5.0","source":{"url":"https://github.com/laravel/pail.git","type":"git","reference":"b33ad8321416fe86efed7bf398f3306c47b4871b"},"dist":{"url":"https://api.github.com/repos/laravel/pail/zipball/b33ad8321416fe86efed7bf398f3306c47b4871b","type":"zip","shasum":"","reference":"b33ad8321416fe86efed7bf398f3306c47b4871b"},"time":"2024-10-15T20:06:24+00:00"},{"version":"v1.1.4","version_normalized":"1.1.4.0","source":{"url":"https://github.com/laravel/pail.git","type":"git","reference":"2f3f132bba2950037cdcb138fcc9ee1223f24566"},"dist":{"url":"https://api.github.com/repos/laravel/pail/zipball/2f3f132bba2950037cdcb138fcc9ee1223f24566","type":"zip","shasum":"","reference":"2f3f132bba2950037cdcb138fcc9ee1223f24566"},"time":"2024-09-16T19:09:17+00:00","require":{"php":"^8.2","ext-pcntl":"*","ext-mbstring":"*","illuminate/console":"^10.24|^11.0","illuminate/contracts":"^10.24|^11.0","illuminate/log":"^10.24|^11.0","illuminate/process":"^10.24|^11.0","illuminate/support":"^10.24|^11.0","nunomaduro/termwind":"^1.15|^2.0","symfony/console":"^6.0|^7.0"}},{"version":"v1.1.3","version_normalized":"1.1.3.0","source":{"url":"https://github.com/laravel/pail.git","type":"git","reference":"c22fe771277971eb9cd224955996bcf39c1a710d"},"dist":{"url":"https://api.github.com/repos/laravel/pail/zipball/c22fe771277971eb9cd224955996bcf39c1a710d","type":"zip","shasum":"","reference":"c22fe771277971eb9cd224955996bcf39c1a710d"},"time":"2024-05-08T18:19:39+00:00"},{"version":"v1.1.2","version_normalized":"1.1.2.0","source":{"url":"https://github.com/laravel/pail.git","type":"git","reference":"e10dbaa5caf00c5993a13f19aac340853f8d5894"},"dist":{"url":"https://api.github.com/repos/laravel/pail/zipball/e10dbaa5caf00c5993a13f19aac340853f8d5894","type":"zip","shasum":"","reference":"e10dbaa5caf00c5993a13f19aac340853f8d5894"},"time":"2024-04-02T14:22:32+00:00"},{"version":"v1.1.1","version_normalized":"1.1.1.0","source":{"url":"https://github.com/laravel/pail.git","type":"git","reference":"c9109851de515b68bd687e3a211612ec910e6b76"},"dist":{"url":"https://api.github.com/repos/laravel/pail/zipball/c9109851de515b68bd687e3a211612ec910e6b76","type":"zip","shasum":"","reference":"c9109851de515b68bd687e3a211612ec910e6b76"},"time":"2024-01-26T15:26:25+00:00","require":{"php":"^8.2","ext-pcntl":"*","ext-mbstring":"*","illuminate/console":"^10.24|^11.0","illuminate/contracts":"^10.24|^11.0","illuminate/log":"^10.24|^11.0","illuminate/process":"^10.24|^11.0","illuminate/support":"^10.24|^11.0","nunomaduro/termwind":"^1.15|^2.0"}},{"version":"v1.1.0","version_normalized":"1.1.0.0","source":{"url":"https://github.com/laravel/pail.git","type":"git","reference":"045c708219282c65e0b726f9cbf79ea9daa5e70d"},"dist":{"url":"https://api.github.com/repos/laravel/pail/zipball/045c708219282c65e0b726f9cbf79ea9daa5e70d","type":"zip","shasum":"","reference":"045c708219282c65e0b726f9cbf79ea9daa5e70d"},"time":"2024-01-15T13:52:52+00:00"},{"version":"v1.0.1","version_normalized":"1.0.1.0","source":{"url":"https://github.com/laravel/pail.git","type":"git","reference":"e08b64abe564747320cc2c0eec419aaf0ac8291b"},"dist":{"url":"https://api.github.com/repos/laravel/pail/zipball/e08b64abe564747320cc2c0eec419aaf0ac8291b","type":"zip","shasum":"","reference":"e08b64abe564747320cc2c0eec419aaf0ac8291b"},"time":"2023-11-23T14:45:16+00:00","require":{"php":"^8.2","ext-pcntl":"*","ext-mbstring":"*","illuminate/console":"^10.24","illuminate/contracts":"^10.24","illuminate/log":"^10.24","illuminate/process":"^10.24","illuminate/support":"^10.24","nunomaduro/termwind":"^1.15"},"require-dev":{"laravel/pint":"^1.13","orchestra/testbench":"^8.12","pestphp/pest":"^2.20","pestphp/pest-plugin-type-coverage":"^2.3","phpstan/phpstan":"^1.10","symfony/var-dumper":"^6.3"}},{"version":"v1.0.0","version_normalized":"1.0.0.0","source":{"url":"https://github.com/laravel/pail.git","type":"git","reference":"8e78f279fa91e525ec98e983b6aca951f9cc5a16"},"dist":{"url":"https://api.github.com/repos/laravel/pail/zipball/8e78f279fa91e525ec98e983b6aca951f9cc5a16","type":"zip","shasum":"","reference":"8e78f279fa91e525ec98e983b6aca951f9cc5a16"},"time":"2023-11-07T13:09:49+00:00"},{"version":"v1.0.0-beta.2","version_normalized":"1.0.0.0-beta2","source":{"url":"https://github.com/laravel/pail.git","type":"git","reference":"401075528ecf5a698782a4a3201fcfba1b13fb89"},"dist":{"url":"https://api.github.com/repos/laravel/pail/zipball/401075528ecf5a698782a4a3201fcfba1b13fb89","type":"zip","shasum":"","reference":"401075528ecf5a698782a4a3201fcfba1b13fb89"},"time":"2023-10-19T15:46:02+00:00"},{"version":"v1.0.0-beta.1","version_normalized":"1.0.0.0-beta1","source":{"url":"https://github.com/laravel/pail.git","type":"git","reference":"0c19deb34c015aa1a4d7fbe121f6b2af5b48e930"},"dist":{"url":"https://api.github.com/repos/laravel/pail/zipball/0c19deb34c015aa1a4d7fbe121f6b2af5b48e930","type":"zip","shasum":"","reference":"0c19deb34c015aa1a4d7fbe121f6b2af5b48e930"},"time":"2023-10-06T17:03:58+00:00"}]},"security-advisories":[],"last-modified":"Tue, 28 Jan 2025 15:56:00 GMT"}