{"minified":"composer/2.0","packages":{"guzzle/guzzle":[{"name":"guzzle/guzzle","description":"PHP HTTP client. This library is deprecated in favor of https://packagist.org/packages/guzzlehttp/guzzle","keywords":["framework","curl","http","rest","http client","client","web service"],"homepage":"http://guzzlephp.org/","version":"v3.9.3","version_normalized":"3.9.3.0","license":["MIT"],"authors":[{"name":"Michael Dowling","email":"mtdowling@gmail.com","homepage":"https://github.com/mtdowling"},{"name":"Guzzle Community","homepage":"https://github.com/guzzle/guzzle/contributors"}],"source":{"url":"https://github.com/guzzle/guzzle3.git","type":"git","reference":"0645b70d953bc1c067bbc8d5bc53194706b628d9"},"dist":{"url":"https://api.github.com/repos/guzzle/guzzle3/zipball/0645b70d953bc1c067bbc8d5bc53194706b628d9","type":"zip","shasum":"","reference":"0645b70d953bc1c067bbc8d5bc53194706b628d9"},"type":"library","time":"2015-03-18T18:23:50+00:00","autoload":{"psr-0":{"Guzzle":"src/","Guzzle\\Tests":"tests/"}},"extra":{"branch-alias":{"dev-master":"3.9-dev"}},"require":{"php":">=5.3.3","ext-curl":"*","symfony/event-dispatcher":"~2.1"},"require-dev":{"doctrine/cache":"~1.3","symfony/class-loader":"~2.1","monolog/monolog":"~1.0","psr/log":"~1.0","zendframework/zend-cache":"2.*,<2.3","zendframework/zend-log":"2.*,<2.3","phpunit/phpunit":"3.7.*"},"suggest":{"guzzlehttp/guzzle":"Guzzle 5 has moved to a new package name. The package you have installed, Guzzle 3, is deprecated."},"replace":{"guzzle/batch":"self.version","guzzle/cache":"self.version","guzzle/common":"self.version","guzzle/http":"self.version","guzzle/inflection":"self.version","guzzle/iterator":"self.version","guzzle/log":"self.version","guzzle/parser":"self.version","guzzle/plugin":"self.version","guzzle/plugin-async":"self.version","guzzle/plugin-backoff":"self.version","guzzle/plugin-cache":"self.version","guzzle/plugin-cookie":"self.version","guzzle/plugin-curlauth":"self.version","guzzle/plugin-error-response":"self.version","guzzle/plugin-history":"self.version","guzzle/plugin-log":"self.version","guzzle/plugin-md5":"self.version","guzzle/plugin-mock":"self.version","guzzle/plugin-oauth":"self.version","guzzle/service":"self.version","guzzle/stream":"self.version"},"abandoned":"guzzlehttp/guzzle","support":{"issues":"https://github.com/guzzle/guzzle3/issues","source":"https://github.com/guzzle/guzzle3/tree/master"}},{"description":"Guzzle is a PHP HTTP client library and framework for building RESTful web service clients","version":"v3.9.2","version_normalized":"3.9.2.0","source":{"url":"https://github.com/guzzle/guzzle3.git","type":"git","reference":"54991459675c1a2924122afbb0e5609ade581155"},"dist":{"url":"https://api.github.com/repos/guzzle/guzzle3/zipball/54991459675c1a2924122afbb0e5609ade581155","type":"zip","shasum":"","reference":"54991459675c1a2924122afbb0e5609ade581155"},"time":"2014-08-11T04:32:36+00:00","suggest":"__unset"},{"version":"v3.9.1","version_normalized":"3.9.1.0","source":{"url":"https://github.com/guzzle/guzzle3.git","type":"git","reference":"92d9934f2fca1da15178c91239576ae26e505e60"},"dist":{"url":"https://api.github.com/repos/guzzle/guzzle3/zipball/92d9934f2fca1da15178c91239576ae26e505e60","type":"zip","shasum":"","reference":"92d9934f2fca1da15178c91239576ae26e505e60"},"time":"2014-05-07T17:04:22+00:00","extra":{"branch-alias":{"dev-master":"3.8-dev"}}},{"version":"v3.9.0","version_normalized":"3.9.0.0","source":{"url":"https://github.com/guzzle/guzzle3.git","type":"git","reference":"e4d12d7d6acccf75a5e504114e2df9195e494108"},"dist":{"url":"https://api.github.com/repos/guzzle/guzzle3/zipball/e4d12d7d6acccf75a5e504114e2df9195e494108","type":"zip","shasum":"","reference":"e4d12d7d6acccf75a5e504114e2df9195e494108"},"time":"2014-04-23T21:43:40+00:00"},{"version":"v3.8.1","version_normalized":"3.8.1.0","source":{"url":"https://github.com/guzzle/guzzle.git","type":"git","reference":"4de0618a01b34aa1c8c33a3f13f396dcd3882eba"},"dist":{"url":"https://api.github.com/repos/guzzle/guzzle/zipball/4de0618a01b34aa1c8c33a3f13f396dcd3882eba","type":"zip","shasum":"","reference":"4de0618a01b34aa1c8c33a3f13f396dcd3882eba"},"time":"2014-01-28T22:29:15+00:00","require":{"php":">=5.3.3","ext-curl":"*","symfony/event-dispatcher":">=2.1"},"require-dev":{"doctrine/cache":"*","symfony/class-loader":"*","monolog/monolog":"1.*","psr/log":"1.0.*","zendframework/zend-cache":"<2.3","zendframework/zend-log":"<2.3","phpunit/phpunit":"3.7.*"},"support":{"issues":"https://github.com/guzzle/guzzle/issues","source":"https://github.com/guzzle/guzzle/tree/master"}},{"version":"v3.8.0","version_normalized":"3.8.0.0","source":{"url":"https://github.com/guzzle/guzzle.git","type":"git","reference":"b4a3ce8c05e777fa18b802956d5d0e38ad338a69"},"dist":{"url":"https://api.github.com/repos/guzzle/guzzle/zipball/b4a3ce8c05e777fa18b802956d5d0e38ad338a69","type":"zip","shasum":"","reference":"b4a3ce8c05e777fa18b802956d5d0e38ad338a69"},"time":"2013-12-05T23:39:20+00:00","require-dev":{"doctrine/cache":"*","symfony/class-loader":"*","monolog/monolog":"1.*","psr/log":"1.0.*","zendframework/zend-cache":"2.0.*","zendframework/zend-log":"2.0.*","phpunit/phpunit":"3.7.*"}},{"version":"v3.7.4","version_normalized":"3.7.4.0","source":{"url":"https://github.com/guzzle/guzzle.git","type":"git","reference":"b170b028c6bb5799640e46c8803015b0f9a45ed9"},"dist":{"url":"https://api.github.com/repos/guzzle/guzzle/zipball/b170b028c6bb5799640e46c8803015b0f9a45ed9","type":"zip","shasum":"","reference":"b170b028c6bb5799640e46c8803015b0f9a45ed9"},"time":"2013-10-02T20:47:00+00:00","extra":{"branch-alias":{"dev-master":"3.7-dev"}}},{"version":"v3.7.3","version_normalized":"3.7.3.0","source":{"url":"https://github.com/guzzle/guzzle.git","type":"git","reference":"0f16aad385528b5cf790392cb4a4d16cf600e944"},"dist":{"url":"https://api.github.com/repos/guzzle/guzzle/zipball/0f16aad385528b5cf790392cb4a4d16cf600e944","type":"zip","shasum":"","reference":"0f16aad385528b5cf790392cb4a4d16cf600e944"},"time":"2013-09-08T21:09:18+00:00","require":{"php":">=5.3.2","ext-curl":"*","symfony/event-dispatcher":">=2.1"}},{"version":"v3.7.2","version_normalized":"3.7.2.0","source":{"url":"https://github.com/guzzle/guzzle.git","type":"git","reference":"eaef90d27bb1d682e1f6ab2d77606dc0159049e6"},"dist":{"url":"https://api.github.com/repos/guzzle/guzzle/zipball/eaef90d27bb1d682e1f6ab2d77606dc0159049e6","type":"zip","shasum":"","reference":"eaef90d27bb1d682e1f6ab2d77606dc0159049e6"},"time":"2013-08-02T18:31:05+00:00"},{"version":"v3.7.1","version_normalized":"3.7.1.0","source":{"url":"https://github.com/guzzle/guzzle.git","type":"git","reference":"aa68be2fa33896c0a0a7638d5b8e3f9e1a41bfab"},"dist":{"url":"https://api.github.com/repos/guzzle/guzzle/zipball/aa68be2fa33896c0a0a7638d5b8e3f9e1a41bfab","type":"zip","shasum":"","reference":"aa68be2fa33896c0a0a7638d5b8e3f9e1a41bfab"},"time":"2013-07-05T20:17:54+00:00"},{"version":"v3.7.0","version_normalized":"3.7.0.0","source":{"url":"https://github.com/guzzle/guzzle.git","type":"git","reference":"0f2aad252b9c9120743dd475b383b1b6fb54c2f3"},"dist":{"url":"https://api.github.com/repos/guzzle/guzzle/zipball/0f2aad252b9c9120743dd475b383b1b6fb54c2f3","type":"zip","shasum":"","reference":"0f2aad252b9c9120743dd475b383b1b6fb54c2f3"},"time":"2013-06-11T00:24:07+00:00"},{"version":"v3.6.0","version_normalized":"3.6.0.0","source":{"url":"https://github.com/guzzle/guzzle.git","type":"git","reference":"b550d534c9b668c767b6a532bd686d0942505f7a"},"dist":{"url":"https://api.github.com/repos/guzzle/guzzle/zipball/b550d534c9b668c767b6a532bd686d0942505f7a","type":"zip","shasum":"","reference":"b550d534c9b668c767b6a532bd686d0942505f7a"},"time":"2013-05-30T07:01:25+00:00","extra":{"branch-alias":{"dev-master":"3.6-dev"}}},{"version":"v3.5.0","version_normalized":"3.5.0.0","source":{"url":"https://github.com/guzzle/guzzle.git","type":"git","reference":"e97207d07d0385eac269a976628b7a5f9eeb4e07"},"dist":{"url":"https://api.github.com/repos/guzzle/guzzle/zipball/e97207d07d0385eac269a976628b7a5f9eeb4e07","type":"zip","shasum":"","reference":"e97207d07d0385eac269a976628b7a5f9eeb4e07"},"time":"2013-05-13T20:17:47+00:00","extra":{"branch-alias":{"dev-master":"3.5-dev"}}},{"version":"v3.4.3","version_normalized":"3.4.3.0","source":{"url":"https://github.com/guzzle/guzzle.git","type":"git","reference":"5896a1475d245993b693434bc77a33e92c7feaf5"},"dist":{"url":"https://api.github.com/repos/guzzle/guzzle/zipball/5896a1475d245993b693434bc77a33e92c7feaf5","type":"zip","shasum":"","reference":"5896a1475d245993b693434bc77a33e92c7feaf5"},"time":"2013-04-30T20:31:38+00:00","extra":{"branch-alias":{"dev-master":"3.4-dev"}},"require-dev":{"doctrine/cache":"*","symfony/class-loader":"*","monolog/monolog":"1.*","psr/log":"1.0.*","zendframework/zend-cache":"2.0.*","zendframework/zend-log":"2.0.*","zend/zend-log1":"1.12","zend/zend-cache1":"1.12","phpunit/phpunit":"3.7.*"}},{"version":"v3.4.2","version_normalized":"3.4.2.0","source":{"url":"https://github.com/guzzle/guzzle.git","type":"git","reference":"bee77d3bfdf7fa73b465a77beadde9b919f79782"},"dist":{"url":"https://api.github.com/repos/guzzle/guzzle/zipball/bee77d3bfdf7fa73b465a77beadde9b919f79782","type":"zip","shasum":"","reference":"bee77d3bfdf7fa73b465a77beadde9b919f79782"},"time":"2013-04-29T23:55:30+00:00"},{"version":"v3.4.1","version_normalized":"3.4.1.0","source":{"url":"https://github.com/guzzle/guzzle.git","type":"git","reference":"938e2075f4870857f24dc3b206235dd3e0f969ae"},"dist":{"url":"https://api.github.com/repos/guzzle/guzzle/zipball/938e2075f4870857f24dc3b206235dd3e0f969ae","type":"zip","shasum":"","reference":"938e2075f4870857f24dc3b206235dd3e0f969ae"},"time":"2013-04-16T20:56:26+00:00","extra":{"branch-alias":{"dev-master":"3.3-dev"}}},{"version":"v3.4.0","version_normalized":"3.4.0.0","source":{"url":"https://github.com/guzzle/guzzle.git","type":"git","reference":"76f16a154659afae37a411a868e6aafc19133466"},"dist":{"url":"https://api.github.com/repos/guzzle/guzzle/zipball/76f16a154659afae37a411a868e6aafc19133466","type":"zip","shasum":"","reference":"76f16a154659afae37a411a868e6aafc19133466"},"time":"2013-04-12T05:58:15+00:00"},{"version":"v3.3.1","version_normalized":"3.3.1.0","source":{"url":"https://github.com/guzzle/guzzle.git","type":"git","reference":"0657f36c7780fb0f95cf117da3aab15cb580fb66"},"dist":{"url":"https://api.github.com/repos/guzzle/guzzle/zipball/0657f36c7780fb0f95cf117da3aab15cb580fb66","type":"zip","shasum":"","reference":"0657f36c7780fb0f95cf117da3aab15cb580fb66"},"time":"2013-03-10T23:05:38+00:00","require-dev":{"doctrine/cache":"*","symfony/class-loader":"*","monolog/monolog":"1.*","zendframework/zend-cache":"2.0.*","zendframework/zend-log":"2.0.*","zend/zend-log1":"1.12","zend/zend-cache1":"1.12","phpunit/phpunit":"3.7.*"}},{"version":"v3.3.0","version_normalized":"3.3.0.0","source":{"url":"https://github.com/guzzle/guzzle.git","type":"git","reference":"d8f28e9f48d2566e28c80ce9be67cb9c3e1449a6"},"dist":{"url":"https://api.github.com/repos/guzzle/guzzle/zipball/d8f28e9f48d2566e28c80ce9be67cb9c3e1449a6","type":"zip","shasum":"","reference":"d8f28e9f48d2566e28c80ce9be67cb9c3e1449a6"},"time":"2013-03-04T00:41:45+00:00","extra":{"branch-alias":{"dev-master":"3.2-dev"}}},{"version":"v3.2.0","version_normalized":"3.2.0.0","source":{"url":"https://github.com/guzzle/guzzle.git","type":"git","reference":"3a3fa1c5af3ac29b5dcb216b708ee3c48b52325e"},"dist":{"url":"https://api.github.com/repos/guzzle/guzzle/zipball/3a3fa1c5af3ac29b5dcb216b708ee3c48b52325e","type":"zip","shasum":"","reference":"3a3fa1c5af3ac29b5dcb216b708ee3c48b52325e"},"time":"2013-02-15T01:33:10+00:00","extra":{"branch-alias":{"dev-master":"3.1-dev"}},"require-dev":{"doctrine/common":"*","symfony/class-loader":"*","monolog/monolog":"1.*","zendframework/zend-cache":"2.0.*","zendframework/zend-log":"2.0.*","zend/zend-log1":"1.12","zend/zend-cache1":"1.12","phpunit/phpunit":"3.7.*"},"replace":{"guzzle/batch":"self.version","guzzle/cache":"self.version","guzzle/common":"self.version","guzzle/http":"self.version","guzzle/inflection":"self.version","guzzle/iterator":"self.version","guzzle/log":"self.version","guzzle/parser":"self.version","guzzle/plugin":"self.version","guzzle/plugin-async":"self.version","guzzle/plugin-backoff":"self.version","guzzle/plugin-cache":"self.version","guzzle/plugin-cookie":"self.version","guzzle/plugin-curlauth":"self.version","guzzle/plugin-history":"self.version","guzzle/plugin-log":"self.version","guzzle/plugin-md5":"self.version","guzzle/plugin-mock":"self.version","guzzle/plugin-oauth":"self.version","guzzle/service":"self.version","guzzle/stream":"self.version"}},{"version":"v3.1.2","version_normalized":"3.1.2.0","source":{"url":"https://github.com/guzzle/guzzle.git","type":"git","reference":"7901ea7d27373d0cc85eac6f6694e4c2ced90a26"},"dist":{"url":"https://api.github.com/repos/guzzle/guzzle/zipball/7901ea7d27373d0cc85eac6f6694e4c2ced90a26","type":"zip","shasum":"","reference":"7901ea7d27373d0cc85eac6f6694e4c2ced90a26"},"time":"2013-01-28T00:07:40+00:00","support":{"issues":"https://github.com/guzzle/guzzle/issues","source":"https://github.com/guzzle/guzzle/tree/v3.1.2"}},{"version":"v3.1.1","version_normalized":"3.1.1.0","source":{"url":"https://github.com/guzzle/guzzle.git","type":"git","reference":"d295578db8e580ce9f7d0734535406d95123f3d6"},"dist":{"url":"https://api.github.com/repos/guzzle/guzzle/zipball/d295578db8e580ce9f7d0734535406d95123f3d6","type":"zip","shasum":"","reference":"d295578db8e580ce9f7d0734535406d95123f3d6"},"time":"2013-01-21T05:46:09+00:00","support":{"issues":"https://github.com/guzzle/guzzle/issues","source":"https://github.com/guzzle/guzzle/tree/v3.1.1"}},{"version":"v3.1.0","version_normalized":"3.1.0.0","source":{"url":"https://github.com/guzzle/guzzle.git","type":"git","reference":"5baae799e136d399246cbf14055deed2a55d687f"},"dist":{"url":"https://api.github.com/repos/guzzle/guzzle/zipball/5baae799e136d399246cbf14055deed2a55d687f","type":"zip","shasum":"","reference":"5baae799e136d399246cbf14055deed2a55d687f"},"time":"2013-01-14T05:09:07+00:00","extra":{"branch-alias":{"dev-master":"3.0-dev"}},"support":{"issues":"https://github.com/guzzle/guzzle/issues","source":"https://github.com/guzzle/guzzle/tree/v3.1.0"}},{"version":"v3.0.7","version_normalized":"3.0.7.0","source":{"url":"https://github.com/guzzle/guzzle.git","type":"git","reference":"f31f35d1669382936861533bd0217fcf830dc9a9"},"dist":{"url":"https://api.github.com/repos/guzzle/guzzle/zipball/f31f35d1669382936861533bd0217fcf830dc9a9","type":"zip","shasum":"","reference":"f31f35d1669382936861533bd0217fcf830dc9a9"},"time":"2012-12-19T23:06:35+00:00","support":{"issues":"https://github.com/guzzle/guzzle/issues","source":"https://github.com/guzzle/guzzle/tree/v3.0.7"}},{"version":"v3.0.6","version_normalized":"3.0.6.0","source":{"url":"https://github.com/guzzle/guzzle.git","type":"git","reference":"09c2a09584c455a3e049210ee7dc92f7b65f6210"},"dist":{"url":"https://api.github.com/repos/guzzle/guzzle/zipball/09c2a09584c455a3e049210ee7dc92f7b65f6210","type":"zip","shasum":"","reference":"09c2a09584c455a3e049210ee7dc92f7b65f6210"},"time":"2012-12-10T05:25:04+00:00","support":{"issues":"https://github.com/guzzle/guzzle/issues","source":"https://github.com/guzzle/guzzle/tree/v3.0.6"}},{"version":"v3.0.5","version_normalized":"3.0.5.0","source":{"url":"https://github.com/guzzle/guzzle.git","type":"git","reference":"184407e254ec806d632416a264a7d6bf5b417f4b"},"dist":{"url":"https://api.github.com/repos/guzzle/guzzle/zipball/184407e254ec806d632416a264a7d6bf5b417f4b","type":"zip","shasum":"","reference":"184407e254ec806d632416a264a7d6bf5b417f4b"},"time":"2012-11-19T00:15:33+00:00","require":{"php":">=5.3.2","ext-curl":"*","symfony/event-dispatcher":"2.1.*"},"support":{"issues":"https://github.com/guzzle/guzzle/issues","source":"https://github.com/guzzle/guzzle/tree/v3.0.5"},"extra":"__unset"},{"version":"v3.0.4","version_normalized":"3.0.4.0","source":{"url":"https://github.com/guzzle/guzzle.git","type":"git","reference":"d54dce1c53219c1bf17c0095e1cac04a28e3a2a6"},"dist":{"url":"https://api.github.com/repos/guzzle/guzzle/zipball/d54dce1c53219c1bf17c0095e1cac04a28e3a2a6","type":"zip","shasum":"","reference":"d54dce1c53219c1bf17c0095e1cac04a28e3a2a6"},"time":"2012-11-12T00:00:24+00:00","support":{"issues":"https://github.com/guzzle/guzzle/issues","source":"https://github.com/guzzle/guzzle/tree/v3.0.4"}},{"version":"v3.0.3","version_normalized":"3.0.3.0","source":{"url":"https://github.com/guzzle/guzzle.git","type":"git","reference":"20190c51e7eaec7d061afa59fb9605c02dc8bb24"},"dist":{"url":"https://api.github.com/repos/guzzle/guzzle/zipball/20190c51e7eaec7d061afa59fb9605c02dc8bb24","type":"zip","shasum":"","reference":"20190c51e7eaec7d061afa59fb9605c02dc8bb24"},"time":"2012-11-04T20:31:03+00:00","support":{"issues":"https://github.com/guzzle/guzzle/issues","source":"https://github.com/guzzle/guzzle/tree/v3.0.3"}},{"version":"v3.0.2","version_normalized":"3.0.2.0","source":{"url":"https://github.com/guzzle/guzzle.git","type":"git","reference":"2fdcd68fce2f3fd7cebb0d61739a41483ad557e2"},"dist":{"url":"https://api.github.com/repos/guzzle/guzzle/zipball/2fdcd68fce2f3fd7cebb0d61739a41483ad557e2","type":"zip","shasum":"","reference":"2fdcd68fce2f3fd7cebb0d61739a41483ad557e2"},"time":"2012-10-25T04:55:19+00:00","require-dev":{"doctrine/common":"*","symfony/class-loader":"*","monolog/monolog":"1.*","zendframework/zend-cache":"2.0.*","zendframework/zend-log":"2.0.*","zend/zend-log1":"1.12","zend/zend-cache1":"1.12"},"support":{"issues":"https://github.com/guzzle/guzzle/issues","source":"https://github.com/guzzle/guzzle/tree/v3.0.2"}},{"version":"v3.0.1","version_normalized":"3.0.1.0","source":{"url":"https://github.com/guzzle/guzzle.git","type":"git","reference":"993e8eb4905026bd79821d1faafca1798f7a78f3"},"dist":{"url":"https://api.github.com/repos/guzzle/guzzle/zipball/993e8eb4905026bd79821d1faafca1798f7a78f3","type":"zip","shasum":"","reference":"993e8eb4905026bd79821d1faafca1798f7a78f3"},"time":"2012-10-22T20:20:55+00:00","support":{"issues":"https://github.com/guzzle/guzzle/issues","source":"https://github.com/guzzle/guzzle/tree/v3.0.1"}},{"version":"v3.0.0","version_normalized":"3.0.0.0","source":{"url":"https://github.com/guzzle/guzzle.git","type":"git","reference":"d0fc839abd2e411df908c6fd0ed1379db691b1b0"},"dist":{"url":"https://api.github.com/repos/guzzle/guzzle/zipball/d0fc839abd2e411df908c6fd0ed1379db691b1b0","type":"zip","shasum":"","reference":"d0fc839abd2e411df908c6fd0ed1379db691b1b0"},"time":"2012-10-16T04:57:15+00:00","replace":{"guzzle/batch":"self.version","guzzle/cache":"self.version","guzzle/common":"self.version","guzzle/http":"self.version","guzzle/inflection":"self.version","guzzle/iterator":"self.version","guzzle/log":"self.version","guzzle/parser":"self.version","guzzle/plugin":"self.version","guzzle/plugin-async":"self.version","guzzle/plugin-backoff":"self.version","guzzle/plugin-cache":"self.version","guzzle/plugin-cookie":"self.version","guzzle/plugin-curlauth":"self.version","guzzle/plugin-history":"self.version","guzzle/plugin-log":"self.version","guzzle/plugin-mock":"self.version","guzzle/plugin-oauth":"self.version","guzzle/service":"self.version","guzzle/stream":"self.version","guzzle/plugin-md5":"self.version"},"support":{"issues":"https://github.com/guzzle/guzzle/issues","source":"https://github.com/guzzle/guzzle/tree/TAG_B"}},{"version":"v2.8.8","version_normalized":"2.8.8.0","source":{"url":"https://github.com/guzzle/guzzle.git","type":"git","reference":"6738770a1d9e299cec6c2079220628ee8c739483"},"dist":{"url":"https://api.github.com/repos/guzzle/guzzle/zipball/6738770a1d9e299cec6c2079220628ee8c739483","type":"zip","shasum":"","reference":"6738770a1d9e299cec6c2079220628ee8c739483"},"time":"2012-10-16T00:42:47+00:00","require-dev":{"doctrine/common":"*","symfony/class-loader":"*","monolog/monolog":"1.*","zendframework/zend-cache":"2.0.0beta4","zendframework/zend-log":"2.0.0beta4","zendframework/zend-loader":"2.0.0beta4","zendframework/zend-stdlib":"2.0.0beta4","zendframework/zend-eventmanager":"2.0.0beta4","zendframework/zend-servicemanager":"2.0.0beta4","zend/zend-log1":"1.12","zend/zend-cache1":"1.12"},"replace":{"guzzle/common":"self.version","guzzle/http":"self.version","guzzle/parser":"self.version"},"support":{"issues":"https://github.com/guzzle/guzzle/issues","source":"https://github.com/guzzle/guzzle/tree/v2.8.8"}},{"version":"v2.8.7","version_normalized":"2.8.7.0","source":{"url":"https://github.com/guzzle/guzzle.git","type":"git","reference":"0ed797ec53299532192f221b65d68ce1d2a7f782"},"dist":{"url":"https://api.github.com/repos/guzzle/guzzle/zipball/0ed797ec53299532192f221b65d68ce1d2a7f782","type":"zip","shasum":"","reference":"0ed797ec53299532192f221b65d68ce1d2a7f782"},"time":"2012-09-30T20:48:10+00:00","support":{"issues":"https://github.com/guzzle/guzzle/issues","source":"https://github.com/guzzle/guzzle/tree/v2.8.7"}},{"version":"v2.8.6","version_normalized":"2.8.6.0","source":{"url":"https://github.com/guzzle/guzzle.git","type":"git","reference":"93e2405749b4c553de61e06f1a608eca485ff0c9"},"dist":{"url":"https://api.github.com/repos/guzzle/guzzle/zipball/93e2405749b4c553de61e06f1a608eca485ff0c9","type":"zip","shasum":"","reference":"93e2405749b4c553de61e06f1a608eca485ff0c9"},"time":"2012-09-05T23:30:30+00:00","support":{"issues":"https://github.com/guzzle/guzzle/issues","source":"https://github.com/guzzle/guzzle/tree/v2.8.6"}},{"version":"v2.8.5","version_normalized":"2.8.5.0","source":{"url":"https://github.com/guzzle/guzzle.git","type":"git","reference":"cc5a019e42abeb6e4d8d9ac9759063fc37ead281"},"dist":{"url":"https://api.github.com/repos/guzzle/guzzle/zipball/cc5a019e42abeb6e4d8d9ac9759063fc37ead281","type":"zip","shasum":"","reference":"cc5a019e42abeb6e4d8d9ac9759063fc37ead281"},"time":"2012-08-29T20:41:32+00:00","support":{"issues":"https://github.com/guzzle/guzzle/issues","source":"https://github.com/guzzle/guzzle/tree/v2.8.5"}},{"version":"v2.8.4","version_normalized":"2.8.4.0","source":{"url":"https://github.com/guzzle/guzzle.git","type":"git","reference":"d85ebd3e6cb2fd9543184b9cbb370706fa346944"},"dist":{"url":"https://api.github.com/repos/guzzle/guzzle/zipball/d85ebd3e6cb2fd9543184b9cbb370706fa346944","type":"zip","shasum":"","reference":"d85ebd3e6cb2fd9543184b9cbb370706fa346944"},"time":"2012-08-15T17:48:56+00:00","support":{"issues":"https://github.com/guzzle/guzzle/issues","source":"https://github.com/guzzle/guzzle/tree/v2.8.4"}},{"version":"v2.8.3","version_normalized":"2.8.3.0","source":{"url":"https://github.com/guzzle/guzzle.git","type":"git","reference":"2a646f21356bccb935414572d3bb9df308f34439"},"dist":{"url":"https://api.github.com/repos/guzzle/guzzle/zipball/2a646f21356bccb935414572d3bb9df308f34439","type":"zip","shasum":"","reference":"2a646f21356bccb935414572d3bb9df308f34439"},"time":"2012-07-30T20:27:22+00:00","support":{"issues":"https://github.com/guzzle/guzzle/issues","source":"https://github.com/guzzle/guzzle/tree/v2.8.3"}},{"version":"v2.8.2","version_normalized":"2.8.2.0","source":{"url":"https://github.com/guzzle/guzzle.git","type":"git","reference":"fab426ba74b3c753c03fee1f8b460babfd120d2c"},"dist":{"url":"https://api.github.com/repos/guzzle/guzzle/zipball/fab426ba74b3c753c03fee1f8b460babfd120d2c","type":"zip","shasum":"","reference":"fab426ba74b3c753c03fee1f8b460babfd120d2c"},"time":"2012-07-24T18:26:42+00:00","support":{"issues":"https://github.com/guzzle/guzzle/issues","source":"https://github.com/guzzle/guzzle/tree/v2.8.2"}},{"version":"v2.8.1","version_normalized":"2.8.1.0","source":{"url":"https://github.com/guzzle/guzzle.git","type":"git","reference":"9f57a330550ff07a555a8f122ff3265e3f035843"},"dist":{"url":"https://api.github.com/repos/guzzle/guzzle/zipball/9f57a330550ff07a555a8f122ff3265e3f035843","type":"zip","shasum":"","reference":"9f57a330550ff07a555a8f122ff3265e3f035843"},"time":"2012-07-16T21:08:54+00:00","support":{"issues":"https://github.com/guzzle/guzzle/issues","source":"https://github.com/guzzle/guzzle/tree/v2.8.1"}},{"version":"v2.8.0","version_normalized":"2.8.0.0","source":{"url":"https://github.com/guzzle/guzzle.git","type":"git","reference":"86bb222fe73df7963bad987781705e69f17ac8c1"},"dist":{"url":"https://api.github.com/repos/guzzle/guzzle/zipball/86bb222fe73df7963bad987781705e69f17ac8c1","type":"zip","shasum":"","reference":"86bb222fe73df7963bad987781705e69f17ac8c1"},"time":"2012-07-16T00:21:47+00:00","require":{"php":">=5.3.2","ext-curl":"*","symfony/event-dispatcher":"2.1.0-beta2"},"support":{"issues":"https://github.com/guzzle/guzzle/issues","source":"https://github.com/guzzle/guzzle/tree/v2.8.0"}},{"version":"v2.7.2","version_normalized":"2.7.2.0","source":{"url":"https://github.com/guzzle/guzzle.git","type":"git","reference":"992e67009d12f070d7423742f1682c58608521b9"},"dist":{"url":"https://api.github.com/repos/guzzle/guzzle/zipball/992e67009d12f070d7423742f1682c58608521b9","type":"zip","shasum":"","reference":"992e67009d12f070d7423742f1682c58608521b9"},"time":"2012-07-02T21:04:37+00:00","require":{"php":">=5.3.2","ext-curl":"*","symfony/event-dispatcher":"2.*"},"require-dev":{"doctrine/common":"*","symfony/class-loader":"*","monolog/monolog":"1.*","zendframework/zend-cache":"2.0.*","zendframework/zend-log":"2.0.*","zendframework/zend-loader":"2.0.*","zendframework/zend-stdlib":"2.0.*","zendframework/zend-eventmanager":"2.0.*","zendframework/zend-servicemanager":"2.0.*","zend/zend-log1":"1.11","zend/zend-cache1":"1.11"},"support":{"issues":"https://github.com/guzzle/guzzle/issues","source":"https://github.com/guzzle/guzzle/tree/v2.7.2"}},{"keywords":["framework","curl","http","rest","client","web service"],"homepage":"http://www.guzzlephp.org/","version":"v2.7.1","version_normalized":"2.7.1.0","source":{"url":"https://github.com/guzzle/guzzle.git","type":"git","reference":"95bd5309ad9e42dc6bdfbe868a1f91a574e31921"},"dist":{"url":"https://api.github.com/repos/guzzle/guzzle/zipball/95bd5309ad9e42dc6bdfbe868a1f91a574e31921","type":"zip","shasum":"","reference":"95bd5309ad9e42dc6bdfbe868a1f91a574e31921"},"time":"2012-06-27T01:58:44+00:00","support":{"issues":"https://github.com/guzzle/guzzle/issues","source":"https://github.com/guzzle/guzzle/tree/v2.7.1"},"replace":"__unset"},{"version":"v2.7.0","version_normalized":"2.7.0.0","source":{"url":"https://github.com/guzzle/guzzle.git","type":"git","reference":"cb02ff78185fe8eb8a0fd7bbd727d029bdb44e8f"},"dist":{"url":"https://api.github.com/repos/guzzle/guzzle/zipball/cb02ff78185fe8eb8a0fd7bbd727d029bdb44e8f","type":"zip","shasum":"","reference":"cb02ff78185fe8eb8a0fd7bbd727d029bdb44e8f"},"time":"2012-06-25T21:33:36+00:00","support":{"issues":"https://github.com/guzzle/guzzle/issues","source":"https://github.com/guzzle/guzzle/tree/v2.7.0"}},{"keywords":["framework","curl","http","rest","web service"],"version":"v2.6.6","version_normalized":"2.6.6.0","source":{"url":"https://github.com/guzzle/guzzle.git","type":"git","reference":"72b6c53af2bfaf575e78cefcfa32cb438face1df"},"dist":{"url":"https://api.github.com/repos/guzzle/guzzle/zipball/72b6c53af2bfaf575e78cefcfa32cb438face1df","type":"zip","shasum":"","reference":"72b6c53af2bfaf575e78cefcfa32cb438face1df"},"time":"2012-06-10T07:49:48+00:00","support":{"issues":"https://github.com/guzzle/guzzle/issues","source":"https://github.com/guzzle/guzzle/tree/v2.6.6"}},{"version":"v2.6.5","version_normalized":"2.6.5.0","source":{"url":"https://github.com/guzzle/guzzle.git","type":"git","reference":"10759045ad0710e46dd83e88f89c83021ab8a950"},"dist":{"url":"https://api.github.com/repos/guzzle/guzzle/zipball/10759045ad0710e46dd83e88f89c83021ab8a950","type":"zip","shasum":"","reference":"10759045ad0710e46dd83e88f89c83021ab8a950"},"time":"2012-06-04T02:37:12+00:00","require":{"php":">=5.3.2","ext-curl":"*","symfony/event-dispatcher":"*"},"require-dev":{"doctrine/common":"*","symfony/class-loader":"*","monolog/monolog":"*","zend/zend-cache":"2.0.0beta3","zend/zend-log":"2.0.0beta3","zend/zend-loader":"2.0.0beta3","zend/zend-stdlib":"2.0.0beta3","zend/zend-eventmanager":"2.0.0beta3","zend/zend-log1":"1.11","zend/zend-cache1":"1.11"},"support":{"issues":"https://github.com/guzzle/guzzle/issues","source":"https://github.com/guzzle/guzzle/tree/v2.6.5"}},{"version":"v2.6.4","version_normalized":"2.6.4.0","source":{"url":"https://github.com/guzzle/guzzle.git","type":"git","reference":"acd36b13c2616e54c9ca9457d6ba7bd622b522f7"},"dist":{"url":"https://api.github.com/repos/guzzle/guzzle/zipball/acd36b13c2616e54c9ca9457d6ba7bd622b522f7","type":"zip","shasum":"","reference":"acd36b13c2616e54c9ca9457d6ba7bd622b522f7"},"time":"2012-05-31T06:42:52+00:00","support":{"issues":"https://github.com/guzzle/guzzle/issues","source":"https://github.com/guzzle/guzzle/tree/v2.6.4"}},{"version":"v2.6.3","version_normalized":"2.6.3.0","source":{"url":"https://github.com/guzzle/guzzle.git","type":"git","reference":"bf668df105cc8f600dca666931fe924c4c8202b1"},"dist":{"url":"https://api.github.com/repos/guzzle/guzzle/zipball/bf668df105cc8f600dca666931fe924c4c8202b1","type":"zip","shasum":"","reference":"bf668df105cc8f600dca666931fe924c4c8202b1"},"time":"2012-05-23T07:23:26+00:00","support":{"issues":"https://github.com/guzzle/guzzle/issues","source":"https://github.com/guzzle/guzzle/tree/v2.6.3"}},{"version":"v2.6.2","version_normalized":"2.6.2.0","source":{"url":"https://github.com/guzzle/guzzle.git","type":"git","reference":"468b3b71a8669901ec9032feec4ccd9577999aa6"},"dist":{"url":"https://api.github.com/repos/guzzle/guzzle/zipball/468b3b71a8669901ec9032feec4ccd9577999aa6","type":"zip","shasum":"","reference":"468b3b71a8669901ec9032feec4ccd9577999aa6"},"time":"2012-05-19T22:47:10+00:00","support":{"issues":"https://github.com/guzzle/guzzle/issues","source":"https://github.com/guzzle/guzzle/tree/v2.6.2"}},{"version":"v2.6.1","version_normalized":"2.6.1.0","source":{"url":"https://github.com/guzzle/guzzle.git","type":"git","reference":"cd8f008050c89daaa7ab48dfcfad3f9fd1d16eb4"},"dist":{"url":"https://api.github.com/repos/guzzle/guzzle/zipball/cd8f008050c89daaa7ab48dfcfad3f9fd1d16eb4","type":"zip","shasum":"","reference":"cd8f008050c89daaa7ab48dfcfad3f9fd1d16eb4"},"time":"2012-05-19T08:23:07+00:00","support":{"issues":"https://github.com/guzzle/guzzle/issues","source":"https://github.com/guzzle/guzzle/tree/v2.6.1"}},{"version":"v2.6.0","version_normalized":"2.6.0.0","source":{"url":"https://github.com/guzzle/guzzle.git","type":"git","reference":"e77e1e19784a799f0aab0914dd4f4b813dd7546d"},"dist":{"url":"https://api.github.com/repos/guzzle/guzzle/zipball/e77e1e19784a799f0aab0914dd4f4b813dd7546d","type":"zip","shasum":"","reference":"e77e1e19784a799f0aab0914dd4f4b813dd7546d"},"time":"2012-05-15T15:32:20+00:00","support":{"issues":"https://github.com/guzzle/guzzle/issues","source":"https://github.com/guzzle/guzzle/tree/v2.6.0"}},{"version":"v2.5.0","version_normalized":"2.5.0.0","source":{"url":"https://github.com/guzzle/guzzle.git","type":"git","reference":"f7e6aa551ac84981f7910c49936175468c2392cc"},"dist":{"url":"https://api.github.com/repos/guzzle/guzzle/zipball/f7e6aa551ac84981f7910c49936175468c2392cc","type":"zip","shasum":"","reference":"f7e6aa551ac84981f7910c49936175468c2392cc"},"time":"2012-05-08T06:55:53+00:00","support":{"issues":"https://github.com/guzzle/guzzle/issues","source":"https://github.com/guzzle/guzzle/tree/v2.5.0"}},{"version":"v2.4.1","version_normalized":"2.4.1.0","source":{"url":"https://github.com/guzzle/guzzle.git","type":"git","reference":"f5ee3fb4531007dca69894ba2f8a650082ec5021"},"dist":{"url":"https://api.github.com/repos/guzzle/guzzle/zipball/f5ee3fb4531007dca69894ba2f8a650082ec5021","type":"zip","shasum":"","reference":"f5ee3fb4531007dca69894ba2f8a650082ec5021"},"time":"2012-04-24T00:54:02+00:00","require":{"php":">=5.3.2","ext-curl":"*","symfony/event-dispatcher":"*","symfony/validator":"*"},"support":{"issues":"https://github.com/guzzle/guzzle/issues","source":"https://github.com/guzzle/guzzle/tree/v2.4.1"}},{"version":"v2.4.0","version_normalized":"2.4.0.0","source":{"url":"https://github.com/guzzle/guzzle.git","type":"git","reference":"cc7c7f42ac610179cfa621062cf5aa7db4e9f198"},"dist":{"url":"https://api.github.com/repos/guzzle/guzzle/zipball/cc7c7f42ac610179cfa621062cf5aa7db4e9f198","type":"zip","shasum":"","reference":"cc7c7f42ac610179cfa621062cf5aa7db4e9f198"},"time":"2012-04-22T21:44:37+00:00","support":{"issues":"https://github.com/guzzle/guzzle/issues","source":"https://github.com/guzzle/guzzle/tree/v2.4.0"}},{"version":"v2.3.2","version_normalized":"2.3.2.0","source":{"url":"https://github.com/guzzle/guzzle.git","type":"git","reference":"f57169a2d6c8f001ddce442a1265706a7f1e79c8"},"dist":{"url":"https://api.github.com/repos/guzzle/guzzle/zipball/f57169a2d6c8f001ddce442a1265706a7f1e79c8","type":"zip","shasum":"","reference":"f57169a2d6c8f001ddce442a1265706a7f1e79c8"},"time":"2012-04-16T22:13:53+00:00","support":{"issues":"https://github.com/guzzle/guzzle/issues","source":"https://github.com/guzzle/guzzle/tree/v2.3.2"}},{"keywords":["framework","http","rest","web service"],"version":"v2.2.4","version_normalized":"2.2.4.0","source":{"url":"https://github.com/guzzle/guzzle.git","type":"git","reference":"5ad66ff4d1cc80c072c5ef5c431c8bee1900c025"},"dist":{"url":"https://api.github.com/repos/guzzle/guzzle/zipball/5ad66ff4d1cc80c072c5ef5c431c8bee1900c025","type":"zip","shasum":"","reference":"5ad66ff4d1cc80c072c5ef5c431c8bee1900c025"},"time":"2012-04-02T22:27:37+00:00","suggest":{"symfony/class-loader":"*","monolog/monolog":"*","zend/zend-cache":"*","zend/zend-log":"*"},"support":{"issues":"https://github.com/guzzle/guzzle/issues","source":"https://github.com/guzzle/guzzle/tree/v2.2.4"},"require-dev":"__unset"},{"version":"v2.2.3","version_normalized":"2.2.3.0","source":{"url":"https://github.com/guzzle/guzzle.git","type":"git","reference":"5fd1ae9a82aeeca791a300e27eb98548986a4228"},"dist":{"url":"https://api.github.com/repos/guzzle/guzzle/zipball/5fd1ae9a82aeeca791a300e27eb98548986a4228","type":"zip","shasum":"","reference":"5fd1ae9a82aeeca791a300e27eb98548986a4228"},"time":"2012-03-20T16:27:40+00:00","suggest":{"symfony/class-loader":"*","doctrine/common":"*","monolog/monolog":"*","zend/zend-cache":"*","zend/zend-log":"*"},"support":{"issues":"https://github.com/guzzle/guzzle/issues","source":"https://github.com/guzzle/guzzle/tree/v2.2.3"}},{"version":"v2.2.2","version_normalized":"2.2.2.0","source":{"url":"https://github.com/guzzle/guzzle.git","type":"git","reference":"b992c6f38c1dfdc3e19e780e8e16f4e00820f48d"},"dist":{"url":"https://api.github.com/repos/guzzle/guzzle/zipball/b992c6f38c1dfdc3e19e780e8e16f4e00820f48d","type":"zip","shasum":"","reference":"b992c6f38c1dfdc3e19e780e8e16f4e00820f48d"},"time":"2012-02-17T05:13:49+00:00","support":{"issues":"https://github.com/guzzle/guzzle/issues","source":"https://github.com/guzzle/guzzle/tree/v2.2.2"}},{"version":"v2.2.1","version_normalized":"2.2.1.0","source":{"url":"https://github.com/guzzle/guzzle.git","type":"git","reference":"6edccc2db838dd9185315e3f9e4bf225b4ac86b9"},"dist":{"url":"https://api.github.com/repos/guzzle/guzzle/zipball/6edccc2db838dd9185315e3f9e4bf225b4ac86b9","type":"zip","shasum":"","reference":"6edccc2db838dd9185315e3f9e4bf225b4ac86b9"},"time":"2012-02-14T02:28:33+00:00","support":{"issues":"https://github.com/guzzle/guzzle/issues","source":"https://github.com/guzzle/guzzle/tree/v2.2.1"}},{"version":"v2.2.0","version_normalized":"2.2.0.0","source":{"url":"https://github.com/guzzle/guzzle.git","type":"git","reference":"b9c04909c7cd8e4cd7b3f6970621d4d6bc00936f"},"dist":{"url":"https://api.github.com/repos/guzzle/guzzle/zipball/b9c04909c7cd8e4cd7b3f6970621d4d6bc00936f","type":"zip","shasum":"","reference":"b9c04909c7cd8e4cd7b3f6970621d4d6bc00936f"},"time":"2012-02-08T05:23:39+00:00","support":{"issues":"https://github.com/guzzle/guzzle/issues","source":"https://github.com/guzzle/guzzle/tree/v2.2.0"}},{"version":"v2.1.4","version_normalized":"2.1.4.0","source":{"url":"https://github.com/guzzle/guzzle.git","type":"git","reference":"5bcdd556188da59ad8a4befcca291f440c978021"},"dist":{"url":"https://api.github.com/repos/guzzle/guzzle/zipball/5bcdd556188da59ad8a4befcca291f440c978021","type":"zip","shasum":"","reference":"5bcdd556188da59ad8a4befcca291f440c978021"},"time":"2012-01-29T03:12:24+00:00","support":{"issues":"https://github.com/guzzle/guzzle/issues","source":"https://github.com/guzzle/guzzle/tree/v2.1.4"}},{"version":"v2.1.3","version_normalized":"2.1.3.0","source":{"url":"https://github.com/guzzle/guzzle.git","type":"git","reference":"9a9ae3b6bee7470c692612f07182a31074d3fc37"},"dist":{"url":"https://api.github.com/repos/guzzle/guzzle/zipball/9a9ae3b6bee7470c692612f07182a31074d3fc37","type":"zip","shasum":"","reference":"9a9ae3b6bee7470c692612f07182a31074d3fc37"},"time":"2012-01-25T17:26:25+00:00","support":{"issues":"https://github.com/guzzle/guzzle/issues","source":"https://github.com/guzzle/guzzle/tree/v2.1.3"}},{"version":"v2.1.2","version_normalized":"2.1.2.0","source":{"url":"https://github.com/guzzle/guzzle.git","type":"git","reference":"f619d8fa0e27fe4e8920e1013413f62bc446a304"},"dist":{"url":"https://api.github.com/repos/guzzle/guzzle/zipball/f619d8fa0e27fe4e8920e1013413f62bc446a304","type":"zip","shasum":"","reference":"f619d8fa0e27fe4e8920e1013413f62bc446a304"},"time":"2012-01-25T17:02:08+00:00","support":{"issues":"https://github.com/guzzle/guzzle/issues","source":"https://github.com/guzzle/guzzle/tree/v2.1.2"}},{"version":"v2.1.1","version_normalized":"2.1.1.0","source":{"url":"https://github.com/guzzle/guzzle.git","type":"git","reference":"dc22f479d052f8bebc232e21d0bebe69a87ae3fa"},"dist":{"url":"https://api.github.com/repos/guzzle/guzzle/zipball/dc22f479d052f8bebc232e21d0bebe69a87ae3fa","type":"zip","shasum":"","reference":"dc22f479d052f8bebc232e21d0bebe69a87ae3fa"},"time":"2012-01-24T20:56:04+00:00","support":{"issues":"https://github.com/guzzle/guzzle/issues","source":"https://github.com/guzzle/guzzle/tree/v2.1.1"}},{"version":"v2.1.0","version_normalized":"2.1.0.0","source":{"url":"https://github.com/guzzle/guzzle.git","type":"git","reference":"53a2bf791c623735c12cc48e559d45e65e84ab75"},"dist":{"url":"https://api.github.com/repos/guzzle/guzzle/zipball/53a2bf791c623735c12cc48e559d45e65e84ab75","type":"zip","shasum":"","reference":"53a2bf791c623735c12cc48e559d45e65e84ab75"},"time":"2012-01-24T01:41:45+00:00","support":{"issues":"https://github.com/guzzle/guzzle/issues","source":"https://github.com/guzzle/guzzle/tree/v2.1.0"}},{"version":"v2.0.5","version_normalized":"2.0.5.0","source":{"url":"https://github.com/guzzle/guzzle.git","type":"git","reference":"109bad53d3c6d4f006e4dbabb63579b6cb9bc6da"},"dist":{"url":"https://api.github.com/repos/guzzle/guzzle/zipball/109bad53d3c6d4f006e4dbabb63579b6cb9bc6da","type":"zip","shasum":"","reference":"109bad53d3c6d4f006e4dbabb63579b6cb9bc6da"},"time":"2012-01-22T23:48:25+00:00","support":{"issues":"https://github.com/guzzle/guzzle/issues","source":"https://github.com/guzzle/guzzle/tree/v2.0.5"}},{"version":"v2.0.4","version_normalized":"2.0.4.0","source":{"url":"https://github.com/guzzle/guzzle.git","type":"git","reference":"2986444944ae769e967c6b7c3666fdd6e4d35346"},"dist":{"url":"https://api.github.com/repos/guzzle/guzzle/zipball/2986444944ae769e967c6b7c3666fdd6e4d35346","type":"zip","shasum":"","reference":"2986444944ae769e967c6b7c3666fdd6e4d35346"},"time":"2012-01-22T01:08:15+00:00","support":{"issues":"https://github.com/guzzle/guzzle/issues","source":"https://github.com/guzzle/guzzle/tree/v2.0.4"}},{"version":"v2.0.3","version_normalized":"2.0.3.0","source":{"url":"https://github.com/guzzle/guzzle.git","type":"git","reference":"829d8ae1780c277f20fd712b0a32f9e6042b3ecc"},"dist":{"url":"https://api.github.com/repos/guzzle/guzzle/zipball/829d8ae1780c277f20fd712b0a32f9e6042b3ecc","type":"zip","shasum":"","reference":"829d8ae1780c277f20fd712b0a32f9e6042b3ecc"},"time":"2012-01-20T06:28:15+00:00","support":{"issues":"https://github.com/guzzle/guzzle/issues","source":"https://github.com/guzzle/guzzle/tree/v2.0.3"}},{"version":"v2.0.2","version_normalized":"2.0.2.0","source":{"url":"https://github.com/guzzle/guzzle.git","type":"git","reference":"ac64abc2c05b921efc4623379c1674a282475ae5"},"dist":{"url":"https://api.github.com/repos/guzzle/guzzle/zipball/ac64abc2c05b921efc4623379c1674a282475ae5","type":"zip","shasum":"","reference":"ac64abc2c05b921efc4623379c1674a282475ae5"},"time":"2012-01-18T05:37:36+00:00","support":{"issues":"https://github.com/guzzle/guzzle/issues","source":"https://github.com/guzzle/guzzle/tree/v2.0.2"}},{"version":"v2.0.1","version_normalized":"2.0.1.0","source":{"url":"https://github.com/guzzle/guzzle.git","type":"git","reference":"40027b0fff3a8ba620a6472df97393cd4d91824e"},"dist":{"url":"https://api.github.com/repos/guzzle/guzzle/zipball/40027b0fff3a8ba620a6472df97393cd4d91824e","type":"zip","shasum":"","reference":"40027b0fff3a8ba620a6472df97393cd4d91824e"},"time":"2012-01-16T22:54:21+00:00","support":{"issues":"https://github.com/guzzle/guzzle/issues","source":"https://github.com/guzzle/guzzle/tree/v2.0.1"}},{"version":"v2.0.0","version_normalized":"2.0.0.0","source":{"url":"https://github.com/guzzle/guzzle.git","type":"git","reference":"d7e332bb647545adb6c6bdac73882623afa1829b"},"dist":{"url":"https://api.github.com/repos/guzzle/guzzle/zipball/d7e332bb647545adb6c6bdac73882623afa1829b","type":"zip","shasum":"","reference":"d7e332bb647545adb6c6bdac73882623afa1829b"},"time":"2012-01-15T16:36:28+00:00","autoload":{"psr-0":{"Guzzle":"src/"}},"support":{"issues":"https://github.com/guzzle/guzzle/issues","source":"https://github.com/guzzle/guzzle/tree/v2.0.0"}},{"keywords":["framework","http","rest"],"version":"v1.0.4","version_normalized":"1.0.4.0","authors":[{"name":"Guzzle Community","homepage":"https://github.com/guzzle/guzzle/contributors"},{"name":"Michael Dowling","email":"michael@guzzlephp.org"}],"source":{"url":"https://github.com/guzzle/guzzle.git","type":"git","reference":"13ea2e723eaba72d99eefb24ec36f95ff7ef0068"},"dist":{"url":"https://api.github.com/repos/guzzle/guzzle/zipball/13ea2e723eaba72d99eefb24ec36f95ff7ef0068","type":"zip","shasum":"","reference":"13ea2e723eaba72d99eefb24ec36f95ff7ef0068"},"time":"2011-12-31T21:30:12+00:00","require":{"php":">=5.3.2"},"support":{"issues":"https://github.com/guzzle/guzzle/issues","source":"https://github.com/guzzle/guzzle/tree/v1.0.4"},"suggest":"__unset"},{"version":"v1.0.3","version_normalized":"1.0.3.0","source":{"url":"https://github.com/guzzle/guzzle.git","type":"git","reference":"45e5f83e58ab6a55c52c930e307dc6be2edd679e"},"dist":{"url":"https://api.github.com/repos/guzzle/guzzle/zipball/45e5f83e58ab6a55c52c930e307dc6be2edd679e","type":"zip","shasum":"","reference":"45e5f83e58ab6a55c52c930e307dc6be2edd679e"},"time":"2011-11-14T01:56:54+00:00","support":{"issues":"https://github.com/guzzle/guzzle/issues","source":"https://github.com/guzzle/guzzle/tree/v1.0.3"}}]},"security-advisories":[],"last-modified":"Wed, 06 Sep 2023 12:10:39 GMT"}