{"minified":"composer/2.0","packages":{"ezyang/htmlpurifier":[{"name":"ezyang/htmlpurifier","description":"Standards compliant HTML filter written in PHP","keywords":["html"],"homepage":"http://htmlpurifier.org/","version":"v4.18.0","version_normalized":"4.18.0.0","license":["LGPL-2.1-or-later"],"authors":[{"name":"Edward Z. Yang","email":"admin@htmlpurifier.org","homepage":"http://ezyang.com"}],"source":{"url":"https://github.com/ezyang/htmlpurifier.git","type":"git","reference":"cb56001e54359df7ae76dc522d08845dc741621b"},"dist":{"url":"https://api.github.com/repos/ezyang/htmlpurifier/zipball/cb56001e54359df7ae76dc522d08845dc741621b","type":"zip","shasum":"","reference":"cb56001e54359df7ae76dc522d08845dc741621b"},"type":"library","support":{"issues":"https://github.com/ezyang/htmlpurifier/issues","source":"https://github.com/ezyang/htmlpurifier/tree/v4.18.0"},"funding":[],"time":"2024-11-01T03:51:45+00:00","autoload":{"files":["library/HTMLPurifier.composer.php"],"psr-0":{"HTMLPurifier":"library/"},"exclude-from-classmap":["/library/HTMLPurifier/Language/"]},"require":{"php":"~5.6.0 || ~7.0.0 || ~7.1.0 || ~7.2.0 || ~7.3.0 || ~7.4.0 || ~8.0.0 || ~8.1.0 || ~8.2.0 || ~8.3.0 || ~8.4.0"},"require-dev":{"cerdic/css-tidy":"^1.7 || ^2.0","simpletest/simpletest":"dev-master"},"suggest":{"cerdic/css-tidy":"If you want to use the filter 'Filter.ExtractStyleBlocks'.","ext-iconv":"Converts text to and from non-UTF-8 encodings","ext-bcmath":"Used for unit conversion and imagecrash protection","ext-tidy":"Used for pretty-printing HTML"}},{"version":"v4.17.0","version_normalized":"4.17.0.0","source":{"url":"https://github.com/ezyang/htmlpurifier.git","type":"git","reference":"bbc513d79acf6691fa9cf10f192c90dd2957f18c"},"dist":{"url":"https://api.github.com/repos/ezyang/htmlpurifier/zipball/bbc513d79acf6691fa9cf10f192c90dd2957f18c","type":"zip","shasum":"","reference":"bbc513d79acf6691fa9cf10f192c90dd2957f18c"},"support":{"issues":"https://github.com/ezyang/htmlpurifier/issues","source":"https://github.com/ezyang/htmlpurifier/tree/v4.17.0"},"time":"2023-11-17T15:01:25+00:00","require":{"php":"~5.6.0 || ~7.0.0 || ~7.1.0 || ~7.2.0 || ~7.3.0 || ~7.4.0 || ~8.0.0 || ~8.1.0 || ~8.2.0 || ~8.3.0"}},{"version":"v4.16.0","version_normalized":"4.16.0.0","source":{"url":"https://github.com/ezyang/htmlpurifier.git","type":"git","reference":"523407fb06eb9e5f3d59889b3978d5bfe94299c8"},"dist":{"url":"https://api.github.com/repos/ezyang/htmlpurifier/zipball/523407fb06eb9e5f3d59889b3978d5bfe94299c8","type":"zip","shasum":"","reference":"523407fb06eb9e5f3d59889b3978d5bfe94299c8"},"support":{"issues":"https://github.com/ezyang/htmlpurifier/issues","source":"https://github.com/ezyang/htmlpurifier/tree/v4.16.0"},"time":"2022-09-18T07:06:19+00:00","require":{"php":"~5.6.0 || ~7.0.0 || ~7.1.0 || ~7.2.0 || ~7.3.0 || ~7.4.0 || ~8.0.0 || ~8.1.0 || ~8.2.0"}},{"version":"v4.15.0","version_normalized":"4.15.0.0","source":{"url":"https://github.com/ezyang/htmlpurifier.git","type":"git","reference":"8d9f4c9ec154922ff19690ffade9ed915b27a017"},"dist":{"url":"https://api.github.com/repos/ezyang/htmlpurifier/zipball/8d9f4c9ec154922ff19690ffade9ed915b27a017","type":"zip","shasum":"","reference":"8d9f4c9ec154922ff19690ffade9ed915b27a017"},"support":{"issues":"https://github.com/ezyang/htmlpurifier/issues","source":"https://github.com/ezyang/htmlpurifier/tree/v4.15.0"},"time":"2022-09-18T06:23:57+00:00"},{"version":"v4.14.0","version_normalized":"4.14.0.0","source":{"url":"https://github.com/ezyang/htmlpurifier.git","type":"git","reference":"12ab42bd6e742c70c0a52f7b82477fcd44e64b75"},"dist":{"url":"https://api.github.com/repos/ezyang/htmlpurifier/zipball/12ab42bd6e742c70c0a52f7b82477fcd44e64b75","type":"zip","shasum":"","reference":"12ab42bd6e742c70c0a52f7b82477fcd44e64b75"},"support":{"issues":"https://github.com/ezyang/htmlpurifier/issues","source":"https://github.com/ezyang/htmlpurifier/tree/v4.14.0"},"time":"2021-12-25T01:21:49+00:00","require":{"php":">=5.2"},"require-dev":"__unset","suggest":"__unset"},{"version":"v4.13.0","version_normalized":"4.13.0.0","source":{"url":"https://github.com/ezyang/htmlpurifier.git","type":"git","reference":"08e27c97e4c6ed02f37c5b2b20488046c8d90d75"},"dist":{"url":"https://api.github.com/repos/ezyang/htmlpurifier/zipball/08e27c97e4c6ed02f37c5b2b20488046c8d90d75","type":"zip","shasum":"","reference":"08e27c97e4c6ed02f37c5b2b20488046c8d90d75"},"support":{"issues":"https://github.com/ezyang/htmlpurifier/issues","source":"https://github.com/ezyang/htmlpurifier/tree/master"},"time":"2020-06-29T00:56:53+00:00","require-dev":{"simpletest/simpletest":"dev-master#72de02a7b80c6bb8864ef9bf66d41d2f58f826bd"}},{"version":"v4.12.0","version_normalized":"4.12.0.0","source":{"url":"https://github.com/ezyang/htmlpurifier.git","type":"git","reference":"a617e55bc62a87eec73bd456d146d134ad716f03"},"dist":{"url":"https://api.github.com/repos/ezyang/htmlpurifier/zipball/a617e55bc62a87eec73bd456d146d134ad716f03","type":"zip","shasum":"","reference":"a617e55bc62a87eec73bd456d146d134ad716f03"},"time":"2019-10-28T03:44:26+00:00","autoload":{"files":["library/HTMLPurifier.composer.php"],"psr-0":{"HTMLPurifier":"library/"}},"funding":"__unset"},{"version":"v4.11.0","version_normalized":"4.11.0.0","source":{"url":"https://github.com/ezyang/htmlpurifier.git","type":"git","reference":"83ab08bc1af7d808a9e0fbf024f1c24bfd73c0a7"},"dist":{"url":"https://api.github.com/repos/ezyang/htmlpurifier/zipball/83ab08bc1af7d808a9e0fbf024f1c24bfd73c0a7","type":"zip","shasum":"","reference":"83ab08bc1af7d808a9e0fbf024f1c24bfd73c0a7"},"support":{"issues":"https://github.com/ezyang/htmlpurifier/issues","source":"https://github.com/ezyang/htmlpurifier/tree/v4.11.0"},"time":"2019-07-14T18:58:38+00:00"},{"version":"v4.10.0","version_normalized":"4.10.0.0","license":["LGPL"],"source":{"url":"https://github.com/ezyang/htmlpurifier.git","type":"git","reference":"d85d39da4576a6934b72480be6978fb10c860021"},"dist":{"url":"https://api.github.com/repos/ezyang/htmlpurifier/zipball/d85d39da4576a6934b72480be6978fb10c860021","type":"zip","shasum":"","reference":"d85d39da4576a6934b72480be6978fb10c860021"},"support":{"issues":"https://github.com/ezyang/htmlpurifier/issues","source":"https://github.com/ezyang/htmlpurifier/tree/v4.10.0"},"time":"2018-02-23T01:58:20+00:00","require-dev":{"simpletest/simpletest":"^1.1"}},{"version":"v4.9.3","version_normalized":"4.9.3.0","source":{"url":"https://github.com/ezyang/htmlpurifier.git","type":"git","reference":"95e1bae3182efc0f3422896a3236e991049dac69"},"dist":{"url":"https://api.github.com/repos/ezyang/htmlpurifier/zipball/95e1bae3182efc0f3422896a3236e991049dac69","type":"zip","shasum":"","reference":"95e1bae3182efc0f3422896a3236e991049dac69"},"support":{"issues":"https://github.com/ezyang/htmlpurifier/issues","source":"https://github.com/ezyang/htmlpurifier/tree/v4.9.3"},"time":"2017-06-03T02:28:16+00:00"},{"version":"v4.9.2","version_normalized":"4.9.2.0","source":{"url":"https://github.com/ezyang/htmlpurifier.git","type":"git","reference":"6d50e5282afdfdfc3e0ff6d192aff56c5629b3d4"},"dist":{"url":"https://api.github.com/repos/ezyang/htmlpurifier/zipball/6d50e5282afdfdfc3e0ff6d192aff56c5629b3d4","type":"zip","shasum":"","reference":"6d50e5282afdfdfc3e0ff6d192aff56c5629b3d4"},"support":{"issues":"https://github.com/ezyang/htmlpurifier/issues","source":"https://github.com/ezyang/htmlpurifier/tree/v4.9.2"},"time":"2017-03-13T06:30:53+00:00"},{"version":"v4.9.1","version_normalized":"4.9.1.0","source":{"url":"https://github.com/ezyang/htmlpurifier.git","type":"git","reference":"de82f9845f2a0f9f27abec67d6a4958427e6f5d6"},"dist":{"url":"https://api.github.com/repos/ezyang/htmlpurifier/zipball/de82f9845f2a0f9f27abec67d6a4958427e6f5d6","type":"zip","shasum":"","reference":"de82f9845f2a0f9f27abec67d6a4958427e6f5d6"},"support":{"issues":"https://github.com/ezyang/htmlpurifier/issues","source":"https://github.com/ezyang/htmlpurifier/tree/v4.9.1"},"time":"2017-03-08T08:22:36+00:00"},{"version":"v4.8.0","version_normalized":"4.8.0.0","source":{"url":"https://github.com/ezyang/htmlpurifier.git","type":"git","reference":"d0c392f77d2f2a3dcf7fcb79e2a1e2b8804e75b2"},"dist":{"url":"https://api.github.com/repos/ezyang/htmlpurifier/zipball/d0c392f77d2f2a3dcf7fcb79e2a1e2b8804e75b2","type":"zip","shasum":"","reference":"d0c392f77d2f2a3dcf7fcb79e2a1e2b8804e75b2"},"support":{"issues":"https://github.com/ezyang/htmlpurifier/issues","source":"https://github.com/ezyang/htmlpurifier/tree/v4.8.0"},"time":"2016-07-16T12:58:58+00:00","require-dev":"__unset"},{"version":"v4.7.0","version_normalized":"4.7.0.0","source":{"url":"https://github.com/ezyang/htmlpurifier.git","type":"git","reference":"ae1828d955112356f7677c465f94f7deb7d27a40"},"dist":{"url":"https://api.github.com/repos/ezyang/htmlpurifier/zipball/ae1828d955112356f7677c465f94f7deb7d27a40","type":"zip","shasum":"","reference":"ae1828d955112356f7677c465f94f7deb7d27a40"},"support":{"issues":"https://github.com/ezyang/htmlpurifier/issues","source":"https://github.com/ezyang/htmlpurifier/tree/v4.7.0"},"time":"2015-08-05T01:03:42+00:00"},{"version":"v4.6.0","version_normalized":"4.6.0.0","source":{"url":"https://github.com/ezyang/htmlpurifier.git","type":"git","reference":"6f389f0f25b90d0b495308efcfa073981177f0fd"},"dist":{"url":"https://api.github.com/repos/ezyang/htmlpurifier/zipball/6f389f0f25b90d0b495308efcfa073981177f0fd","type":"zip","shasum":"","reference":"6f389f0f25b90d0b495308efcfa073981177f0fd"},"support":{"issues":"https://github.com/ezyang/htmlpurifier/issues","source":"https://github.com/ezyang/htmlpurifier/tree/v4.6.0"},"time":"2013-11-30T08:25:19+00:00"},{"version":"v4.5.0","version_normalized":"4.5.0.0","source":{"url":"https://github.com/ezyang/htmlpurifier.git","type":"git","reference":"d516e2f8de435ea78cc6152abc425d3ff2c4d289"},"dist":{"url":"https://api.github.com/repos/ezyang/htmlpurifier/zipball/d516e2f8de435ea78cc6152abc425d3ff2c4d289","type":"zip","shasum":"","reference":"d516e2f8de435ea78cc6152abc425d3ff2c4d289"},"support":{"issues":"https://github.com/ezyang/htmlpurifier/issues","source":"https://github.com/ezyang/htmlpurifier/tree/v4.5.0"},"time":"2013-02-18T00:04:08+00:00"}]},"security-advisories":[{"advisoryId":"PKSA-393x-4q3x-x5sn","affectedVersions":"<2.0.1"},{"advisoryId":"PKSA-bscq-3hjz-7cqm","affectedVersions":"<=4.2.0"},{"advisoryId":"PKSA-mxmm-yhr7-jf8c","affectedVersions":"<4.1.1"},{"advisoryId":"PKSA-dcn7-gtzn-nbj6","affectedVersions":"<4.1.0"}],"last-modified":"Fri, 01 Nov 2024 03:51:51 GMT"}