{"minified":"composer/2.0","packages":{"laravel/pint":[{"name":"laravel/pint","description":"An opinionated code formatter for PHP.","keywords":["php","linter","formatter","format","lint"],"homepage":"https://laravel.com","version":"v1.22.0","version_normalized":"1.22.0.0","license":["MIT"],"authors":[{"name":"Nuno Maduro","email":"enunomaduro@gmail.com"}],"source":{"url":"https://github.com/laravel/pint.git","type":"git","reference":"7ddfaa6523a675fae5c4123ee38fc6bfb8ee4f36"},"dist":{"url":"https://api.github.com/repos/laravel/pint/zipball/7ddfaa6523a675fae5c4123ee38fc6bfb8ee4f36","type":"zip","shasum":"","reference":"7ddfaa6523a675fae5c4123ee38fc6bfb8ee4f36"},"type":"project","support":{"issues":"https://github.com/laravel/pint/issues","source":"https://github.com/laravel/pint"},"funding":[],"time":"2025-04-08T22:11:45+00:00","autoload":{"psr-4":{"App\\":"app/","Database\\Seeders\\":"database/seeders/","Database\\Factories\\":"database/factories/"}},"bin":["builds/pint"],"require":{"php":"^8.2.0","ext-json":"*","ext-mbstring":"*","ext-tokenizer":"*","ext-xml":"*"},"require-dev":{"friendsofphp/php-cs-fixer":"^3.75.0","illuminate/view":"^11.44.2","larastan/larastan":"^3.3.1","laravel-zero/framework":"^11.36.1","mockery/mockery":"^1.6.12","nunomaduro/termwind":"^2.3","pestphp/pest":"^2.36.0"}},{"version":"v1.21.2","version_normalized":"1.21.2.0","source":{"url":"https://github.com/laravel/pint.git","type":"git","reference":"370772e7d9e9da087678a0edf2b11b6960e40558"},"dist":{"url":"https://api.github.com/repos/laravel/pint/zipball/370772e7d9e9da087678a0edf2b11b6960e40558","type":"zip","shasum":"","reference":"370772e7d9e9da087678a0edf2b11b6960e40558"},"time":"2025-03-14T22:31:42+00:00","require-dev":{"friendsofphp/php-cs-fixer":"^3.72.0","illuminate/view":"^11.44.2","larastan/larastan":"^3.2.0","laravel-zero/framework":"^11.36.1","mockery/mockery":"^1.6.12","nunomaduro/termwind":"^2.3","pestphp/pest":"^2.36.0"}},{"version":"v1.21.1","version_normalized":"1.21.1.0","source":{"url":"https://github.com/laravel/pint.git","type":"git","reference":"c44bffbb2334e90fba560933c45948fa4a3f3e86"},"dist":{"url":"https://api.github.com/repos/laravel/pint/zipball/c44bffbb2334e90fba560933c45948fa4a3f3e86","type":"zip","shasum":"","reference":"c44bffbb2334e90fba560933c45948fa4a3f3e86"},"time":"2025-03-11T03:22:21+00:00","require-dev":{"friendsofphp/php-cs-fixer":"^3.70.2","illuminate/view":"^11.44.1","larastan/larastan":"^3.1.0","laravel-zero/framework":"^11.36.1","mockery/mockery":"^1.6.12","nunomaduro/termwind":"^2.3","pestphp/pest":"^2.36.0"}},{"version":"v1.21.0","version_normalized":"1.21.0.0","source":{"url":"https://github.com/laravel/pint.git","type":"git","reference":"531fa0871fbde719c51b12afa3a443b8f4e4b425"},"dist":{"url":"https://api.github.com/repos/laravel/pint/zipball/531fa0871fbde719c51b12afa3a443b8f4e4b425","type":"zip","shasum":"","reference":"531fa0871fbde719c51b12afa3a443b8f4e4b425"},"time":"2025-02-18T03:18:57+00:00","require-dev":{"friendsofphp/php-cs-fixer":"^3.68.5","illuminate/view":"^11.42.0","larastan/larastan":"^3.0.4","laravel-zero/framework":"^11.36.1","mockery/mockery":"^1.6.12","nunomaduro/termwind":"^2.3","pestphp/pest":"^2.36.0"}},{"version":"v1.20.0","version_normalized":"1.20.0.0","source":{"url":"https://github.com/laravel/pint.git","type":"git","reference":"53072e8ea22213a7ed168a8a15b96fbb8b82d44b"},"dist":{"url":"https://api.github.com/repos/laravel/pint/zipball/53072e8ea22213a7ed168a8a15b96fbb8b82d44b","type":"zip","shasum":"","reference":"53072e8ea22213a7ed168a8a15b96fbb8b82d44b"},"time":"2025-01-14T16:20:53+00:00","require":{"php":"^8.1.0","ext-json":"*","ext-mbstring":"*","ext-tokenizer":"*","ext-xml":"*"},"require-dev":{"friendsofphp/php-cs-fixer":"^3.66.0","illuminate/view":"^10.48.25","larastan/larastan":"^2.9.12","laravel-zero/framework":"^10.48.25","mockery/mockery":"^1.6.12","nunomaduro/termwind":"^1.17.0","pestphp/pest":"^2.36.0"}},{"version":"v1.19.0","version_normalized":"1.19.0.0","source":{"url":"https://github.com/laravel/pint.git","type":"git","reference":"8169513746e1bac70c85d6ea1524d9225d4886f0"},"dist":{"url":"https://api.github.com/repos/laravel/pint/zipball/8169513746e1bac70c85d6ea1524d9225d4886f0","type":"zip","shasum":"","reference":"8169513746e1bac70c85d6ea1524d9225d4886f0"},"time":"2024-12-30T16:20:10+00:00"},{"version":"v1.18.3","version_normalized":"1.18.3.0","source":{"url":"https://github.com/laravel/pint.git","type":"git","reference":"cef51821608239040ab841ad6e1c6ae502ae3026"},"dist":{"url":"https://api.github.com/repos/laravel/pint/zipball/cef51821608239040ab841ad6e1c6ae502ae3026","type":"zip","shasum":"","reference":"cef51821608239040ab841ad6e1c6ae502ae3026"},"time":"2024-11-26T15:34:00+00:00","require-dev":{"friendsofphp/php-cs-fixer":"^3.65.0","illuminate/view":"^10.48.24","larastan/larastan":"^2.9.11","laravel-zero/framework":"^10.4.0","mockery/mockery":"^1.6.12","nunomaduro/termwind":"^1.17.0","pestphp/pest":"^2.36.0"}},{"version":"v1.18.2","version_normalized":"1.18.2.0","source":{"url":"https://github.com/laravel/pint.git","type":"git","reference":"f55daaf7eb6c2f49ddf6702fb42e3091c64d8a64"},"dist":{"url":"https://api.github.com/repos/laravel/pint/zipball/f55daaf7eb6c2f49ddf6702fb42e3091c64d8a64","type":"zip","shasum":"","reference":"f55daaf7eb6c2f49ddf6702fb42e3091c64d8a64"},"time":"2024-11-20T09:33:46+00:00","require-dev":{"friendsofphp/php-cs-fixer":"^3.64.0","illuminate/view":"^10.48.20","larastan/larastan":"^2.9.8","laravel-zero/framework":"^10.4.0","mockery/mockery":"^1.6.12","nunomaduro/termwind":"^1.15.1","pestphp/pest":"^2.35.1"}},{"version":"v1.18.1","version_normalized":"1.18.1.0","source":{"url":"https://github.com/laravel/pint.git","type":"git","reference":"35c00c05ec43e6b46d295efc0f4386ceb30d50d9"},"dist":{"url":"https://api.github.com/repos/laravel/pint/zipball/35c00c05ec43e6b46d295efc0f4386ceb30d50d9","type":"zip","shasum":"","reference":"35c00c05ec43e6b46d295efc0f4386ceb30d50d9"},"time":"2024-09-24T17:22:50+00:00"},{"version":"v1.18.0","version_normalized":"1.18.0.0","source":{"url":"https://github.com/laravel/pint.git","type":"git","reference":"eb2bcbd85034c1a508cf409b7ee318eb3137f090"},"dist":{"url":"https://api.github.com/repos/laravel/pint/zipball/eb2bcbd85034c1a508cf409b7ee318eb3137f090","type":"zip","shasum":"","reference":"eb2bcbd85034c1a508cf409b7ee318eb3137f090"},"time":"2024-09-24T15:48:42+00:00"},{"version":"v1.17.3","version_normalized":"1.17.3.0","source":{"url":"https://github.com/laravel/pint.git","type":"git","reference":"9d77be916e145864f10788bb94531d03e1f7b482"},"dist":{"url":"https://api.github.com/repos/laravel/pint/zipball/9d77be916e145864f10788bb94531d03e1f7b482","type":"zip","shasum":"","reference":"9d77be916e145864f10788bb94531d03e1f7b482"},"time":"2024-09-03T15:00:28+00:00"},{"version":"v1.17.2","version_normalized":"1.17.2.0","source":{"url":"https://github.com/laravel/pint.git","type":"git","reference":"e8a88130a25e3f9d4d5785e6a1afca98268ab110"},"dist":{"url":"https://api.github.com/repos/laravel/pint/zipball/e8a88130a25e3f9d4d5785e6a1afca98268ab110","type":"zip","shasum":"","reference":"e8a88130a25e3f9d4d5785e6a1afca98268ab110"},"time":"2024-08-06T15:11:54+00:00","require-dev":{"friendsofphp/php-cs-fixer":"^3.61.1","illuminate/view":"^10.48.18","larastan/larastan":"^2.9.8","laravel-zero/framework":"^10.4.0","mockery/mockery":"^1.6.12","nunomaduro/termwind":"^1.15.1","pestphp/pest":"^2.35.0"}},{"version":"v1.17.1","version_normalized":"1.17.1.0","source":{"url":"https://github.com/laravel/pint.git","type":"git","reference":"b5b6f716db298671c1dfea5b1082ec2c0ae7064f"},"dist":{"url":"https://api.github.com/repos/laravel/pint/zipball/b5b6f716db298671c1dfea5b1082ec2c0ae7064f","type":"zip","shasum":"","reference":"b5b6f716db298671c1dfea5b1082ec2c0ae7064f"},"time":"2024-08-01T09:06:33+00:00","require-dev":{"friendsofphp/php-cs-fixer":"^3.59.3","illuminate/view":"^10.48.12","larastan/larastan":"^2.9.7","laravel-zero/framework":"^10.4.0","mockery/mockery":"^1.6.12","nunomaduro/termwind":"^1.15.1","pestphp/pest":"^2.34.8"}},{"version":"v1.17.0","version_normalized":"1.17.0.0","source":{"url":"https://github.com/laravel/pint.git","type":"git","reference":"4dba80c1de4b81dc4c4fb10ea6f4781495eb29f5"},"dist":{"url":"https://api.github.com/repos/laravel/pint/zipball/4dba80c1de4b81dc4c4fb10ea6f4781495eb29f5","type":"zip","shasum":"","reference":"4dba80c1de4b81dc4c4fb10ea6f4781495eb29f5"},"time":"2024-07-23T16:40:20+00:00"},{"version":"v1.16.2","version_normalized":"1.16.2.0","source":{"url":"https://github.com/laravel/pint.git","type":"git","reference":"51f1ba679a6afe0315621ad143d788bd7ded0eca"},"dist":{"url":"https://api.github.com/repos/laravel/pint/zipball/51f1ba679a6afe0315621ad143d788bd7ded0eca","type":"zip","shasum":"","reference":"51f1ba679a6afe0315621ad143d788bd7ded0eca"},"time":"2024-07-09T15:58:08+00:00"},{"version":"v1.16.1","version_normalized":"1.16.1.0","source":{"url":"https://github.com/laravel/pint.git","type":"git","reference":"9266a47f1b9231b83e0cfd849009547329d871b1"},"dist":{"url":"https://api.github.com/repos/laravel/pint/zipball/9266a47f1b9231b83e0cfd849009547329d871b1","type":"zip","shasum":"","reference":"9266a47f1b9231b83e0cfd849009547329d871b1"},"time":"2024-06-18T16:50:05+00:00"},{"version":"v1.16.0","version_normalized":"1.16.0.0","source":{"url":"https://github.com/laravel/pint.git","type":"git","reference":"1b3a3dc5bc6a81ff52828ba7277621f1d49d6d98"},"dist":{"url":"https://api.github.com/repos/laravel/pint/zipball/1b3a3dc5bc6a81ff52828ba7277621f1d49d6d98","type":"zip","shasum":"","reference":"1b3a3dc5bc6a81ff52828ba7277621f1d49d6d98"},"time":"2024-05-21T18:08:25+00:00","require-dev":{"friendsofphp/php-cs-fixer":"^3.57.1","illuminate/view":"^10.48.10","larastan/larastan":"^2.9.6","laravel-zero/framework":"^10.4.0","mockery/mockery":"^1.6.12","nunomaduro/termwind":"^1.15.1","pestphp/pest":"^2.34.7"}},{"version":"v1.15.3","version_normalized":"1.15.3.0","source":{"url":"https://github.com/laravel/pint.git","type":"git","reference":"3600b5d17aff52f6100ea4921849deacbbeb8656"},"dist":{"url":"https://api.github.com/repos/laravel/pint/zipball/3600b5d17aff52f6100ea4921849deacbbeb8656","type":"zip","shasum":"","reference":"3600b5d17aff52f6100ea4921849deacbbeb8656"},"time":"2024-04-30T15:02:26+00:00","require-dev":{"friendsofphp/php-cs-fixer":"^3.54.0","illuminate/view":"^10.48.8","larastan/larastan":"^2.9.5","laravel-zero/framework":"^10.3.0","mockery/mockery":"^1.6.11","nunomaduro/termwind":"^1.15.1","pestphp/pest":"^2.34.7"}},{"version":"v1.15.2","version_normalized":"1.15.2.0","source":{"url":"https://github.com/laravel/pint.git","type":"git","reference":"2c9f8004899815f3f0ee3cb28ef7281e2b589134"},"dist":{"url":"https://api.github.com/repos/laravel/pint/zipball/2c9f8004899815f3f0ee3cb28ef7281e2b589134","type":"zip","shasum":"","reference":"2c9f8004899815f3f0ee3cb28ef7281e2b589134"},"time":"2024-04-23T15:42:34+00:00"},{"version":"v1.15.1","version_normalized":"1.15.1.0","source":{"url":"https://github.com/laravel/pint.git","type":"git","reference":"5f288b5e79938cc72f5c298d384e639de87507c6"},"dist":{"url":"https://api.github.com/repos/laravel/pint/zipball/5f288b5e79938cc72f5c298d384e639de87507c6","type":"zip","shasum":"","reference":"5f288b5e79938cc72f5c298d384e639de87507c6"},"time":"2024-04-02T14:28:47+00:00","require-dev":{"friendsofphp/php-cs-fixer":"^3.52.1","illuminate/view":"^10.48.4","larastan/larastan":"^2.9.2","laravel-zero/framework":"^10.3.0","mockery/mockery":"^1.6.11","nunomaduro/termwind":"^1.15.1","pestphp/pest":"^2.34.5"}},{"version":"v1.15.0","version_normalized":"1.15.0.0","source":{"url":"https://github.com/laravel/pint.git","type":"git","reference":"c52de679b3ac01207016c179d7ce173e4be128c4"},"dist":{"url":"https://api.github.com/repos/laravel/pint/zipball/c52de679b3ac01207016c179d7ce173e4be128c4","type":"zip","shasum":"","reference":"c52de679b3ac01207016c179d7ce173e4be128c4"},"time":"2024-03-26T16:40:24+00:00","require-dev":{"friendsofphp/php-cs-fixer":"^3.49.0","illuminate/view":"^10.43.0","larastan/larastan":"^2.8.1","laravel-zero/framework":"^10.3.0","mockery/mockery":"^1.6.7","nunomaduro/termwind":"^1.15.1","pestphp/pest":"^2.33.6"}},{"version":"v1.14.0","version_normalized":"1.14.0.0","source":{"url":"https://github.com/laravel/pint.git","type":"git","reference":"6b127276e3f263f7bb17d5077e9e0269e61b2a0e"},"dist":{"url":"https://api.github.com/repos/laravel/pint/zipball/6b127276e3f263f7bb17d5077e9e0269e61b2a0e","type":"zip","shasum":"","reference":"6b127276e3f263f7bb17d5077e9e0269e61b2a0e"},"time":"2024-02-20T17:38:05+00:00"},{"version":"v1.13.11","version_normalized":"1.13.11.0","source":{"url":"https://github.com/laravel/pint.git","type":"git","reference":"60a163c3e7e3346a1dec96d3e6f02e6465452552"},"dist":{"url":"https://api.github.com/repos/laravel/pint/zipball/60a163c3e7e3346a1dec96d3e6f02e6465452552","type":"zip","shasum":"","reference":"60a163c3e7e3346a1dec96d3e6f02e6465452552"},"time":"2024-02-13T17:20:13+00:00"},{"version":"v1.13.10","version_normalized":"1.13.10.0","source":{"url":"https://github.com/laravel/pint.git","type":"git","reference":"e2b5060885694ca30ac008c05dc9d47f10ed1abf"},"dist":{"url":"https://api.github.com/repos/laravel/pint/zipball/e2b5060885694ca30ac008c05dc9d47f10ed1abf","type":"zip","shasum":"","reference":"e2b5060885694ca30ac008c05dc9d47f10ed1abf"},"time":"2024-01-22T09:04:15+00:00","require-dev":{"friendsofphp/php-cs-fixer":"^3.47.1","illuminate/view":"^10.41.0","larastan/larastan":"^2.8.1","laravel-zero/framework":"^10.3.0","mockery/mockery":"^1.6.7","nunomaduro/termwind":"^1.15.1","pestphp/pest":"^2.31.0"}},{"version":"v1.13.9","version_normalized":"1.13.9.0","source":{"url":"https://github.com/laravel/pint.git","type":"git","reference":"e3e269cc5d874c8efd2dc7962b1c7ff2585fe525"},"dist":{"url":"https://api.github.com/repos/laravel/pint/zipball/e3e269cc5d874c8efd2dc7962b1c7ff2585fe525","type":"zip","shasum":"","reference":"e3e269cc5d874c8efd2dc7962b1c7ff2585fe525"},"time":"2024-01-16T17:39:29+00:00","require-dev":{"friendsofphp/php-cs-fixer":"^3.47.0","illuminate/view":"^10.40.0","larastan/larastan":"^2.8.1","laravel-zero/framework":"^10.3.0","mockery/mockery":"^1.6.7","nunomaduro/termwind":"^1.15.1","pestphp/pest":"^2.31.0"}},{"version":"v1.13.8","version_normalized":"1.13.8.0","source":{"url":"https://github.com/laravel/pint.git","type":"git","reference":"69def89df9e0babc0f0a8bea184804a7d8a9c5c0"},"dist":{"url":"https://api.github.com/repos/laravel/pint/zipball/69def89df9e0babc0f0a8bea184804a7d8a9c5c0","type":"zip","shasum":"","reference":"69def89df9e0babc0f0a8bea184804a7d8a9c5c0"},"time":"2024-01-09T18:03:54+00:00","require-dev":{"friendsofphp/php-cs-fixer":"^3.46.0","illuminate/view":"^10.39.0","larastan/larastan":"^2.8.1","laravel-zero/framework":"^10.3.0","mockery/mockery":"^1.6.7","nunomaduro/termwind":"^1.15.1","pestphp/pest":"^2.30.0"}},{"version":"v1.13.7","version_normalized":"1.13.7.0","source":{"url":"https://github.com/laravel/pint.git","type":"git","reference":"4157768980dbd977f1c4b4cc94997416d8b30ece"},"dist":{"url":"https://api.github.com/repos/laravel/pint/zipball/4157768980dbd977f1c4b4cc94997416d8b30ece","type":"zip","shasum":"","reference":"4157768980dbd977f1c4b4cc94997416d8b30ece"},"time":"2023-12-05T19:43:12+00:00","require-dev":{"friendsofphp/php-cs-fixer":"^3.38.0","illuminate/view":"^10.30.1","laravel-zero/framework":"^10.3.0","mockery/mockery":"^1.6.6","nunomaduro/larastan":"^2.6.4","nunomaduro/termwind":"^1.15.1","pestphp/pest":"^2.24.2"}},{"version":"v1.13.6","version_normalized":"1.13.6.0","source":{"url":"https://github.com/laravel/pint.git","type":"git","reference":"3e3d2ab01c7d8b484c18e6100ecf53639c744fa7"},"dist":{"url":"https://api.github.com/repos/laravel/pint/zipball/3e3d2ab01c7d8b484c18e6100ecf53639c744fa7","type":"zip","shasum":"","reference":"3e3d2ab01c7d8b484c18e6100ecf53639c744fa7"},"time":"2023-11-07T17:59:57+00:00"},{"version":"v1.13.5","version_normalized":"1.13.5.0","source":{"url":"https://github.com/laravel/pint.git","type":"git","reference":"df105cf8ce7a8f0b8a9425ff45cd281a5448e423"},"dist":{"url":"https://api.github.com/repos/laravel/pint/zipball/df105cf8ce7a8f0b8a9425ff45cd281a5448e423","type":"zip","shasum":"","reference":"df105cf8ce7a8f0b8a9425ff45cd281a5448e423"},"time":"2023-10-26T09:26:10+00:00","require-dev":{"friendsofphp/php-cs-fixer":"^3.34.1","illuminate/view":"^10.26.2","laravel-zero/framework":"^10.1.2","mockery/mockery":"^1.6.6","nunomaduro/larastan":"^2.6.4","nunomaduro/termwind":"^1.15.1","pestphp/pest":"^2.20.0"}},{"version":"v1.13.4","version_normalized":"1.13.4.0","source":{"url":"https://github.com/laravel/pint.git","type":"git","reference":"428c1eae1be4d2994c88234ffe3fea6800532e0d"},"dist":{"url":"https://api.github.com/repos/laravel/pint/zipball/428c1eae1be4d2994c88234ffe3fea6800532e0d","type":"zip","shasum":"","reference":"428c1eae1be4d2994c88234ffe3fea6800532e0d"},"time":"2023-10-24T15:44:13+00:00"},{"version":"v1.13.3","version_normalized":"1.13.3.0","source":{"url":"https://github.com/laravel/pint.git","type":"git","reference":"93b2d0d49719bc6e444ba21cd4dbbccec935413d"},"dist":{"url":"https://api.github.com/repos/laravel/pint/zipball/93b2d0d49719bc6e444ba21cd4dbbccec935413d","type":"zip","shasum":"","reference":"93b2d0d49719bc6e444ba21cd4dbbccec935413d"},"time":"2023-10-10T15:39:09+00:00","require-dev":{"friendsofphp/php-cs-fixer":"^3.34.1","illuminate/view":"^10.23.1","laravel-zero/framework":"^10.1.2","mockery/mockery":"^1.6.6","nunomaduro/larastan":"^2.6.4","nunomaduro/termwind":"^1.15.1","pestphp/pest":"^2.18.2"}},{"version":"v1.13.2","version_normalized":"1.13.2.0","source":{"url":"https://github.com/laravel/pint.git","type":"git","reference":"bbb13460d7f8c5c0cd9a58109beedd79cd7331ff"},"dist":{"url":"https://api.github.com/repos/laravel/pint/zipball/bbb13460d7f8c5c0cd9a58109beedd79cd7331ff","type":"zip","shasum":"","reference":"bbb13460d7f8c5c0cd9a58109beedd79cd7331ff"},"time":"2023-09-19T15:55:02+00:00","require-dev":{"friendsofphp/php-cs-fixer":"^3.26.1","illuminate/view":"^10.23.1","laravel-zero/framework":"^10.1.2","mockery/mockery":"^1.6.6","nunomaduro/larastan":"^2.6.4","nunomaduro/termwind":"^1.15.1","pestphp/pest":"^2.18.2"}},{"version":"v1.13.1","version_normalized":"1.13.1.0","source":{"url":"https://github.com/laravel/pint.git","type":"git","reference":"22f204242d68095b3ba7dab5d3ef0240454a4652"},"dist":{"url":"https://api.github.com/repos/laravel/pint/zipball/22f204242d68095b3ba7dab5d3ef0240454a4652","type":"zip","shasum":"","reference":"22f204242d68095b3ba7dab5d3ef0240454a4652"},"time":"2023-09-06T11:03:34+00:00","require-dev":{"friendsofphp/php-cs-fixer":"^3.21.1","illuminate/view":"^10.5.1","laravel-zero/framework":"^10.1.2","mockery/mockery":"^1.5.1","nunomaduro/larastan":"^2.5.1","nunomaduro/termwind":"^1.15.1","pestphp/pest":"^2.4.0"}},{"version":"v1.13.0","version_normalized":"1.13.0.0","source":{"url":"https://github.com/laravel/pint.git","type":"git","reference":"a19bd99c91b158f33a4c5ffe9653d17a921424de"},"dist":{"url":"https://api.github.com/repos/laravel/pint/zipball/a19bd99c91b158f33a4c5ffe9653d17a921424de","type":"zip","shasum":"","reference":"a19bd99c91b158f33a4c5ffe9653d17a921424de"},"time":"2023-09-05T15:45:33+00:00"},{"version":"v1.12.0","version_normalized":"1.12.0.0","source":{"url":"https://github.com/laravel/pint.git","type":"git","reference":"08bcf51e520a5e5aea458fc600ac4869f6934a66"},"dist":{"url":"https://api.github.com/repos/laravel/pint/zipball/08bcf51e520a5e5aea458fc600ac4869f6934a66","type":"zip","shasum":"","reference":"08bcf51e520a5e5aea458fc600ac4869f6934a66"},"time":"2023-08-30T07:53:32+00:00"},{"version":"v1.11.0","version_normalized":"1.11.0.0","source":{"url":"https://github.com/laravel/pint.git","type":"git","reference":"88e835bf922b94017778bde89ef8f215e1ea40db"},"dist":{"url":"https://api.github.com/repos/laravel/pint/zipball/88e835bf922b94017778bde89ef8f215e1ea40db","type":"zip","shasum":"","reference":"88e835bf922b94017778bde89ef8f215e1ea40db"},"time":"2023-08-15T15:30:00+00:00","require-dev":{"friendsofphp/php-cs-fixer":"^3.21.1","illuminate/view":"^10.5.1","laravel-zero/framework":"^10.1.1","mockery/mockery":"^1.5.1","nunomaduro/larastan":"^2.5.1","nunomaduro/termwind":"^1.15.1","pestphp/pest":"^2.4.0"}},{"version":"v1.10.6","version_normalized":"1.10.6.0","source":{"url":"https://github.com/laravel/pint.git","type":"git","reference":"d1915b6ecc6406c00472c6b9ae75b46aa153bbb2"},"dist":{"url":"https://api.github.com/repos/laravel/pint/zipball/d1915b6ecc6406c00472c6b9ae75b46aa153bbb2","type":"zip","shasum":"","reference":"d1915b6ecc6406c00472c6b9ae75b46aa153bbb2"},"time":"2023-08-08T15:17:16+00:00"},{"version":"v1.10.5","version_normalized":"1.10.5.0","source":{"url":"https://github.com/laravel/pint.git","type":"git","reference":"a458fb057bfa2f5a09888a8aa349610be807b0c3"},"dist":{"url":"https://api.github.com/repos/laravel/pint/zipball/a458fb057bfa2f5a09888a8aa349610be807b0c3","type":"zip","shasum":"","reference":"a458fb057bfa2f5a09888a8aa349610be807b0c3"},"time":"2023-07-14T10:26:01+00:00"},{"version":"v1.10.4","version_normalized":"1.10.4.0","source":{"url":"https://github.com/laravel/pint.git","type":"git","reference":"f56798088068af8bd75a8f2c4ecae022990fdf75"},"dist":{"url":"https://api.github.com/repos/laravel/pint/zipball/f56798088068af8bd75a8f2c4ecae022990fdf75","type":"zip","shasum":"","reference":"f56798088068af8bd75a8f2c4ecae022990fdf75"},"time":"2023-07-11T15:18:27+00:00","require-dev":{"friendsofphp/php-cs-fixer":"^3.21.1","illuminate/view":"^10.5.1","laravel-zero/framework":"^10.0.2","mockery/mockery":"^1.5.1","nunomaduro/larastan":"^2.5.1","nunomaduro/termwind":"^1.15.1","pestphp/pest":"^2.4.0"}},{"version":"v1.10.3","version_normalized":"1.10.3.0","source":{"url":"https://github.com/laravel/pint.git","type":"git","reference":"c472786bca01e4812a9bb7933b23edfc5b6877b7"},"dist":{"url":"https://api.github.com/repos/laravel/pint/zipball/c472786bca01e4812a9bb7933b23edfc5b6877b7","type":"zip","shasum":"","reference":"c472786bca01e4812a9bb7933b23edfc5b6877b7"},"time":"2023-06-20T15:55:03+00:00","require-dev":{"friendsofphp/php-cs-fixer":"^3.18.0","illuminate/view":"^10.5.1","laravel-zero/framework":"^10.0.2","mockery/mockery":"^1.5.1","nunomaduro/larastan":"^2.5.1","nunomaduro/termwind":"^1.15.1","pestphp/pest":"^2.4.0"}},{"version":"v1.10.2","version_normalized":"1.10.2.0","source":{"url":"https://github.com/laravel/pint.git","type":"git","reference":"f78de1a1bbab7aa41a6ea211c5962b0530d1a301"},"dist":{"url":"https://api.github.com/repos/laravel/pint/zipball/f78de1a1bbab7aa41a6ea211c5962b0530d1a301","type":"zip","shasum":"","reference":"f78de1a1bbab7aa41a6ea211c5962b0530d1a301"},"time":"2023-06-12T10:50:04+00:00","require-dev":{"friendsofphp/php-cs-fixer":"^3.17.0","illuminate/view":"^10.5.1","laravel-zero/framework":"^10.0.2","mockery/mockery":"^1.5.1","nunomaduro/larastan":"^2.5.1","nunomaduro/termwind":"^1.15.1","pestphp/pest":"^2.4.0"}},{"version":"v1.10.1","version_normalized":"1.10.1.0","source":{"url":"https://github.com/laravel/pint.git","type":"git","reference":"d69f914aa347a448628b672ba90adf0b4ea0ce4a"},"dist":{"url":"https://api.github.com/repos/laravel/pint/zipball/d69f914aa347a448628b672ba90adf0b4ea0ce4a","type":"zip","shasum":"","reference":"d69f914aa347a448628b672ba90adf0b4ea0ce4a"},"time":"2023-06-03T15:01:17+00:00"},{"version":"v1.10.0","version_normalized":"1.10.0.0","source":{"url":"https://github.com/laravel/pint.git","type":"git","reference":"c7a01fa9bdd79819e7a2f1ba63ac1b02e6692dbc"},"dist":{"url":"https://api.github.com/repos/laravel/pint/zipball/c7a01fa9bdd79819e7a2f1ba63ac1b02e6692dbc","type":"zip","shasum":"","reference":"c7a01fa9bdd79819e7a2f1ba63ac1b02e6692dbc"},"time":"2023-04-25T14:52:30+00:00","require-dev":{"friendsofphp/php-cs-fixer":"^3.16.0","illuminate/view":"^10.5.1","laravel-zero/framework":"^10.0.2","mockery/mockery":"^1.5.1","nunomaduro/larastan":"^2.5.1","nunomaduro/termwind":"^1.15.1","pestphp/pest":"^2.4.0"}},{"version":"v1.9.0","version_normalized":"1.9.0.0","source":{"url":"https://github.com/laravel/pint.git","type":"git","reference":"eac5ec3d6b5c96543c682e309a10fdddc9f61d80"},"dist":{"url":"https://api.github.com/repos/laravel/pint/zipball/eac5ec3d6b5c96543c682e309a10fdddc9f61d80","type":"zip","shasum":"","reference":"eac5ec3d6b5c96543c682e309a10fdddc9f61d80"},"time":"2023-04-18T14:50:44+00:00"},{"version":"v1.8.0","version_normalized":"1.8.0.0","source":{"url":"https://github.com/laravel/pint.git","type":"git","reference":"4b8f2ef22bfcddd1d163cfd282e3f42ee1a5cce2"},"dist":{"url":"https://api.github.com/repos/laravel/pint/zipball/4b8f2ef22bfcddd1d163cfd282e3f42ee1a5cce2","type":"zip","shasum":"","reference":"4b8f2ef22bfcddd1d163cfd282e3f42ee1a5cce2"},"time":"2023-04-04T13:08:09+00:00"},{"version":"v1.7.0","version_normalized":"1.7.0.0","source":{"url":"https://github.com/laravel/pint.git","type":"git","reference":"d55381c73b7308e1b8a124084e804193a179092e"},"dist":{"url":"https://api.github.com/repos/laravel/pint/zipball/d55381c73b7308e1b8a124084e804193a179092e","type":"zip","shasum":"","reference":"d55381c73b7308e1b8a124084e804193a179092e"},"time":"2023-03-21T10:55:35+00:00","require-dev":{"friendsofphp/php-cs-fixer":"^3.14.4","illuminate/view":"^10.0.0","laravel-zero/framework":"^10.0.0","mockery/mockery":"^1.5.1","nunomaduro/larastan":"^2.4.0","nunomaduro/termwind":"^1.15.1","pestphp/pest":"^1.22.4"}},{"version":"v1.6.0","version_normalized":"1.6.0.0","source":{"url":"https://github.com/laravel/pint.git","type":"git","reference":"e48e3fadd7863d6b7d03464f5c4f211a828b890f"},"dist":{"url":"https://api.github.com/repos/laravel/pint/zipball/e48e3fadd7863d6b7d03464f5c4f211a828b890f","type":"zip","shasum":"","reference":"e48e3fadd7863d6b7d03464f5c4f211a828b890f"},"time":"2023-02-21T15:44:57+00:00"},{"version":"v1.5.0","version_normalized":"1.5.0.0","source":{"url":"https://github.com/laravel/pint.git","type":"git","reference":"e0a8cef58b74662f27355be9cdea0e726bbac362"},"dist":{"url":"https://api.github.com/repos/laravel/pint/zipball/e0a8cef58b74662f27355be9cdea0e726bbac362","type":"zip","shasum":"","reference":"e0a8cef58b74662f27355be9cdea0e726bbac362"},"time":"2023-02-14T16:31:02+00:00","require":{"php":"^8.0","ext-json":"*","ext-mbstring":"*","ext-tokenizer":"*","ext-xml":"*"},"require-dev":{"friendsofphp/php-cs-fixer":"^3.14.4","illuminate/view":"^9.51.0","laravel-zero/framework":"^9.2.0","mockery/mockery":"^1.5.1","nunomaduro/larastan":"^2.4.0","nunomaduro/termwind":"^1.15.1","pestphp/pest":"^1.22.4"}},{"version":"v1.4.1","version_normalized":"1.4.1.0","source":{"url":"https://github.com/laravel/pint.git","type":"git","reference":"80ddf23a5d97825e79bb1018eebb6f3f985d4fa8"},"dist":{"url":"https://api.github.com/repos/laravel/pint/zipball/80ddf23a5d97825e79bb1018eebb6f3f985d4fa8","type":"zip","shasum":"","reference":"80ddf23a5d97825e79bb1018eebb6f3f985d4fa8"},"time":"2023-01-31T15:50:45+00:00","require-dev":{"friendsofphp/php-cs-fixer":"^3.14","illuminate/view":"^9.32.0","laravel-zero/framework":"^9.2.0","mockery/mockery":"^1.5.1","nunomaduro/larastan":"^2.2.0","nunomaduro/termwind":"^1.14.0","pestphp/pest":"^1.22.1"}},{"version":"v1.4.0","version_normalized":"1.4.0.0","source":{"url":"https://github.com/laravel/pint.git","type":"git","reference":"0e7ffdb0af871be10d798e234772ea5d4020ae4a"},"dist":{"url":"https://api.github.com/repos/laravel/pint/zipball/0e7ffdb0af871be10d798e234772ea5d4020ae4a","type":"zip","shasum":"","reference":"0e7ffdb0af871be10d798e234772ea5d4020ae4a"},"time":"2023-01-10T20:03:42+00:00","require-dev":{"friendsofphp/php-cs-fixer":"~3.13.1","illuminate/view":"^9.32.0","laravel-zero/framework":"^9.2.0","mockery/mockery":"^1.5.1","nunomaduro/larastan":"^2.2.0","nunomaduro/termwind":"^1.14.0","pestphp/pest":"^1.22.1"}},{"version":"v1.3.0","version_normalized":"1.3.0.0","source":{"url":"https://github.com/laravel/pint.git","type":"git","reference":"6a2c0927b4f6ad4eadb5a67fe3835fdad108949d"},"dist":{"url":"https://api.github.com/repos/laravel/pint/zipball/6a2c0927b4f6ad4eadb5a67fe3835fdad108949d","type":"zip","shasum":"","reference":"6a2c0927b4f6ad4eadb5a67fe3835fdad108949d"},"time":"2022-12-20T17:16:15+00:00"},{"version":"v1.2.1","version_normalized":"1.2.1.0","source":{"url":"https://github.com/laravel/pint.git","type":"git","reference":"e60e2112ee779ce60f253695b273d1646a17d6f1"},"dist":{"url":"https://api.github.com/repos/laravel/pint/zipball/e60e2112ee779ce60f253695b273d1646a17d6f1","type":"zip","shasum":"","reference":"e60e2112ee779ce60f253695b273d1646a17d6f1"},"time":"2022-11-29T16:25:20+00:00","require-dev":{"friendsofphp/php-cs-fixer":"^3.11.0","illuminate/view":"^9.32.0","laravel-zero/framework":"^9.2.0","mockery/mockery":"^1.5.1","nunomaduro/larastan":"^2.2.0","nunomaduro/termwind":"^1.14.0","pestphp/pest":"^1.22.1"}},{"version":"v1.2.0","version_normalized":"1.2.0.0","source":{"url":"https://github.com/laravel/pint.git","type":"git","reference":"1d276e4c803397a26cc337df908f55c2a4e90d86"},"dist":{"url":"https://api.github.com/repos/laravel/pint/zipball/1d276e4c803397a26cc337df908f55c2a4e90d86","type":"zip","shasum":"","reference":"1d276e4c803397a26cc337df908f55c2a4e90d86"},"time":"2022-09-13T15:07:15+00:00","require-dev":{"friendsofphp/php-cs-fixer":"^3.11.0","illuminate/view":"^9.27","laravel-zero/framework":"^9.1.3","mockery/mockery":"^1.5.0","nunomaduro/larastan":"^2.2","nunomaduro/termwind":"^1.14.0","pestphp/pest":"^1.22.1"}},{"version":"v1.1.3","version_normalized":"1.1.3.0","source":{"url":"https://github.com/laravel/pint.git","type":"git","reference":"9fb8e93074de3c04a0975beb90dcb38562afbdaa"},"dist":{"url":"https://api.github.com/repos/laravel/pint/zipball/9fb8e93074de3c04a0975beb90dcb38562afbdaa","type":"zip","shasum":"","reference":"9fb8e93074de3c04a0975beb90dcb38562afbdaa"},"time":"2022-09-06T16:01:44+00:00"},{"version":"v1.1.2","version_normalized":"1.1.2.0","source":{"url":"https://github.com/laravel/pint.git","type":"git","reference":"ebfe95b446e4395eba1eefb8615214fb55163165"},"dist":{"url":"https://api.github.com/repos/laravel/pint/zipball/ebfe95b446e4395eba1eefb8615214fb55163165","type":"zip","shasum":"","reference":"ebfe95b446e4395eba1eefb8615214fb55163165"},"time":"2022-08-30T15:28:20+00:00","require-dev":{"friendsofphp/php-cs-fixer":"^3.10.0","illuminate/view":"^9.26.0","laravel-zero/framework":"^9.1.3","mockery/mockery":"^1.5.0","nunomaduro/larastan":"^2.1.12","nunomaduro/termwind":"^1.14.0","pestphp/pest":"^1.22.0"}},{"version":"v1.1.1","version_normalized":"1.1.1.0","source":{"url":"https://github.com/laravel/pint.git","type":"git","reference":"118a55fc3a870f20ae111b7439f18bd20298d388"},"dist":{"url":"https://api.github.com/repos/laravel/pint/zipball/118a55fc3a870f20ae111b7439f18bd20298d388","type":"zip","shasum":"","reference":"118a55fc3a870f20ae111b7439f18bd20298d388"},"time":"2022-08-02T15:02:55+00:00","require-dev":{"friendsofphp/php-cs-fixer":"^3.9.5","illuminate/view":"^9.22.1","laravel-zero/framework":"^9.1.2","mockery/mockery":"^1.5.0","nunomaduro/larastan":"^2.1.12","nunomaduro/termwind":"^1.13.0","pestphp/pest":"^1.21.3"}},{"version":"v1.1.0","version_normalized":"1.1.0.0","source":{"url":"https://github.com/laravel/pint.git","type":"git","reference":"16cccd66169f926308fefb21ddbc03a261ca7e79"},"dist":{"url":"https://api.github.com/repos/laravel/pint/zipball/16cccd66169f926308fefb21ddbc03a261ca7e79","type":"zip","shasum":"","reference":"16cccd66169f926308fefb21ddbc03a261ca7e79"},"time":"2022-07-26T15:32:23+00:00","require-dev":{"friendsofphp/php-cs-fixer":"^3.8.0","illuminate/view":"^9.17.0","laravel-zero/framework":"^9.1.1","mockery/mockery":"^1.5.0","nunomaduro/larastan":"^2.1.11","nunomaduro/termwind":"^1.10.1","pestphp/pest":"^1.21.3"}},{"version":"v1.0.0","version_normalized":"1.0.0.0","source":{"url":"https://github.com/laravel/pint.git","type":"git","reference":"df89c86ce4515f28b70feaf9ad59e8c3bdb888fd"},"dist":{"url":"https://api.github.com/repos/laravel/pint/zipball/df89c86ce4515f28b70feaf9ad59e8c3bdb888fd","type":"zip","shasum":"","reference":"df89c86ce4515f28b70feaf9ad59e8c3bdb888fd"},"time":"2022-07-14T14:50:04+00:00"},{"version":"v0.2.4","version_normalized":"0.2.4.0","source":{"url":"https://github.com/laravel/pint.git","type":"git","reference":"45c9fe899abfeeb7794c5a8c4074c140250a84c2"},"dist":{"url":"https://api.github.com/repos/laravel/pint/zipball/45c9fe899abfeeb7794c5a8c4074c140250a84c2","type":"zip","shasum":"","reference":"45c9fe899abfeeb7794c5a8c4074c140250a84c2"},"time":"2022-07-13T17:57:52+00:00"},{"version":"v0.2.3","version_normalized":"0.2.3.0","source":{"url":"https://github.com/laravel/pint.git","type":"git","reference":"d0829631687c1238abdd660daac3d7218254b65c"},"dist":{"url":"https://api.github.com/repos/laravel/pint/zipball/d0829631687c1238abdd660daac3d7218254b65c","type":"zip","shasum":"","reference":"d0829631687c1238abdd660daac3d7218254b65c"},"time":"2022-07-04T16:04:06+00:00"},{"version":"v0.2.2","version_normalized":"0.2.2.0","source":{"url":"https://github.com/laravel/pint.git","type":"git","reference":"eba9393bc51ac4ab6ab78ab91a658784119f7b51"},"dist":{"url":"https://api.github.com/repos/laravel/pint/zipball/eba9393bc51ac4ab6ab78ab91a658784119f7b51","type":"zip","shasum":"","reference":"eba9393bc51ac4ab6ab78ab91a658784119f7b51"},"time":"2022-07-01T17:44:52+00:00"},{"version":"v0.2.1","version_normalized":"0.2.1.0","source":{"url":"https://github.com/laravel/pint.git","type":"git","reference":"b5e525e3867d289843d2e830d2fddfde17a74ede"},"dist":{"url":"https://api.github.com/repos/laravel/pint/zipball/b5e525e3867d289843d2e830d2fddfde17a74ede","type":"zip","shasum":"","reference":"b5e525e3867d289843d2e830d2fddfde17a74ede"},"time":"2022-06-27T13:37:52+00:00"},{"version":"v0.2.0","version_normalized":"0.2.0.0","source":{"url":"https://github.com/laravel/pint.git","type":"git","reference":"84bfbf3c10e65ac55cea001d0032a9458b17db9d"},"dist":{"url":"https://api.github.com/repos/laravel/pint/zipball/84bfbf3c10e65ac55cea001d0032a9458b17db9d","type":"zip","shasum":"","reference":"84bfbf3c10e65ac55cea001d0032a9458b17db9d"},"time":"2022-06-24T19:40:14+00:00"},{"version":"v0.1.7","version_normalized":"0.1.7.0","source":{"url":"https://github.com/laravel/pint.git","type":"git","reference":"5d3ddb86ce445b50e342b04e90cb43cf43f0d2b7"},"dist":{"url":"https://api.github.com/repos/laravel/pint/zipball/5d3ddb86ce445b50e342b04e90cb43cf43f0d2b7","type":"zip","shasum":"","reference":"5d3ddb86ce445b50e342b04e90cb43cf43f0d2b7"},"time":"2022-06-23T16:21:52+00:00","require":{"php":"^8.0","ext-json":"*","ext-tokenizer":"*","ext-xml":"*"}},{"version":"v0.1.6","version_normalized":"0.1.6.0","source":{"url":"https://github.com/laravel/pint.git","type":"git","reference":"8b933379724ca1be210c0f37a6142a9b354d2abf"},"dist":{"url":"https://api.github.com/repos/laravel/pint/zipball/8b933379724ca1be210c0f37a6142a9b354d2abf","type":"zip","shasum":"","reference":"8b933379724ca1be210c0f37a6142a9b354d2abf"},"time":"2022-06-23T12:19:46+00:00"},{"version":"v0.1.5","version_normalized":"0.1.5.0","source":{"url":"https://github.com/laravel/pint.git","type":"git","reference":"ea85cbca8e7858476d6626da127bd0ad6719ab14"},"dist":{"url":"https://api.github.com/repos/laravel/pint/zipball/ea85cbca8e7858476d6626da127bd0ad6719ab14","type":"zip","shasum":"","reference":"ea85cbca8e7858476d6626da127bd0ad6719ab14"},"time":"2022-06-23T08:25:02+00:00"},{"version":"v0.1.4","version_normalized":"0.1.4.0","source":{"url":"https://github.com/laravel/pint.git","type":"git","reference":"7716d43478b83eaab54b5cd50c39c01a298f9fb6"},"dist":{"url":"https://api.github.com/repos/laravel/pint/zipball/7716d43478b83eaab54b5cd50c39c01a298f9fb6","type":"zip","shasum":"","reference":"7716d43478b83eaab54b5cd50c39c01a298f9fb6"},"time":"2022-06-23T08:16:00+00:00"},{"version":"v0.1.3","version_normalized":"0.1.3.0","source":{"url":"https://github.com/laravel/pint.git","type":"git","reference":"2f03049548f17a035147e2d99d23a0324e0e8d6f"},"dist":{"url":"https://api.github.com/repos/laravel/pint/zipball/2f03049548f17a035147e2d99d23a0324e0e8d6f","type":"zip","shasum":"","reference":"2f03049548f17a035147e2d99d23a0324e0e8d6f"},"time":"2022-06-22T19:45:13+00:00"},{"version":"v0.1.2","version_normalized":"0.1.2.0","source":{"url":"https://github.com/laravel/pint.git","type":"git","reference":"cf633d5df944e1220878197d83722e168d9163f7"},"dist":{"url":"https://api.github.com/repos/laravel/pint/zipball/cf633d5df944e1220878197d83722e168d9163f7","type":"zip","shasum":"","reference":"cf633d5df944e1220878197d83722e168d9163f7"},"time":"2022-06-22T18:57:16+00:00","require":{"php":"^8.0","ext-json":"*","ext-tokenizer":"*"}},{"version":"v0.1.1","version_normalized":"0.1.1.0","source":{"url":"https://github.com/laravel/pint.git","type":"git","reference":"d32c4decbd15989f6612016a0bb1bd93f57ae96b"},"dist":{"url":"https://api.github.com/repos/laravel/pint/zipball/d32c4decbd15989f6612016a0bb1bd93f57ae96b","type":"zip","shasum":"","reference":"d32c4decbd15989f6612016a0bb1bd93f57ae96b"},"time":"2022-06-22T16:18:49+00:00"},{"version":"v0.1.0","version_normalized":"0.1.0.0","source":{"url":"https://github.com/laravel/pint.git","type":"git","reference":"432fcb4777497af1014cdc451a523f85ee7e23b4"},"dist":{"url":"https://api.github.com/repos/laravel/pint/zipball/432fcb4777497af1014cdc451a523f85ee7e23b4","type":"zip","shasum":"","reference":"432fcb4777497af1014cdc451a523f85ee7e23b4"},"time":"2022-06-22T14:15:28+00:00"}]},"security-advisories":[],"last-modified":"Tue, 08 Apr 2025 22:45:43 GMT"}