{"minified":"composer/2.0","packages":{"phpoffice/phpspreadsheet":[{"name":"phpoffice/phpspreadsheet","description":"PHPSpreadsheet - Read, Create and Write Spreadsheet documents in PHP - Spreadsheet engine","keywords":["php","excel","spreadsheet","xls","xlsx","OpenXML","ods","gnumeric"],"homepage":"https://github.com/PHPOffice/PhpSpreadsheet","version":"4.2.0","version_normalized":"4.2.0.0","license":["MIT"],"authors":[{"name":"Maarten Balliauw","homepage":"https://blog.maartenballiauw.be"},{"name":"Mark Baker","homepage":"https://markbakeruk.net"},{"name":"Franck Lefevre","homepage":"https://rootslabs.net"},{"name":"Erik Tilt"},{"name":"Adrien Crivelli"}],"source":{"url":"https://github.com/PHPOffice/PhpSpreadsheet.git","type":"git","reference":"5f6d7410e5fd72cac1aa67d4f05f4fe664d01ba6"},"dist":{"url":"https://api.github.com/repos/PHPOffice/PhpSpreadsheet/zipball/5f6d7410e5fd72cac1aa67d4f05f4fe664d01ba6","type":"zip","shasum":"","reference":"5f6d7410e5fd72cac1aa67d4f05f4fe664d01ba6"},"type":"library","support":{"issues":"https://github.com/PHPOffice/PhpSpreadsheet/issues","source":"https://github.com/PHPOffice/PhpSpreadsheet/tree/4.2.0"},"funding":[],"time":"2025-04-17T02:41:45+00:00","autoload":{"psr-4":{"PhpOffice\\PhpSpreadsheet\\":"src/PhpSpreadsheet"}},"require":{"php":"^8.1","ext-ctype":"*","ext-dom":"*","ext-fileinfo":"*","ext-gd":"*","ext-iconv":"*","ext-libxml":"*","ext-mbstring":"*","ext-simplexml":"*","ext-xml":"*","ext-xmlreader":"*","ext-xmlwriter":"*","ext-zip":"*","ext-zlib":"*","composer/pcre":"^1||^2||^3","maennchen/zipstream-php":"^2.1 || ^3.0","markbaker/complex":"^3.0","markbaker/matrix":"^3.0","psr/http-client":"^1.0","psr/http-factory":"^1.0","psr/simple-cache":"^1.0 || ^2.0 || ^3.0"},"require-dev":{"dealerdirect/phpcodesniffer-composer-installer":"dev-main","dompdf/dompdf":"^2.0 || ^3.0","friendsofphp/php-cs-fixer":"^3.2","mitoteam/jpgraph":"^10.3","mpdf/mpdf":"^8.1.1","phpcompatibility/php-compatibility":"^9.3","phpstan/phpstan":"^1.1 || ^2.0","phpstan/phpstan-phpunit":"^1.0 || ^2.0","phpstan/phpstan-deprecation-rules":"^1.0 || ^2.0","phpunit/phpunit":"^10.5","squizlabs/php_codesniffer":"^3.7","tecnickcom/tcpdf":"^6.5"},"suggest":{"ext-intl":"PHP Internationalization Functions","mpdf/mpdf":"Option for rendering PDF with PDF Writer","dompdf/dompdf":"Option for rendering PDF with PDF Writer","tecnickcom/tcpdf":"Option for rendering PDF with PDF Writer","mitoteam/jpgraph":"Option for rendering charts, or including charts with PDF or HTML Writers"}},{"version":"4.1.0","version_normalized":"4.1.0.0","source":{"url":"https://github.com/PHPOffice/PhpSpreadsheet.git","type":"git","reference":"6ff18c3a8df3a945492f75ce455d77f7ad55dd5c"},"dist":{"url":"https://api.github.com/repos/PHPOffice/PhpSpreadsheet/zipball/6ff18c3a8df3a945492f75ce455d77f7ad55dd5c","type":"zip","shasum":"","reference":"6ff18c3a8df3a945492f75ce455d77f7ad55dd5c"},"support":{"issues":"https://github.com/PHPOffice/PhpSpreadsheet/issues","source":"https://github.com/PHPOffice/PhpSpreadsheet/tree/4.1.0"},"time":"2025-03-02T06:52:24+00:00","require-dev":{"dealerdirect/phpcodesniffer-composer-installer":"dev-main","dompdf/dompdf":"^2.0 || ^3.0","friendsofphp/php-cs-fixer":"^3.2","mitoteam/jpgraph":"^10.3","mpdf/mpdf":"^8.1.1","phpcompatibility/php-compatibility":"^9.3","phpstan/phpstan":"^1.1","phpstan/phpstan-phpunit":"^1.0","phpunit/phpunit":"^10.5","squizlabs/php_codesniffer":"^3.7","tecnickcom/tcpdf":"^6.5"}},{"version":"4.0.0","version_normalized":"4.0.0.0","source":{"url":"https://github.com/PHPOffice/PhpSpreadsheet.git","type":"git","reference":"2d4b9f3582102aafb6b1378fff8a20eeeacfb31c"},"dist":{"url":"https://api.github.com/repos/PHPOffice/PhpSpreadsheet/zipball/2d4b9f3582102aafb6b1378fff8a20eeeacfb31c","type":"zip","shasum":"","reference":"2d4b9f3582102aafb6b1378fff8a20eeeacfb31c"},"support":{"issues":"https://github.com/PHPOffice/PhpSpreadsheet/issues","source":"https://github.com/PHPOffice/PhpSpreadsheet/tree/4.0.0"},"time":"2025-02-08T02:28:25+00:00"},{"version":"3.9.1","version_normalized":"3.9.1.0","source":{"url":"https://github.com/PHPOffice/PhpSpreadsheet.git","type":"git","reference":"56f334ace62fc8301c98d425272cbf0a00eb848d"},"dist":{"url":"https://api.github.com/repos/PHPOffice/PhpSpreadsheet/zipball/56f334ace62fc8301c98d425272cbf0a00eb848d","type":"zip","shasum":"","reference":"56f334ace62fc8301c98d425272cbf0a00eb848d"},"support":{"issues":"https://github.com/PHPOffice/PhpSpreadsheet/issues","source":"https://github.com/PHPOffice/PhpSpreadsheet/tree/3.9.1"},"time":"2025-02-08T03:04:52+00:00","require":{"php":"^8.1","ext-ctype":"*","ext-dom":"*","ext-fileinfo":"*","ext-gd":"*","ext-iconv":"*","ext-libxml":"*","ext-mbstring":"*","ext-simplexml":"*","ext-xml":"*","ext-xmlreader":"*","ext-xmlwriter":"*","ext-zip":"*","ext-zlib":"*","composer/pcre":"^1 || ^2 || ^3","maennchen/zipstream-php":"^2.1 || ^3.0","markbaker/complex":"^3.0","markbaker/matrix":"^3.0","psr/http-client":"^1.0","psr/http-factory":"^1.0","psr/simple-cache":"^1.0 || ^2.0 || ^3.0"}},{"version":"3.9.0","version_normalized":"3.9.0.0","source":{"url":"https://github.com/PHPOffice/PhpSpreadsheet.git","type":"git","reference":"414f8a2aa1d8b974b39f577c0677d5ebc96fab36"},"dist":{"url":"https://api.github.com/repos/PHPOffice/PhpSpreadsheet/zipball/414f8a2aa1d8b974b39f577c0677d5ebc96fab36","type":"zip","shasum":"","reference":"414f8a2aa1d8b974b39f577c0677d5ebc96fab36"},"support":{"issues":"https://github.com/PHPOffice/PhpSpreadsheet/issues","source":"https://github.com/PHPOffice/PhpSpreadsheet/tree/3.9.0"},"time":"2025-01-26T05:10:24+00:00","require":{"php":"^8.1","ext-ctype":"*","ext-dom":"*","ext-fileinfo":"*","ext-gd":"*","ext-iconv":"*","ext-libxml":"*","ext-mbstring":"*","ext-simplexml":"*","ext-xml":"*","ext-xmlreader":"*","ext-xmlwriter":"*","ext-zip":"*","ext-zlib":"*","composer/pcre":"^3.3","maennchen/zipstream-php":"^2.1 || ^3.0","markbaker/complex":"^3.0","markbaker/matrix":"^3.0","psr/http-client":"^1.0","psr/http-factory":"^1.0","psr/simple-cache":"^1.0 || ^2.0 || ^3.0"}},{"version":"3.8.0","version_normalized":"3.8.0.0","source":{"url":"https://github.com/PHPOffice/PhpSpreadsheet.git","type":"git","reference":"949c799c3538f3158bcf6c5f4d8a403027be0fbd"},"dist":{"url":"https://api.github.com/repos/PHPOffice/PhpSpreadsheet/zipball/949c799c3538f3158bcf6c5f4d8a403027be0fbd","type":"zip","shasum":"","reference":"949c799c3538f3158bcf6c5f4d8a403027be0fbd"},"support":{"issues":"https://github.com/PHPOffice/PhpSpreadsheet/issues","source":"https://github.com/PHPOffice/PhpSpreadsheet/tree/3.8.0"},"time":"2025-01-12T03:48:58+00:00","require":{"php":"^8.1","ext-ctype":"*","ext-dom":"*","ext-fileinfo":"*","ext-gd":"*","ext-iconv":"*","ext-libxml":"*","ext-mbstring":"*","ext-simplexml":"*","ext-xml":"*","ext-xmlreader":"*","ext-xmlwriter":"*","ext-zip":"*","ext-zlib":"*","maennchen/zipstream-php":"^2.1 || ^3.0","markbaker/complex":"^3.0","markbaker/matrix":"^3.0","psr/http-client":"^1.0","psr/http-factory":"^1.0","psr/simple-cache":"^1.0 || ^2.0 || ^3.0"}},{"version":"3.7.0","version_normalized":"3.7.0.0","source":{"url":"https://github.com/PHPOffice/PhpSpreadsheet.git","type":"git","reference":"2fc12fdc58d39297c7b8c72d65b37a1a25d65ab5"},"dist":{"url":"https://api.github.com/repos/PHPOffice/PhpSpreadsheet/zipball/2fc12fdc58d39297c7b8c72d65b37a1a25d65ab5","type":"zip","shasum":"","reference":"2fc12fdc58d39297c7b8c72d65b37a1a25d65ab5"},"support":{"issues":"https://github.com/PHPOffice/PhpSpreadsheet/issues","source":"https://github.com/PHPOffice/PhpSpreadsheet/tree/3.7.0"},"time":"2024-12-27T05:34:47+00:00"},{"version":"3.6.0","version_normalized":"3.6.0.0","source":{"url":"https://github.com/PHPOffice/PhpSpreadsheet.git","type":"git","reference":"bce5db99872f9613121c3ad033c43318a3789396"},"dist":{"url":"https://api.github.com/repos/PHPOffice/PhpSpreadsheet/zipball/bce5db99872f9613121c3ad033c43318a3789396","type":"zip","shasum":"","reference":"bce5db99872f9613121c3ad033c43318a3789396"},"support":{"issues":"https://github.com/PHPOffice/PhpSpreadsheet/issues","source":"https://github.com/PHPOffice/PhpSpreadsheet/tree/3.6.0"},"time":"2024-12-08T15:04:12+00:00"},{"version":"3.5.0","version_normalized":"3.5.0.0","source":{"url":"https://github.com/PHPOffice/PhpSpreadsheet.git","type":"git","reference":"fb74dcdfa5b538763ab980e977529bc783039aec"},"dist":{"url":"https://api.github.com/repos/PHPOffice/PhpSpreadsheet/zipball/fb74dcdfa5b538763ab980e977529bc783039aec","type":"zip","shasum":"","reference":"fb74dcdfa5b538763ab980e977529bc783039aec"},"support":{"issues":"https://github.com/PHPOffice/PhpSpreadsheet/issues","source":"https://github.com/PHPOffice/PhpSpreadsheet/tree/3.5.0"},"time":"2024-11-22T06:41:00+00:00","require-dev":{"dealerdirect/phpcodesniffer-composer-installer":"dev-main","dompdf/dompdf":"^2.0 || ^3.0","friendsofphp/php-cs-fixer":"^3.2","mitoteam/jpgraph":"^10.3","mpdf/mpdf":"^8.1.1","phpcompatibility/php-compatibility":"^9.3","phpstan/phpstan":"^1.1","phpstan/phpstan-phpunit":"^1.0","phpunit/phpunit":"^9.6 || ^10.5","squizlabs/php_codesniffer":"^3.7","tecnickcom/tcpdf":"^6.5"}},{"version":"3.4.0","version_normalized":"3.4.0.0","source":{"url":"https://github.com/PHPOffice/PhpSpreadsheet.git","type":"git","reference":"eec07c20b51cc785295a6feef81ada7feda755e7"},"dist":{"url":"https://api.github.com/repos/PHPOffice/PhpSpreadsheet/zipball/eec07c20b51cc785295a6feef81ada7feda755e7","type":"zip","shasum":"","reference":"eec07c20b51cc785295a6feef81ada7feda755e7"},"support":{"issues":"https://github.com/PHPOffice/PhpSpreadsheet/issues","source":"https://github.com/PHPOffice/PhpSpreadsheet/tree/3.4.0"},"time":"2024-11-10T10:10:41+00:00"},{"version":"3.3.0","version_normalized":"3.3.0.0","source":{"url":"https://github.com/PHPOffice/PhpSpreadsheet.git","type":"git","reference":"87ddd21eb0b6b7ad20a11d314348ef307475f547"},"dist":{"url":"https://api.github.com/repos/PHPOffice/PhpSpreadsheet/zipball/87ddd21eb0b6b7ad20a11d314348ef307475f547","type":"zip","shasum":"","reference":"87ddd21eb0b6b7ad20a11d314348ef307475f547"},"support":{"issues":"https://github.com/PHPOffice/PhpSpreadsheet/issues","source":"https://github.com/PHPOffice/PhpSpreadsheet/tree/3.3.0"},"time":"2024-09-29T07:04:07+00:00"},{"version":"2.3.8","version_normalized":"2.3.8.0","source":{"url":"https://github.com/PHPOffice/PhpSpreadsheet.git","type":"git","reference":"7a700683743bf1c4a21837c84b266916f1aa7d25"},"dist":{"url":"https://api.github.com/repos/PHPOffice/PhpSpreadsheet/zipball/7a700683743bf1c4a21837c84b266916f1aa7d25","type":"zip","shasum":"","reference":"7a700683743bf1c4a21837c84b266916f1aa7d25"},"support":{"issues":"https://github.com/PHPOffice/PhpSpreadsheet/issues","source":"https://github.com/PHPOffice/PhpSpreadsheet/tree/2.3.8"},"time":"2025-02-08T03:01:45+00:00","require":{"php":"^8.1","ext-ctype":"*","ext-dom":"*","ext-fileinfo":"*","ext-gd":"*","ext-iconv":"*","ext-libxml":"*","ext-mbstring":"*","ext-simplexml":"*","ext-xml":"*","ext-xmlreader":"*","ext-xmlwriter":"*","ext-zip":"*","ext-zlib":"*","composer/pcre":"^1 || ^2 || ^3","maennchen/zipstream-php":"^2.1 || ^3.0","markbaker/complex":"^3.0","markbaker/matrix":"^3.0","psr/http-client":"^1.0","psr/http-factory":"^1.0","psr/simple-cache":"^1.0 || ^2.0 || ^3.0"}},{"version":"2.3.7","version_normalized":"2.3.7.0","source":{"url":"https://github.com/PHPOffice/PhpSpreadsheet.git","type":"git","reference":"cf357183b1d17a3862e8e4b9b056a556654dcae6"},"dist":{"url":"https://api.github.com/repos/PHPOffice/PhpSpreadsheet/zipball/cf357183b1d17a3862e8e4b9b056a556654dcae6","type":"zip","shasum":"","reference":"cf357183b1d17a3862e8e4b9b056a556654dcae6"},"support":{"issues":"https://github.com/PHPOffice/PhpSpreadsheet/issues","source":"https://github.com/PHPOffice/PhpSpreadsheet/tree/2.3.7"},"time":"2025-01-26T04:53:06+00:00","require":{"php":"^8.1","ext-ctype":"*","ext-dom":"*","ext-fileinfo":"*","ext-gd":"*","ext-iconv":"*","ext-libxml":"*","ext-mbstring":"*","ext-simplexml":"*","ext-xml":"*","ext-xmlreader":"*","ext-xmlwriter":"*","ext-zip":"*","ext-zlib":"*","composer/pcre":"^3.2","maennchen/zipstream-php":"^2.1 || ^3.0","markbaker/complex":"^3.0","markbaker/matrix":"^3.0","psr/http-client":"^1.0","psr/http-factory":"^1.0","psr/simple-cache":"^1.0 || ^2.0 || ^3.0"}},{"version":"2.3.6","version_normalized":"2.3.6.0","source":{"url":"https://github.com/PHPOffice/PhpSpreadsheet.git","type":"git","reference":"098b848ee6688cb9a252d9ce97889defc517ee88"},"dist":{"url":"https://api.github.com/repos/PHPOffice/PhpSpreadsheet/zipball/098b848ee6688cb9a252d9ce97889defc517ee88","type":"zip","shasum":"","reference":"098b848ee6688cb9a252d9ce97889defc517ee88"},"support":{"issues":"https://github.com/PHPOffice/PhpSpreadsheet/issues","source":"https://github.com/PHPOffice/PhpSpreadsheet/tree/2.3.6"},"time":"2025-01-12T03:22:26+00:00","require":{"php":"^8.1","ext-ctype":"*","ext-dom":"*","ext-fileinfo":"*","ext-gd":"*","ext-iconv":"*","ext-libxml":"*","ext-mbstring":"*","ext-simplexml":"*","ext-xml":"*","ext-xmlreader":"*","ext-xmlwriter":"*","ext-zip":"*","ext-zlib":"*","maennchen/zipstream-php":"^2.1 || ^3.0","markbaker/complex":"^3.0","markbaker/matrix":"^3.0","psr/http-client":"^1.0","psr/http-factory":"^1.0","psr/simple-cache":"^1.0 || ^2.0 || ^3.0"}},{"version":"2.3.5","version_normalized":"2.3.5.0","source":{"url":"https://github.com/PHPOffice/PhpSpreadsheet.git","type":"git","reference":"d836f2d7308a192441ccd1546545890b378af913"},"dist":{"url":"https://api.github.com/repos/PHPOffice/PhpSpreadsheet/zipball/d836f2d7308a192441ccd1546545890b378af913","type":"zip","shasum":"","reference":"d836f2d7308a192441ccd1546545890b378af913"},"support":{"issues":"https://github.com/PHPOffice/PhpSpreadsheet/issues","source":"https://github.com/PHPOffice/PhpSpreadsheet/tree/2.3.5"},"time":"2024-12-27T05:17:46+00:00"},{"version":"2.3.4","version_normalized":"2.3.4.0","source":{"url":"https://github.com/PHPOffice/PhpSpreadsheet.git","type":"git","reference":"01c4122a12327378ab5d97a56a4cbab07e7fa70b"},"dist":{"url":"https://api.github.com/repos/PHPOffice/PhpSpreadsheet/zipball/01c4122a12327378ab5d97a56a4cbab07e7fa70b","type":"zip","shasum":"","reference":"01c4122a12327378ab5d97a56a4cbab07e7fa70b"},"support":{"issues":"https://github.com/PHPOffice/PhpSpreadsheet/issues","source":"https://github.com/PHPOffice/PhpSpreadsheet/tree/2.3.4"},"time":"2024-12-08T15:43:45+00:00"},{"version":"2.3.3","version_normalized":"2.3.3.0","source":{"url":"https://github.com/PHPOffice/PhpSpreadsheet.git","type":"git","reference":"91a4b42e41976a0b2f839720c3e20a12a84f6852"},"dist":{"url":"https://api.github.com/repos/PHPOffice/PhpSpreadsheet/zipball/91a4b42e41976a0b2f839720c3e20a12a84f6852","type":"zip","shasum":"","reference":"91a4b42e41976a0b2f839720c3e20a12a84f6852"},"support":{"issues":"https://github.com/PHPOffice/PhpSpreadsheet/issues","source":"https://github.com/PHPOffice/PhpSpreadsheet/tree/2.3.3"},"time":"2024-11-22T06:11:37+00:00"},{"version":"2.3.2","version_normalized":"2.3.2.0","source":{"url":"https://github.com/PHPOffice/PhpSpreadsheet.git","type":"git","reference":"08d4e08cf0c7e6182750cef7958b860b8c7f10ad"},"dist":{"url":"https://api.github.com/repos/PHPOffice/PhpSpreadsheet/zipball/08d4e08cf0c7e6182750cef7958b860b8c7f10ad","type":"zip","shasum":"","reference":"08d4e08cf0c7e6182750cef7958b860b8c7f10ad"},"support":{"issues":"https://github.com/PHPOffice/PhpSpreadsheet/issues","source":"https://github.com/PHPOffice/PhpSpreadsheet/tree/2.3.2"},"time":"2024-11-10T09:35:47+00:00"},{"version":"2.3.0","version_normalized":"2.3.0.0","source":{"url":"https://github.com/PHPOffice/PhpSpreadsheet.git","type":"git","reference":"c972c146ddd5e8350ea839355b9bb0ce6a8fa33e"},"dist":{"url":"https://api.github.com/repos/PHPOffice/PhpSpreadsheet/zipball/c972c146ddd5e8350ea839355b9bb0ce6a8fa33e","type":"zip","shasum":"","reference":"c972c146ddd5e8350ea839355b9bb0ce6a8fa33e"},"support":{"issues":"https://github.com/PHPOffice/PhpSpreadsheet/issues","source":"https://github.com/PHPOffice/PhpSpreadsheet/tree/2.3.0"},"time":"2024-09-29T07:06:02+00:00"},{"version":"2.2.2","version_normalized":"2.2.2.0","source":{"url":"https://github.com/PHPOffice/PhpSpreadsheet.git","type":"git","reference":"ffbcee68069b073bff07a71eb321dcd9f2763513"},"dist":{"url":"https://api.github.com/repos/PHPOffice/PhpSpreadsheet/zipball/ffbcee68069b073bff07a71eb321dcd9f2763513","type":"zip","shasum":"","reference":"ffbcee68069b073bff07a71eb321dcd9f2763513"},"support":{"issues":"https://github.com/PHPOffice/PhpSpreadsheet/issues","source":"https://github.com/PHPOffice/PhpSpreadsheet/tree/2.2.2"},"time":"2024-08-08T02:31:26+00:00"},{"version":"2.2.1","version_normalized":"2.2.1.0","source":{"url":"https://github.com/PHPOffice/PhpSpreadsheet.git","type":"git","reference":"a3c5c9e7ce3a2a8577bfa9e69960fbccbd2d4a9e"},"dist":{"url":"https://api.github.com/repos/PHPOffice/PhpSpreadsheet/zipball/a3c5c9e7ce3a2a8577bfa9e69960fbccbd2d4a9e","type":"zip","shasum":"","reference":"a3c5c9e7ce3a2a8577bfa9e69960fbccbd2d4a9e"},"support":{"issues":"https://github.com/PHPOffice/PhpSpreadsheet/issues","source":"https://github.com/PHPOffice/PhpSpreadsheet/tree/2.2.1"},"time":"2024-07-29T07:56:06+00:00"},{"version":"2.2.0","version_normalized":"2.2.0.0","source":{"url":"https://github.com/PHPOffice/PhpSpreadsheet.git","type":"git","reference":"b0993b7e4d9c860133365d115b176bc6e0f57022"},"dist":{"url":"https://api.github.com/repos/PHPOffice/PhpSpreadsheet/zipball/b0993b7e4d9c860133365d115b176bc6e0f57022","type":"zip","shasum":"","reference":"b0993b7e4d9c860133365d115b176bc6e0f57022"},"support":{"issues":"https://github.com/PHPOffice/PhpSpreadsheet/issues","source":"https://github.com/PHPOffice/PhpSpreadsheet/tree/2.2.0"},"time":"2024-07-24T13:21:18+00:00"},{"version":"2.1.9","version_normalized":"2.1.9.0","source":{"url":"https://github.com/PHPOffice/PhpSpreadsheet.git","type":"git","reference":"f705c56e3947665389b616d21b66e59af8ebda9d"},"dist":{"url":"https://api.github.com/repos/PHPOffice/PhpSpreadsheet/zipball/f705c56e3947665389b616d21b66e59af8ebda9d","type":"zip","shasum":"","reference":"f705c56e3947665389b616d21b66e59af8ebda9d"},"support":{"issues":"https://github.com/PHPOffice/PhpSpreadsheet/issues","source":"https://github.com/PHPOffice/PhpSpreadsheet/tree/2.1.9"},"time":"2025-02-08T02:58:47+00:00","require":{"php":"^8.0","ext-ctype":"*","ext-dom":"*","ext-fileinfo":"*","ext-gd":"*","ext-iconv":"*","ext-libxml":"*","ext-mbstring":"*","ext-simplexml":"*","ext-xml":"*","ext-xmlreader":"*","ext-xmlwriter":"*","ext-zip":"*","ext-zlib":"*","composer/pcre":"^1 || ^2 || ^3","maennchen/zipstream-php":"^2.1 || ^3.0","markbaker/complex":"^3.0","markbaker/matrix":"^3.0","psr/http-client":"^1.0","psr/http-factory":"^1.0","psr/simple-cache":"^1.0 || ^2.0 || ^3.0"},"require-dev":{"dealerdirect/phpcodesniffer-composer-installer":"dev-main","dompdf/dompdf":"^2.0 || ^3.0","friendsofphp/php-cs-fixer":"^3.2","mitoteam/jpgraph":"^10.3","mpdf/mpdf":"^8.1.1","phpcompatibility/php-compatibility":"^9.3","phpstan/phpstan":"^1.1","phpstan/phpstan-phpunit":"^1.0","phpunit/phpunit":"^9.6","squizlabs/php_codesniffer":"^3.7","symfony/process":"^5","tecnickcom/tcpdf":"^6.5"}},{"version":"2.1.8","version_normalized":"2.1.8.0","source":{"url":"https://github.com/PHPOffice/PhpSpreadsheet.git","type":"git","reference":"8be52afdacac097057f8e165b1427cb8789dde92"},"dist":{"url":"https://api.github.com/repos/PHPOffice/PhpSpreadsheet/zipball/8be52afdacac097057f8e165b1427cb8789dde92","type":"zip","shasum":"","reference":"8be52afdacac097057f8e165b1427cb8789dde92"},"support":{"issues":"https://github.com/PHPOffice/PhpSpreadsheet/issues","source":"https://github.com/PHPOffice/PhpSpreadsheet/tree/2.1.8"},"time":"2025-01-26T04:51:58+00:00","require":{"php":"^8.0","ext-ctype":"*","ext-dom":"*","ext-fileinfo":"*","ext-gd":"*","ext-iconv":"*","ext-libxml":"*","ext-mbstring":"*","ext-simplexml":"*","ext-xml":"*","ext-xmlreader":"*","ext-xmlwriter":"*","ext-zip":"*","ext-zlib":"*","composer/pcre":"^3.2","maennchen/zipstream-php":"^2.1 || ^3.0","markbaker/complex":"^3.0","markbaker/matrix":"^3.0","psr/http-client":"^1.0","psr/http-factory":"^1.0","psr/simple-cache":"^1.0 || ^2.0 || ^3.0"}},{"version":"2.1.7","version_normalized":"2.1.7.0","source":{"url":"https://github.com/PHPOffice/PhpSpreadsheet.git","type":"git","reference":"6e5bbcd045708b867f24bea276fb5ccf38efb37f"},"dist":{"url":"https://api.github.com/repos/PHPOffice/PhpSpreadsheet/zipball/6e5bbcd045708b867f24bea276fb5ccf38efb37f","type":"zip","shasum":"","reference":"6e5bbcd045708b867f24bea276fb5ccf38efb37f"},"support":{"issues":"https://github.com/PHPOffice/PhpSpreadsheet/issues","source":"https://github.com/PHPOffice/PhpSpreadsheet/tree/2.1.7"},"time":"2025-01-12T03:19:56+00:00","require":{"php":"^8.0","ext-ctype":"*","ext-dom":"*","ext-fileinfo":"*","ext-gd":"*","ext-iconv":"*","ext-libxml":"*","ext-mbstring":"*","ext-simplexml":"*","ext-xml":"*","ext-xmlreader":"*","ext-xmlwriter":"*","ext-zip":"*","ext-zlib":"*","maennchen/zipstream-php":"^2.1 || ^3.0","markbaker/complex":"^3.0","markbaker/matrix":"^3.0","psr/http-client":"^1.0","psr/http-factory":"^1.0","psr/simple-cache":"^1.0 || ^2.0 || ^3.0"}},{"version":"2.1.6","version_normalized":"2.1.6.0","source":{"url":"https://github.com/PHPOffice/PhpSpreadsheet.git","type":"git","reference":"04e8b6edc1bba1bbc8e1aef4111903d11e8323c1"},"dist":{"url":"https://api.github.com/repos/PHPOffice/PhpSpreadsheet/zipball/04e8b6edc1bba1bbc8e1aef4111903d11e8323c1","type":"zip","shasum":"","reference":"04e8b6edc1bba1bbc8e1aef4111903d11e8323c1"},"support":{"issues":"https://github.com/PHPOffice/PhpSpreadsheet/issues","source":"https://github.com/PHPOffice/PhpSpreadsheet/tree/2.1.6"},"time":"2024-12-27T05:13:22+00:00"},{"version":"2.1.5","version_normalized":"2.1.5.0","source":{"url":"https://github.com/PHPOffice/PhpSpreadsheet.git","type":"git","reference":"7327aa0d45e6d8f5d019564a1c13be927c5b2627"},"dist":{"url":"https://api.github.com/repos/PHPOffice/PhpSpreadsheet/zipball/7327aa0d45e6d8f5d019564a1c13be927c5b2627","type":"zip","shasum":"","reference":"7327aa0d45e6d8f5d019564a1c13be927c5b2627"},"support":{"issues":"https://github.com/PHPOffice/PhpSpreadsheet/issues","source":"https://github.com/PHPOffice/PhpSpreadsheet/tree/2.1.5"},"time":"2024-12-08T06:01:17+00:00"},{"version":"2.1.4","version_normalized":"2.1.4.0","source":{"url":"https://github.com/PHPOffice/PhpSpreadsheet.git","type":"git","reference":"52de298ece5a7f5b4a6ebbeb513ed2d714cc75e7"},"dist":{"url":"https://api.github.com/repos/PHPOffice/PhpSpreadsheet/zipball/52de298ece5a7f5b4a6ebbeb513ed2d714cc75e7","type":"zip","shasum":"","reference":"52de298ece5a7f5b4a6ebbeb513ed2d714cc75e7"},"support":{"issues":"https://github.com/PHPOffice/PhpSpreadsheet/issues","source":"https://github.com/PHPOffice/PhpSpreadsheet/tree/2.1.4"},"time":"2024-11-22T06:17:24+00:00","require-dev":{"dealerdirect/phpcodesniffer-composer-installer":"dev-main","dompdf/dompdf":"^2.0","friendsofphp/php-cs-fixer":"^3.2","mitoteam/jpgraph":"^10.3","mpdf/mpdf":"^8.1.1","phpcompatibility/php-compatibility":"^9.3","phpstan/phpstan":"^1.1","phpstan/phpstan-phpunit":"^1.0","phpunit/phpunit":"^9.6","squizlabs/php_codesniffer":"^3.7","symfony/process":"^5","tecnickcom/tcpdf":"^6.5"}},{"version":"2.1.3","version_normalized":"2.1.3.0","source":{"url":"https://github.com/PHPOffice/PhpSpreadsheet.git","type":"git","reference":"fbd9a63e2f2ab6d6a0a3cad27ec14cc7650ee574"},"dist":{"url":"https://api.github.com/repos/PHPOffice/PhpSpreadsheet/zipball/fbd9a63e2f2ab6d6a0a3cad27ec14cc7650ee574","type":"zip","shasum":"","reference":"fbd9a63e2f2ab6d6a0a3cad27ec14cc7650ee574"},"support":{"issues":"https://github.com/PHPOffice/PhpSpreadsheet/issues","source":"https://github.com/PHPOffice/PhpSpreadsheet/tree/2.1.3"},"time":"2024-11-10T09:29:56+00:00","require-dev":{"dealerdirect/phpcodesniffer-composer-installer":"dev-main","dompdf/dompdf":"^2.0","friendsofphp/php-cs-fixer":"^3.2","mitoteam/jpgraph":"^10.3","mpdf/mpdf":"^8.1.1","phpcompatibility/php-compatibility":"^9.3","phpstan/phpstan":"^1.1","phpstan/phpstan-phpunit":"^1.0","phpunit/phpunit":"^9.6","squizlabs/php_codesniffer":"^3.7","tecnickcom/tcpdf":"^6.5"}},{"version":"2.1.1","version_normalized":"2.1.1.0","source":{"url":"https://github.com/PHPOffice/PhpSpreadsheet.git","type":"git","reference":"4e58d8ae1502d7f22af9e4cfeb2d645e243dec4e"},"dist":{"url":"https://api.github.com/repos/PHPOffice/PhpSpreadsheet/zipball/4e58d8ae1502d7f22af9e4cfeb2d645e243dec4e","type":"zip","shasum":"","reference":"4e58d8ae1502d7f22af9e4cfeb2d645e243dec4e"},"support":{"issues":"https://github.com/PHPOffice/PhpSpreadsheet/issues","source":"https://github.com/PHPOffice/PhpSpreadsheet/tree/2.1.1"},"time":"2024-09-29T07:06:46+00:00"},{"version":"2.1.0","version_normalized":"2.1.0.0","source":{"url":"https://github.com/PHPOffice/PhpSpreadsheet.git","type":"git","reference":"dbed77bd3a0f68f96c0dd68ad4499d5674fecc3e"},"dist":{"url":"https://api.github.com/repos/PHPOffice/PhpSpreadsheet/zipball/dbed77bd3a0f68f96c0dd68ad4499d5674fecc3e","type":"zip","shasum":"","reference":"dbed77bd3a0f68f96c0dd68ad4499d5674fecc3e"},"support":{"issues":"https://github.com/PHPOffice/PhpSpreadsheet/issues","source":"https://github.com/PHPOffice/PhpSpreadsheet/tree/2.1.0"},"time":"2024-05-11T04:17:56+00:00"},{"version":"2.0.0","version_normalized":"2.0.0.0","source":{"url":"https://github.com/PHPOffice/PhpSpreadsheet.git","type":"git","reference":"4a77798f835119754961a97714f135826a323caa"},"dist":{"url":"https://api.github.com/repos/PHPOffice/PhpSpreadsheet/zipball/4a77798f835119754961a97714f135826a323caa","type":"zip","shasum":"","reference":"4a77798f835119754961a97714f135826a323caa"},"support":{"issues":"https://github.com/PHPOffice/PhpSpreadsheet/issues","source":"https://github.com/PHPOffice/PhpSpreadsheet/tree/2.0.0"},"time":"2024-01-24T10:41:42+00:00","require":{"php":"^8.0","ext-ctype":"*","ext-dom":"*","ext-fileinfo":"*","ext-gd":"*","ext-iconv":"*","ext-libxml":"*","ext-mbstring":"*","ext-simplexml":"*","ext-xml":"*","ext-xmlreader":"*","ext-xmlwriter":"*","ext-zip":"*","ext-zlib":"*","maennchen/zipstream-php":"^2.1 || ^3.0","markbaker/complex":"^3.0","markbaker/matrix":"^3.0","psr/http-client":"^1.0","psr/http-factory":"^1.0","psr/simple-cache":"^1.0 || ^2.0 || ^3.0","voku/anti-xss":"^4.1"}},{"version":"1.29.10","version_normalized":"1.29.10.0","source":{"url":"https://github.com/PHPOffice/PhpSpreadsheet.git","type":"git","reference":"c80041b1628c4f18030407134fe88303661d4e4e"},"dist":{"url":"https://api.github.com/repos/PHPOffice/PhpSpreadsheet/zipball/c80041b1628c4f18030407134fe88303661d4e4e","type":"zip","shasum":"","reference":"c80041b1628c4f18030407134fe88303661d4e4e"},"support":{"issues":"https://github.com/PHPOffice/PhpSpreadsheet/issues","source":"https://github.com/PHPOffice/PhpSpreadsheet/tree/1.29.10"},"time":"2025-02-08T02:56:14+00:00","require":{"php":"^7.4 || ^8.0","ext-ctype":"*","ext-dom":"*","ext-fileinfo":"*","ext-gd":"*","ext-iconv":"*","ext-libxml":"*","ext-mbstring":"*","ext-simplexml":"*","ext-xml":"*","ext-xmlreader":"*","ext-xmlwriter":"*","ext-zip":"*","ext-zlib":"*","composer/pcre":"^1||^2||^3","ezyang/htmlpurifier":"^4.15","maennchen/zipstream-php":"^2.1 || ^3.0","markbaker/complex":"^3.0","markbaker/matrix":"^3.0","psr/http-client":"^1.0","psr/http-factory":"^1.0","psr/simple-cache":"^1.0 || ^2.0 || ^3.0"},"require-dev":{"dealerdirect/phpcodesniffer-composer-installer":"dev-main","dompdf/dompdf":"^1.0 || ^2.0 || ^3.0","friendsofphp/php-cs-fixer":"^3.2","mitoteam/jpgraph":"^10.3","mpdf/mpdf":"^8.1.1","phpcompatibility/php-compatibility":"^9.3","phpstan/phpstan":"^1.1","phpstan/phpstan-phpunit":"^1.0","phpunit/phpunit":"^8.5 || ^9.0","squizlabs/php_codesniffer":"^3.7","tecnickcom/tcpdf":"^6.5"}},{"version":"1.29.9","version_normalized":"1.29.9.0","source":{"url":"https://github.com/PHPOffice/PhpSpreadsheet.git","type":"git","reference":"ffb47b639649fc9c8a6fa67977a27b756592ed85"},"dist":{"url":"https://api.github.com/repos/PHPOffice/PhpSpreadsheet/zipball/ffb47b639649fc9c8a6fa67977a27b756592ed85","type":"zip","shasum":"","reference":"ffb47b639649fc9c8a6fa67977a27b756592ed85"},"support":{"issues":"https://github.com/PHPOffice/PhpSpreadsheet/issues","source":"https://github.com/PHPOffice/PhpSpreadsheet/tree/1.29.9"},"time":"2025-01-26T04:55:00+00:00","require":{"php":"^7.4 || ^8.0","ext-ctype":"*","ext-dom":"*","ext-fileinfo":"*","ext-gd":"*","ext-iconv":"*","ext-libxml":"*","ext-mbstring":"*","ext-simplexml":"*","ext-xml":"*","ext-xmlreader":"*","ext-xmlwriter":"*","ext-zip":"*","ext-zlib":"*","composer/pcre":"^3.3","ezyang/htmlpurifier":"^4.15","maennchen/zipstream-php":"^2.1 || ^3.0","markbaker/complex":"^3.0","markbaker/matrix":"^3.0","psr/http-client":"^1.0","psr/http-factory":"^1.0","psr/simple-cache":"^1.0 || ^2.0 || ^3.0"}},{"version":"1.29.8","version_normalized":"1.29.8.0","source":{"url":"https://github.com/PHPOffice/PhpSpreadsheet.git","type":"git","reference":"089ffdfc04b5fcf25a3503d81a4e589f247e20e3"},"dist":{"url":"https://api.github.com/repos/PHPOffice/PhpSpreadsheet/zipball/089ffdfc04b5fcf25a3503d81a4e589f247e20e3","type":"zip","shasum":"","reference":"089ffdfc04b5fcf25a3503d81a4e589f247e20e3"},"support":{"issues":"https://github.com/PHPOffice/PhpSpreadsheet/issues","source":"https://github.com/PHPOffice/PhpSpreadsheet/tree/1.29.8"},"time":"2025-01-12T03:16:27+00:00","require":{"php":"^7.4 || ^8.0","ext-ctype":"*","ext-dom":"*","ext-fileinfo":"*","ext-gd":"*","ext-iconv":"*","ext-libxml":"*","ext-mbstring":"*","ext-simplexml":"*","ext-xml":"*","ext-xmlreader":"*","ext-xmlwriter":"*","ext-zip":"*","ext-zlib":"*","ezyang/htmlpurifier":"^4.15","maennchen/zipstream-php":"^2.1 || ^3.0","markbaker/complex":"^3.0","markbaker/matrix":"^3.0","psr/http-client":"^1.0","psr/http-factory":"^1.0","psr/simple-cache":"^1.0 || ^2.0 || ^3.0"}},{"version":"1.29.7","version_normalized":"1.29.7.0","source":{"url":"https://github.com/PHPOffice/PhpSpreadsheet.git","type":"git","reference":"02c8625411dcb96e1f63d58c47460284e15b2e80"},"dist":{"url":"https://api.github.com/repos/PHPOffice/PhpSpreadsheet/zipball/02c8625411dcb96e1f63d58c47460284e15b2e80","type":"zip","shasum":"","reference":"02c8625411dcb96e1f63d58c47460284e15b2e80"},"support":{"issues":"https://github.com/PHPOffice/PhpSpreadsheet/issues","source":"https://github.com/PHPOffice/PhpSpreadsheet/tree/1.29.7"},"time":"2024-12-27T05:10:37+00:00"},{"version":"1.29.6","version_normalized":"1.29.6.0","source":{"url":"https://github.com/PHPOffice/PhpSpreadsheet.git","type":"git","reference":"08597725b84570cd6f32bf0ea92e75a803ef28c2"},"dist":{"url":"https://api.github.com/repos/PHPOffice/PhpSpreadsheet/zipball/08597725b84570cd6f32bf0ea92e75a803ef28c2","type":"zip","shasum":"","reference":"08597725b84570cd6f32bf0ea92e75a803ef28c2"},"support":{"issues":"https://github.com/PHPOffice/PhpSpreadsheet/issues","source":"https://github.com/PHPOffice/PhpSpreadsheet/tree/1.29.6"},"time":"2024-12-08T05:49:00+00:00"},{"version":"1.29.5","version_normalized":"1.29.5.0","source":{"url":"https://github.com/PHPOffice/PhpSpreadsheet.git","type":"git","reference":"727cb704d5479fe4ddc291497ee471c4ec08f1b6"},"dist":{"url":"https://api.github.com/repos/PHPOffice/PhpSpreadsheet/zipball/727cb704d5479fe4ddc291497ee471c4ec08f1b6","type":"zip","shasum":"","reference":"727cb704d5479fe4ddc291497ee471c4ec08f1b6"},"support":{"issues":"https://github.com/PHPOffice/PhpSpreadsheet/issues","source":"https://github.com/PHPOffice/PhpSpreadsheet/tree/1.29.5"},"time":"2024-11-22T05:57:44+00:00","require-dev":{"dealerdirect/phpcodesniffer-composer-installer":"dev-main","dompdf/dompdf":"^1.0 || ^2.0","friendsofphp/php-cs-fixer":"^3.2","mitoteam/jpgraph":"^10.3","mpdf/mpdf":"^8.1.1","phpcompatibility/php-compatibility":"^9.3","phpstan/phpstan":"^1.1","phpstan/phpstan-phpunit":"^1.0","phpunit/phpunit":"^8.5 || ^9.0","squizlabs/php_codesniffer":"^3.7","tecnickcom/tcpdf":"^6.5"}},{"version":"1.29.4","version_normalized":"1.29.4.0","source":{"url":"https://github.com/PHPOffice/PhpSpreadsheet.git","type":"git","reference":"7ca7e325dca3adb6a598385aab81f527b8d6c75d"},"dist":{"url":"https://api.github.com/repos/PHPOffice/PhpSpreadsheet/zipball/7ca7e325dca3adb6a598385aab81f527b8d6c75d","type":"zip","shasum":"","reference":"7ca7e325dca3adb6a598385aab81f527b8d6c75d"},"support":{"issues":"https://github.com/PHPOffice/PhpSpreadsheet/issues","source":"https://github.com/PHPOffice/PhpSpreadsheet/tree/1.29.4"},"time":"2024-11-10T16:26:22+00:00"},{"version":"1.29.2","version_normalized":"1.29.2.0","source":{"url":"https://github.com/PHPOffice/PhpSpreadsheet.git","type":"git","reference":"3a5a818d7d3e4b5bd2e56fb9de44dbded6eae07f"},"dist":{"url":"https://api.github.com/repos/PHPOffice/PhpSpreadsheet/zipball/3a5a818d7d3e4b5bd2e56fb9de44dbded6eae07f","type":"zip","shasum":"","reference":"3a5a818d7d3e4b5bd2e56fb9de44dbded6eae07f"},"support":{"issues":"https://github.com/PHPOffice/PhpSpreadsheet/issues","source":"https://github.com/PHPOffice/PhpSpreadsheet/tree/1.29.2"},"time":"2024-09-29T07:04:47+00:00"},{"version":"1.29.1","version_normalized":"1.29.1.0","source":{"url":"https://github.com/PHPOffice/PhpSpreadsheet.git","type":"git","reference":"59ee38f7480904cd6487e5cbdea4d80ff2758719"},"dist":{"url":"https://api.github.com/repos/PHPOffice/PhpSpreadsheet/zipball/59ee38f7480904cd6487e5cbdea4d80ff2758719","type":"zip","shasum":"","reference":"59ee38f7480904cd6487e5cbdea4d80ff2758719"},"support":{"issues":"https://github.com/PHPOffice/PhpSpreadsheet/issues","source":"https://github.com/PHPOffice/PhpSpreadsheet/tree/1.29.1"},"time":"2024-09-03T00:55:32+00:00"},{"version":"1.29.0","version_normalized":"1.29.0.0","source":{"url":"https://github.com/PHPOffice/PhpSpreadsheet.git","type":"git","reference":"fde2ccf55eaef7e86021ff1acce26479160a0fa0"},"dist":{"url":"https://api.github.com/repos/PHPOffice/PhpSpreadsheet/zipball/fde2ccf55eaef7e86021ff1acce26479160a0fa0","type":"zip","shasum":"","reference":"fde2ccf55eaef7e86021ff1acce26479160a0fa0"},"support":{"issues":"https://github.com/PHPOffice/PhpSpreadsheet/issues","source":"https://github.com/PHPOffice/PhpSpreadsheet/tree/1.29.0"},"time":"2023-06-14T22:48:31+00:00","require-dev":{"dealerdirect/phpcodesniffer-composer-installer":"dev-main","dompdf/dompdf":"^1.0 || ^2.0","friendsofphp/php-cs-fixer":"^3.2","mitoteam/jpgraph":"^10.3","mpdf/mpdf":"^8.1.1","phpcompatibility/php-compatibility":"^9.3","phpstan/phpstan":"^1.1","phpstan/phpstan-phpunit":"^1.0","phpunit/phpunit":"^8.5 || ^9.0 || ^10.0","squizlabs/php_codesniffer":"^3.7","tecnickcom/tcpdf":"^6.5"}},{"version":"1.28.0","version_normalized":"1.28.0.0","source":{"url":"https://github.com/PHPOffice/PhpSpreadsheet.git","type":"git","reference":"6e81cf39bbd93ebc3a4e8150444c41e8aa9b769a"},"dist":{"url":"https://api.github.com/repos/PHPOffice/PhpSpreadsheet/zipball/6e81cf39bbd93ebc3a4e8150444c41e8aa9b769a","type":"zip","shasum":"","reference":"6e81cf39bbd93ebc3a4e8150444c41e8aa9b769a"},"support":{"issues":"https://github.com/PHPOffice/PhpSpreadsheet/issues","source":"https://github.com/PHPOffice/PhpSpreadsheet/tree/1.28.0"},"time":"2023-02-25T12:24:49+00:00","require":{"php":"^7.4 || ^8.0","ext-ctype":"*","ext-dom":"*","ext-fileinfo":"*","ext-gd":"*","ext-iconv":"*","ext-libxml":"*","ext-mbstring":"*","ext-simplexml":"*","ext-xml":"*","ext-xmlreader":"*","ext-xmlwriter":"*","ext-zip":"*","ext-zlib":"*","ezyang/htmlpurifier":"^4.15","maennchen/zipstream-php":"^2.1","markbaker/complex":"^3.0","markbaker/matrix":"^3.0","psr/http-client":"^1.0","psr/http-factory":"^1.0","psr/simple-cache":"^1.0 || ^2.0 || ^3.0"},"require-dev":{"dealerdirect/phpcodesniffer-composer-installer":"dev-main","dompdf/dompdf":"^1.0 || ^2.0","friendsofphp/php-cs-fixer":"^3.2","mitoteam/jpgraph":"^10.2.4","mpdf/mpdf":"^8.1.1","phpcompatibility/php-compatibility":"^9.3","phpstan/phpstan":"^1.1","phpstan/phpstan-phpunit":"^1.0","phpunit/phpunit":"^8.5 || ^9.0","squizlabs/php_codesniffer":"^3.7","tecnickcom/tcpdf":"^6.5"}},{"version":"1.27.1","version_normalized":"1.27.1.0","source":{"url":"https://github.com/PHPOffice/PhpSpreadsheet.git","type":"git","reference":"ef4e6ef74990239946d3983451a9bbed5ef1be5d"},"dist":{"url":"https://api.github.com/repos/PHPOffice/PhpSpreadsheet/zipball/ef4e6ef74990239946d3983451a9bbed5ef1be5d","type":"zip","shasum":"","reference":"ef4e6ef74990239946d3983451a9bbed5ef1be5d"},"support":{"issues":"https://github.com/PHPOffice/PhpSpreadsheet/issues","source":"https://github.com/PHPOffice/PhpSpreadsheet/tree/1.27.1"},"time":"2023-02-08T07:02:13+00:00"},{"version":"1.27.0","version_normalized":"1.27.0.0","source":{"url":"https://github.com/PHPOffice/PhpSpreadsheet.git","type":"git","reference":"eeb8582f9cabf5a7f4ef78015691163233a1834f"},"dist":{"url":"https://api.github.com/repos/PHPOffice/PhpSpreadsheet/zipball/eeb8582f9cabf5a7f4ef78015691163233a1834f","type":"zip","shasum":"","reference":"eeb8582f9cabf5a7f4ef78015691163233a1834f"},"support":{"issues":"https://github.com/PHPOffice/PhpSpreadsheet/issues","source":"https://github.com/PHPOffice/PhpSpreadsheet/tree/1.27.0"},"time":"2023-01-24T20:07:45+00:00","require-dev":{"dealerdirect/phpcodesniffer-composer-installer":"dev-master","dompdf/dompdf":"^1.0 || ^2.0","friendsofphp/php-cs-fixer":"^3.2","mitoteam/jpgraph":"^10.2.4","mpdf/mpdf":"^8.1.1","phpcompatibility/php-compatibility":"^9.3","phpstan/phpstan":"^1.1","phpstan/phpstan-phpunit":"^1.0","phpunit/phpunit":"^8.5 || ^9.0","squizlabs/php_codesniffer":"^3.7","tecnickcom/tcpdf":"^6.5"}},{"version":"1.26.0","version_normalized":"1.26.0.0","source":{"url":"https://github.com/PHPOffice/PhpSpreadsheet.git","type":"git","reference":"5b6ceea9705b068f993e268e4debc566c2637063"},"dist":{"url":"https://api.github.com/repos/PHPOffice/PhpSpreadsheet/zipball/5b6ceea9705b068f993e268e4debc566c2637063","type":"zip","shasum":"","reference":"5b6ceea9705b068f993e268e4debc566c2637063"},"support":{"issues":"https://github.com/PHPOffice/PhpSpreadsheet/issues","source":"https://github.com/PHPOffice/PhpSpreadsheet/tree/1.26.0"},"time":"2022-12-21T12:22:06+00:00"},{"version":"1.25.2","version_normalized":"1.25.2.0","source":{"url":"https://github.com/PHPOffice/PhpSpreadsheet.git","type":"git","reference":"a317a09e7def49852400a4b3eca4a4b0790ceeb5"},"dist":{"url":"https://api.github.com/repos/PHPOffice/PhpSpreadsheet/zipball/a317a09e7def49852400a4b3eca4a4b0790ceeb5","type":"zip","shasum":"","reference":"a317a09e7def49852400a4b3eca4a4b0790ceeb5"},"support":{"issues":"https://github.com/PHPOffice/PhpSpreadsheet/issues","source":"https://github.com/PHPOffice/PhpSpreadsheet/tree/1.25.2"},"time":"2022-09-25T17:21:01+00:00","require":{"php":"^7.3 || ^8.0","ext-ctype":"*","ext-dom":"*","ext-fileinfo":"*","ext-gd":"*","ext-iconv":"*","ext-libxml":"*","ext-mbstring":"*","ext-simplexml":"*","ext-xml":"*","ext-xmlreader":"*","ext-xmlwriter":"*","ext-zip":"*","ext-zlib":"*","ezyang/htmlpurifier":"^4.15","maennchen/zipstream-php":"^2.1","markbaker/complex":"^3.0","markbaker/matrix":"^3.0","psr/http-client":"^1.0","psr/http-factory":"^1.0","psr/simple-cache":"^1.0 || ^2.0 || ^3.0"},"require-dev":{"dealerdirect/phpcodesniffer-composer-installer":"dev-master","dompdf/dompdf":"^1.0 || ^2.0","friendsofphp/php-cs-fixer":"^3.2","mitoteam/jpgraph":"10.2.4","mpdf/mpdf":"8.1.1","phpcompatibility/php-compatibility":"^9.3","phpstan/phpstan":"^1.1","phpstan/phpstan-phpunit":"^1.0","phpunit/phpunit":"^8.5 || ^9.0","squizlabs/php_codesniffer":"^3.7","tecnickcom/tcpdf":"6.5"}},{"version":"1.25.1","version_normalized":"1.25.1.0","source":{"url":"https://github.com/PHPOffice/PhpSpreadsheet.git","type":"git","reference":"bfd6e640fac2160a316353e3cafaeb605112b9b5"},"dist":{"url":"https://api.github.com/repos/PHPOffice/PhpSpreadsheet/zipball/bfd6e640fac2160a316353e3cafaeb605112b9b5","type":"zip","shasum":"","reference":"bfd6e640fac2160a316353e3cafaeb605112b9b5"},"support":{"issues":"https://github.com/PHPOffice/PhpSpreadsheet/issues","source":"https://github.com/PHPOffice/PhpSpreadsheet/tree/1.25.1"},"time":"2022-09-25T17:14:46+00:00"},{"version":"1.25.0","version_normalized":"1.25.0.0","source":{"url":"https://github.com/PHPOffice/PhpSpreadsheet.git","type":"git","reference":"86f3730ded48d0223fda78f3fb630e1e9ca59917"},"dist":{"url":"https://api.github.com/repos/PHPOffice/PhpSpreadsheet/zipball/86f3730ded48d0223fda78f3fb630e1e9ca59917","type":"zip","shasum":"","reference":"86f3730ded48d0223fda78f3fb630e1e9ca59917"},"support":{"issues":"https://github.com/PHPOffice/PhpSpreadsheet/issues","source":"https://github.com/PHPOffice/PhpSpreadsheet/tree/1.25.0"},"time":"2022-09-25T11:06:17+00:00","require":{"php":"^7.3 || ^8.0","ext-ctype":"*","ext-dom":"*","ext-fileinfo":"*","ext-gd":"*","ext-iconv":"*","ext-libxml":"*","ext-mbstring":"*","ext-simplexml":"*","ext-xml":"*","ext-xmlreader":"*","ext-xmlwriter":"*","ext-zip":"*","ext-zlib":"*","ezyang/htmlpurifier":"4.15","maennchen/zipstream-php":"^2.1","markbaker/complex":"^3.0","markbaker/matrix":"^3.0","psr/http-client":"^1.0","psr/http-factory":"^1.0","psr/simple-cache":"^1.0 || ^2.0 || ^3.0"}},{"version":"1.24.1","version_normalized":"1.24.1.0","source":{"url":"https://github.com/PHPOffice/PhpSpreadsheet.git","type":"git","reference":"69991111e05fca3ff7398e1e7fca9ebed33efec6"},"dist":{"url":"https://api.github.com/repos/PHPOffice/PhpSpreadsheet/zipball/69991111e05fca3ff7398e1e7fca9ebed33efec6","type":"zip","shasum":"","reference":"69991111e05fca3ff7398e1e7fca9ebed33efec6"},"support":{"issues":"https://github.com/PHPOffice/PhpSpreadsheet/issues","source":"https://github.com/PHPOffice/PhpSpreadsheet/tree/1.24.1"},"time":"2022-07-18T19:50:48+00:00","require":{"php":"^7.3 || ^8.0","ext-ctype":"*","ext-dom":"*","ext-fileinfo":"*","ext-gd":"*","ext-iconv":"*","ext-libxml":"*","ext-mbstring":"*","ext-simplexml":"*","ext-xml":"*","ext-xmlreader":"*","ext-xmlwriter":"*","ext-zip":"*","ext-zlib":"*","ezyang/htmlpurifier":"^4.13","maennchen/zipstream-php":"^2.1","markbaker/complex":"^3.0","markbaker/matrix":"^3.0","psr/http-client":"^1.0","psr/http-factory":"^1.0","psr/simple-cache":"^1.0 || ^2.0"},"require-dev":{"dealerdirect/phpcodesniffer-composer-installer":"dev-master","dompdf/dompdf":"^1.0 || ^2.0","friendsofphp/php-cs-fixer":"^3.2","jpgraph/jpgraph":"^4.0","mpdf/mpdf":"8.1.1","phpcompatibility/php-compatibility":"^9.3","phpstan/phpstan":"^1.1","phpstan/phpstan-phpunit":"^1.0","phpunit/phpunit":"^8.5 || ^9.0","squizlabs/php_codesniffer":"^3.7","tecnickcom/tcpdf":"^6.4"},"suggest":{"mpdf/mpdf":"Option for rendering PDF with PDF Writer","dompdf/dompdf":"Option for rendering PDF with PDF Writer (doesn't yet support PHP8)","tecnickcom/tcpdf":"Option for rendering PDF with PDF Writer (doesn't yet support PHP8)","jpgraph/jpgraph":"Option for rendering charts, or including charts with PDF or HTML Writers"}},{"version":"1.24.0","version_normalized":"1.24.0.0","source":{"url":"https://github.com/PHPOffice/PhpSpreadsheet.git","type":"git","reference":"ebe8745c92a7cac4514d040758393b5399633b83"},"dist":{"url":"https://api.github.com/repos/PHPOffice/PhpSpreadsheet/zipball/ebe8745c92a7cac4514d040758393b5399633b83","type":"zip","shasum":"","reference":"ebe8745c92a7cac4514d040758393b5399633b83"},"support":{"issues":"https://github.com/PHPOffice/PhpSpreadsheet/issues","source":"https://github.com/PHPOffice/PhpSpreadsheet/tree/1.24.0"},"time":"2022-07-09T13:49:09+00:00"},{"version":"1.23.0","version_normalized":"1.23.0.0","source":{"url":"https://github.com/PHPOffice/PhpSpreadsheet.git","type":"git","reference":"21e4cf62699eebf007db28775f7d1554e612ed9e"},"dist":{"url":"https://api.github.com/repos/PHPOffice/PhpSpreadsheet/zipball/21e4cf62699eebf007db28775f7d1554e612ed9e","type":"zip","shasum":"","reference":"21e4cf62699eebf007db28775f7d1554e612ed9e"},"support":{"issues":"https://github.com/PHPOffice/PhpSpreadsheet/issues","source":"https://github.com/PHPOffice/PhpSpreadsheet/tree/1.23.0"},"time":"2022-04-24T13:53:10+00:00","require-dev":{"dealerdirect/phpcodesniffer-composer-installer":"dev-master","dompdf/dompdf":"^1.0","friendsofphp/php-cs-fixer":"^3.2","jpgraph/jpgraph":"^4.0","mpdf/mpdf":"8.0.17","phpcompatibility/php-compatibility":"^9.3","phpstan/phpstan":"^1.1","phpstan/phpstan-phpunit":"^1.0","phpunit/phpunit":"^8.5 || ^9.0","squizlabs/php_codesniffer":"^3.6","tecnickcom/tcpdf":"^6.4"}},{"version":"1.22.0","version_normalized":"1.22.0.0","source":{"url":"https://github.com/PHPOffice/PhpSpreadsheet.git","type":"git","reference":"3a9e29b4f386a08a151a33578e80ef1747037a48"},"dist":{"url":"https://api.github.com/repos/PHPOffice/PhpSpreadsheet/zipball/3a9e29b4f386a08a151a33578e80ef1747037a48","type":"zip","shasum":"","reference":"3a9e29b4f386a08a151a33578e80ef1747037a48"},"support":{"issues":"https://github.com/PHPOffice/PhpSpreadsheet/issues","source":"https://github.com/PHPOffice/PhpSpreadsheet/tree/1.22.0"},"time":"2022-02-18T12:57:07+00:00","require":{"php":"^7.3 || ^8.0","ext-ctype":"*","ext-dom":"*","ext-fileinfo":"*","ext-gd":"*","ext-iconv":"*","ext-libxml":"*","ext-mbstring":"*","ext-simplexml":"*","ext-xml":"*","ext-xmlreader":"*","ext-xmlwriter":"*","ext-zip":"*","ext-zlib":"*","ezyang/htmlpurifier":"^4.13","maennchen/zipstream-php":"^2.1","markbaker/complex":"^3.0","markbaker/matrix":"^3.0","psr/http-client":"^1.0","psr/http-factory":"^1.0","psr/simple-cache":"^1.0"}},{"version":"1.21.0","version_normalized":"1.21.0.0","source":{"url":"https://github.com/PHPOffice/PhpSpreadsheet.git","type":"git","reference":"1a359d2ccbb89c05f5dffb32711a95f4afc67964"},"dist":{"url":"https://api.github.com/repos/PHPOffice/PhpSpreadsheet/zipball/1a359d2ccbb89c05f5dffb32711a95f4afc67964","type":"zip","shasum":"","reference":"1a359d2ccbb89c05f5dffb32711a95f4afc67964"},"support":{"issues":"https://github.com/PHPOffice/PhpSpreadsheet/issues","source":"https://github.com/PHPOffice/PhpSpreadsheet/tree/1.21.0"},"time":"2022-01-06T11:10:08+00:00","require-dev":{"dealerdirect/phpcodesniffer-composer-installer":"dev-master","dompdf/dompdf":"^1.0","friendsofphp/php-cs-fixer":"^3.2","jpgraph/jpgraph":"^4.0","mpdf/mpdf":"^8.0","phpcompatibility/php-compatibility":"^9.3","phpstan/phpstan":"^1.1","phpstan/phpstan-phpunit":"^1.0","phpunit/phpunit":"^8.5 || ^9.0","squizlabs/php_codesniffer":"^3.6","tecnickcom/tcpdf":"^6.4"}},{"version":"1.20.0","version_normalized":"1.20.0.0","source":{"url":"https://github.com/PHPOffice/PhpSpreadsheet.git","type":"git","reference":"44436f270bb134b4a94670f3d020a85dfa0a3c02"},"dist":{"url":"https://api.github.com/repos/PHPOffice/PhpSpreadsheet/zipball/44436f270bb134b4a94670f3d020a85dfa0a3c02","type":"zip","shasum":"","reference":"44436f270bb134b4a94670f3d020a85dfa0a3c02"},"support":{"issues":"https://github.com/PHPOffice/PhpSpreadsheet/issues","source":"https://github.com/PHPOffice/PhpSpreadsheet/tree/1.20.0"},"time":"2021-11-23T15:23:42+00:00"},{"version":"1.19.0","version_normalized":"1.19.0.0","source":{"url":"https://github.com/PHPOffice/PhpSpreadsheet.git","type":"git","reference":"a9ab55bfae02eecffb3df669a2e19ba0e2f04bbf"},"dist":{"url":"https://api.github.com/repos/PHPOffice/PhpSpreadsheet/zipball/a9ab55bfae02eecffb3df669a2e19ba0e2f04bbf","type":"zip","shasum":"","reference":"a9ab55bfae02eecffb3df669a2e19ba0e2f04bbf"},"support":{"issues":"https://github.com/PHPOffice/PhpSpreadsheet/issues","source":"https://github.com/PHPOffice/PhpSpreadsheet/tree/1.19.0"},"time":"2021-10-31T15:09:20+00:00","require":{"php":"^7.2 || ^8.0","ext-ctype":"*","ext-dom":"*","ext-fileinfo":"*","ext-gd":"*","ext-iconv":"*","ext-libxml":"*","ext-mbstring":"*","ext-simplexml":"*","ext-xml":"*","ext-xmlreader":"*","ext-xmlwriter":"*","ext-zip":"*","ext-zlib":"*","ezyang/htmlpurifier":"^4.13","maennchen/zipstream-php":"^2.1","markbaker/complex":"^3.0","markbaker/matrix":"^3.0","psr/http-client":"^1.0","psr/http-factory":"^1.0","psr/simple-cache":"^1.0"},"require-dev":{"dealerdirect/phpcodesniffer-composer-installer":"dev-master","dompdf/dompdf":"^1.0","friendsofphp/php-cs-fixer":"^2.18","jpgraph/jpgraph":"^4.0","mpdf/mpdf":"^8.0","phpcompatibility/php-compatibility":"^9.3","phpstan/phpstan":"^0.12.82","phpstan/phpstan-phpunit":"^0.12.18","phpunit/phpunit":"^8.5","squizlabs/php_codesniffer":"^3.5","tecnickcom/tcpdf":"^6.3"}},{"version":"1.18.0","version_normalized":"1.18.0.0","source":{"url":"https://github.com/PHPOffice/PhpSpreadsheet.git","type":"git","reference":"418cd304e8e6b417ea79c3b29126a25dc4b1170c"},"dist":{"url":"https://api.github.com/repos/PHPOffice/PhpSpreadsheet/zipball/418cd304e8e6b417ea79c3b29126a25dc4b1170c","type":"zip","shasum":"","reference":"418cd304e8e6b417ea79c3b29126a25dc4b1170c"},"support":{"issues":"https://github.com/PHPOffice/PhpSpreadsheet/issues","source":"https://github.com/PHPOffice/PhpSpreadsheet/tree/1.18.0"},"time":"2021-05-31T18:21:15+00:00","require":{"php":"^7.2 || ^8.0","ext-ctype":"*","ext-dom":"*","ext-fileinfo":"*","ext-gd":"*","ext-iconv":"*","ext-libxml":"*","ext-mbstring":"*","ext-simplexml":"*","ext-xml":"*","ext-xmlreader":"*","ext-xmlwriter":"*","ext-zip":"*","ext-zlib":"*","ezyang/htmlpurifier":"^4.13","maennchen/zipstream-php":"^2.1","markbaker/complex":"^2.0","markbaker/matrix":"^2.0","psr/http-client":"^1.0","psr/http-factory":"^1.0","psr/simple-cache":"^1.0"}},{"version":"1.17.1","version_normalized":"1.17.1.0","source":{"url":"https://github.com/PHPOffice/PhpSpreadsheet.git","type":"git","reference":"c55269cb06911575a126dc225a05c0e4626e5fb4"},"dist":{"url":"https://api.github.com/repos/PHPOffice/PhpSpreadsheet/zipball/c55269cb06911575a126dc225a05c0e4626e5fb4","type":"zip","shasum":"","reference":"c55269cb06911575a126dc225a05c0e4626e5fb4"},"support":{"issues":"https://github.com/PHPOffice/PhpSpreadsheet/issues","source":"https://github.com/PHPOffice/PhpSpreadsheet/tree/1.17.1"},"time":"2021-03-02T17:54:11+00:00","require":{"php":"^7.2||^8.0","ext-ctype":"*","ext-dom":"*","ext-gd":"*","ext-iconv":"*","ext-fileinfo":"*","ext-libxml":"*","ext-mbstring":"*","ext-simplexml":"*","ext-xml":"*","ext-xmlreader":"*","ext-xmlwriter":"*","ext-zip":"*","ext-zlib":"*","maennchen/zipstream-php":"^2.1","markbaker/complex":"^1.5||^2.0","markbaker/matrix":"^1.2||^2.0","psr/simple-cache":"^1.0","psr/http-client":"^1.0","psr/http-factory":"^1.0","ezyang/htmlpurifier":"^4.13"},"require-dev":{"dompdf/dompdf":"^0.8.5","friendsofphp/php-cs-fixer":"^2.18","jpgraph/jpgraph":"^4.0","mpdf/mpdf":"^8.0","phpcompatibility/php-compatibility":"^9.3","phpunit/phpunit":"^8.5||^9.3","squizlabs/php_codesniffer":"^3.5","tecnickcom/tcpdf":"^6.3"}},{"version":"1.17.0","version_normalized":"1.17.0.0","source":{"url":"https://github.com/PHPOffice/PhpSpreadsheet.git","type":"git","reference":"42e8680fc032f8c6f17085c238b2885205688767"},"dist":{"url":"https://api.github.com/repos/PHPOffice/PhpSpreadsheet/zipball/42e8680fc032f8c6f17085c238b2885205688767","type":"zip","shasum":"","reference":"42e8680fc032f8c6f17085c238b2885205688767"},"support":{"issues":"https://github.com/PHPOffice/PhpSpreadsheet/issues","source":"https://github.com/PHPOffice/PhpSpreadsheet/tree/1.17.0"},"time":"2021-03-02T17:01:39+00:00"},{"version":"1.16.0","version_normalized":"1.16.0.0","source":{"url":"https://github.com/PHPOffice/PhpSpreadsheet.git","type":"git","reference":"76d4323b85129d0c368149c831a07a3e258b2b50"},"dist":{"url":"https://api.github.com/repos/PHPOffice/PhpSpreadsheet/zipball/76d4323b85129d0c368149c831a07a3e258b2b50","type":"zip","shasum":"","reference":"76d4323b85129d0c368149c831a07a3e258b2b50"},"support":{"issues":"https://github.com/PHPOffice/PhpSpreadsheet/issues","source":"https://github.com/PHPOffice/PhpSpreadsheet/tree/1.16.0"},"time":"2020-12-31T18:03:49+00:00","require-dev":{"dompdf/dompdf":"^0.8.5","friendsofphp/php-cs-fixer":"^2.16","jpgraph/jpgraph":"^4.0","mpdf/mpdf":"^8.0","phpcompatibility/php-compatibility":"^9.3","phpunit/phpunit":"^8.5||^9.3","squizlabs/php_codesniffer":"^3.5","tecnickcom/tcpdf":"^6.3"}},{"version":"1.15.0","version_normalized":"1.15.0.0","source":{"url":"https://github.com/PHPOffice/PhpSpreadsheet.git","type":"git","reference":"a8e8068b31b8119e1daa5b1eb5715a3a8ea8305f"},"dist":{"url":"https://api.github.com/repos/PHPOffice/PhpSpreadsheet/zipball/a8e8068b31b8119e1daa5b1eb5715a3a8ea8305f","type":"zip","shasum":"","reference":"a8e8068b31b8119e1daa5b1eb5715a3a8ea8305f"},"support":{"issues":"https://github.com/PHPOffice/PhpSpreadsheet/issues","source":"https://github.com/PHPOffice/PhpSpreadsheet/tree/1.15.0"},"time":"2020-10-11T13:20:59+00:00","require":{"php":"^7.2|^8.0","ext-ctype":"*","ext-dom":"*","ext-gd":"*","ext-iconv":"*","ext-fileinfo":"*","ext-libxml":"*","ext-mbstring":"*","ext-simplexml":"*","ext-xml":"*","ext-xmlreader":"*","ext-xmlwriter":"*","ext-zip":"*","ext-zlib":"*","maennchen/zipstream-php":"^2.1","markbaker/complex":"^1.5|^2.0","markbaker/matrix":"^1.2|^2.0","psr/simple-cache":"^1.0","psr/http-client":"^1.0","psr/http-factory":"^1.0"},"require-dev":{"dompdf/dompdf":"^0.8.5","friendsofphp/php-cs-fixer":"^2.16","jpgraph/jpgraph":"^4.0","mpdf/mpdf":"^8.0","phpcompatibility/php-compatibility":"^9.3","phpunit/phpunit":"^8.5|^9.3","squizlabs/php_codesniffer":"^3.5","tecnickcom/tcpdf":"^6.3"}},{"version":"1.14.1","version_normalized":"1.14.1.0","source":{"url":"https://github.com/PHPOffice/PhpSpreadsheet.git","type":"git","reference":"2383aad5689778470491581442aab38cec41bf1d"},"dist":{"url":"https://api.github.com/repos/PHPOffice/PhpSpreadsheet/zipball/2383aad5689778470491581442aab38cec41bf1d","type":"zip","shasum":"","reference":"2383aad5689778470491581442aab38cec41bf1d"},"support":{"issues":"https://github.com/PHPOffice/PhpSpreadsheet/issues","source":"https://github.com/PHPOffice/PhpSpreadsheet/tree/1.14.1"},"time":"2020-07-19T09:51:35+00:00","require":{"php":"^7.2","ext-ctype":"*","ext-dom":"*","ext-gd":"*","ext-iconv":"*","ext-fileinfo":"*","ext-libxml":"*","ext-mbstring":"*","ext-simplexml":"*","ext-xml":"*","ext-xmlreader":"*","ext-xmlwriter":"*","ext-zip":"*","ext-zlib":"*","maennchen/zipstream-php":"^2.1","markbaker/complex":"^1.4","markbaker/matrix":"^1.2","psr/simple-cache":"^1.0","psr/http-client":"^1.0","psr/http-factory":"^1.0"},"require-dev":{"dompdf/dompdf":"^0.8.5","friendsofphp/php-cs-fixer":"^2.16","jpgraph/jpgraph":"^4.0","mpdf/mpdf":"^8.0","phpcompatibility/php-compatibility":"^9.3","phpunit/phpunit":"^8.5","squizlabs/php_codesniffer":"^3.5","tecnickcom/tcpdf":"^6.3"},"suggest":{"mpdf/mpdf":"Option for rendering PDF with PDF Writer","dompdf/dompdf":"Option for rendering PDF with PDF Writer","tecnickcom/tcpdf":"Option for rendering PDF with PDF Writer","jpgraph/jpgraph":"Option for rendering charts, or including charts with PDF or HTML Writers"}},{"version":"1.14.0","version_normalized":"1.14.0.0","source":{"url":"https://github.com/PHPOffice/PhpSpreadsheet.git","type":"git","reference":"73fe58fdc9f3977619bec6b26e867eb2ac059dcd"},"dist":{"url":"https://api.github.com/repos/PHPOffice/PhpSpreadsheet/zipball/73fe58fdc9f3977619bec6b26e867eb2ac059dcd","type":"zip","shasum":"","reference":"73fe58fdc9f3977619bec6b26e867eb2ac059dcd"},"support":{"issues":"https://github.com/PHPOffice/PhpSpreadsheet/issues","source":"https://github.com/PHPOffice/PhpSpreadsheet/tree/1.14.0"},"time":"2020-06-29T01:51:21+00:00","require":{"php":"^7.2","ext-ctype":"*","ext-dom":"*","ext-gd":"*","ext-iconv":"*","ext-fileinfo":"*","ext-libxml":"*","ext-mbstring":"*","ext-simplexml":"*","ext-xml":"*","ext-xmlreader":"*","ext-xmlwriter":"*","ext-zip":"*","ext-zlib":"*","maennchen/zipstream-php":"^2.1","markbaker/complex":"^1.4","markbaker/matrix":"^1.2","psr/simple-cache":"^1.0","guzzlehttp/guzzle":"^7.0"}},{"version":"1.13.0","version_normalized":"1.13.0.0","source":{"url":"https://github.com/PHPOffice/PhpSpreadsheet.git","type":"git","reference":"21bfb5b3243b8ceb9eda499a4d699fc42c11a9d1"},"dist":{"url":"https://api.github.com/repos/PHPOffice/PhpSpreadsheet/zipball/21bfb5b3243b8ceb9eda499a4d699fc42c11a9d1","type":"zip","shasum":"","reference":"21bfb5b3243b8ceb9eda499a4d699fc42c11a9d1"},"support":{"issues":"https://github.com/PHPOffice/PhpSpreadsheet/issues","source":"https://github.com/PHPOffice/PhpSpreadsheet/tree/1.13.0"},"time":"2020-05-31T13:49:28+00:00","require":{"php":"^7.2","ext-ctype":"*","ext-dom":"*","ext-gd":"*","ext-iconv":"*","ext-fileinfo":"*","ext-libxml":"*","ext-mbstring":"*","ext-simplexml":"*","ext-xml":"*","ext-xmlreader":"*","ext-xmlwriter":"*","ext-zip":"*","ext-zlib":"*","markbaker/complex":"^1.4","markbaker/matrix":"^1.2","psr/simple-cache":"^1.0","maennchen/zipstream-php":"^2.0"}},{"version":"1.12.0","version_normalized":"1.12.0.0","source":{"url":"https://github.com/PHPOffice/PhpSpreadsheet.git","type":"git","reference":"f79611d6dc1f6b7e8e30b738fc371b392001dbfd"},"dist":{"url":"https://api.github.com/repos/PHPOffice/PhpSpreadsheet/zipball/f79611d6dc1f6b7e8e30b738fc371b392001dbfd","type":"zip","shasum":"","reference":"f79611d6dc1f6b7e8e30b738fc371b392001dbfd"},"support":{"issues":"https://github.com/PHPOffice/PhpSpreadsheet/issues","source":"https://github.com/PHPOffice/PhpSpreadsheet/tree/1.12.0"},"time":"2020-04-27T08:12:48+00:00","require":{"php":"^7.1","ext-ctype":"*","ext-dom":"*","ext-gd":"*","ext-iconv":"*","ext-fileinfo":"*","ext-libxml":"*","ext-mbstring":"*","ext-simplexml":"*","ext-xml":"*","ext-xmlreader":"*","ext-xmlwriter":"*","ext-zip":"*","ext-zlib":"*","markbaker/complex":"^1.4","markbaker/matrix":"^1.2","psr/simple-cache":"^1.0"},"require-dev":{"dompdf/dompdf":"^0.8.3","friendsofphp/php-cs-fixer":"^2.16","jpgraph/jpgraph":"^4.0","mpdf/mpdf":"^8.0","phpcompatibility/php-compatibility":"^9.3","phpunit/phpunit":"^7.5","squizlabs/php_codesniffer":"^3.5","tecnickcom/tcpdf":"^6.3"}},{"version":"1.11.0","version_normalized":"1.11.0.0","source":{"url":"https://github.com/PHPOffice/PhpSpreadsheet.git","type":"git","reference":"c2a205e82f9cf1cc9fab86b79e808d86dd680470"},"dist":{"url":"https://api.github.com/repos/PHPOffice/PhpSpreadsheet/zipball/c2a205e82f9cf1cc9fab86b79e808d86dd680470","type":"zip","shasum":"","reference":"c2a205e82f9cf1cc9fab86b79e808d86dd680470"},"support":{"issues":"https://github.com/PHPOffice/PhpSpreadsheet/issues","source":"https://github.com/PHPOffice/PhpSpreadsheet/tree/1.11.0"},"time":"2020-03-02T13:09:03+00:00"},{"version":"1.10.1","version_normalized":"1.10.1.0","source":{"url":"https://github.com/PHPOffice/PhpSpreadsheet.git","type":"git","reference":"1648dc9ebef6ebe0c5a172e16cf66732918416e0"},"dist":{"url":"https://api.github.com/repos/PHPOffice/PhpSpreadsheet/zipball/1648dc9ebef6ebe0c5a172e16cf66732918416e0","type":"zip","shasum":"","reference":"1648dc9ebef6ebe0c5a172e16cf66732918416e0"},"support":{"issues":"https://github.com/PHPOffice/PhpSpreadsheet/issues","source":"https://github.com/PHPOffice/PhpSpreadsheet/tree/1.10.1"},"time":"2019-12-01T23:13:51+00:00","funding":"__unset"},{"version":"1.10.0","version_normalized":"1.10.0.0","source":{"url":"https://github.com/PHPOffice/PhpSpreadsheet.git","type":"git","reference":"f734783d826bd84c3d54fcf7b71c37ab9bac4b04"},"dist":{"url":"https://api.github.com/repos/PHPOffice/PhpSpreadsheet/zipball/f734783d826bd84c3d54fcf7b71c37ab9bac4b04","type":"zip","shasum":"","reference":"f734783d826bd84c3d54fcf7b71c37ab9bac4b04"},"support":{"issues":"https://github.com/PHPOffice/PhpSpreadsheet/issues","source":"https://github.com/PHPOffice/PhpSpreadsheet/tree/1.10.0"},"time":"2019-11-18T11:33:05+00:00"},{"version":"1.9.0","version_normalized":"1.9.0.0","license":["LGPL-2.1-or-later"],"source":{"url":"https://github.com/PHPOffice/PhpSpreadsheet.git","type":"git","reference":"8dea03eaf60a349b6097e4bcad11f894668280df"},"dist":{"url":"https://api.github.com/repos/PHPOffice/PhpSpreadsheet/zipball/8dea03eaf60a349b6097e4bcad11f894668280df","type":"zip","shasum":"","reference":"8dea03eaf60a349b6097e4bcad11f894668280df"},"support":{"issues":"https://github.com/PHPOffice/PhpSpreadsheet/issues","source":"https://github.com/PHPOffice/PhpSpreadsheet/tree/1.9.0"},"time":"2019-08-17T22:24:35+00:00","require":{"php":"^7.1","ext-ctype":"*","ext-dom":"*","ext-gd":"*","ext-iconv":"*","ext-fileinfo":"*","ext-libxml":"*","ext-mbstring":"*","ext-simplexml":"*","ext-xml":"*","ext-xmlreader":"*","ext-xmlwriter":"*","ext-zip":"*","ext-zlib":"*","psr/simple-cache":"^1.0","markbaker/complex":"^1.4","markbaker/matrix":"^1.1"},"require-dev":{"tecnickcom/tcpdf":"^6.2","dompdf/dompdf":"^0.8.0","mpdf/mpdf":"^7.0.0","jpgraph/jpgraph":"^4.0","friendsofphp/php-cs-fixer":"@stable","phpcompatibility/php-compatibility":"^8.0","squizlabs/php_codesniffer":"^3.3","phpunit/phpunit":"^7.5"}},{"version":"1.8.2","version_normalized":"1.8.2.0","authors":[{"name":"Erik Tilt"},{"name":"Adrien Crivelli"},{"name":"Maarten Balliauw","homepage":"https://blog.maartenballiauw.be"},{"name":"Mark Baker","homepage":"https://markbakeruk.net"},{"name":"Franck Lefevre","homepage":"https://rootslabs.net"}],"source":{"url":"https://github.com/PHPOffice/PhpSpreadsheet.git","type":"git","reference":"0c1346a1956347590b7db09533966307d20cb7cc"},"dist":{"url":"https://api.github.com/repos/PHPOffice/PhpSpreadsheet/zipball/0c1346a1956347590b7db09533966307d20cb7cc","type":"zip","shasum":"","reference":"0c1346a1956347590b7db09533966307d20cb7cc"},"support":{"issues":"https://github.com/PHPOffice/PhpSpreadsheet/issues","source":"https://github.com/PHPOffice/PhpSpreadsheet/tree/1.8.2"},"time":"2019-07-08T21:21:25+00:00","require":{"php":"^5.6|^7.0","ext-ctype":"*","ext-dom":"*","ext-gd":"*","ext-iconv":"*","ext-fileinfo":"*","ext-libxml":"*","ext-mbstring":"*","ext-simplexml":"*","ext-xml":"*","ext-xmlreader":"*","ext-xmlwriter":"*","ext-zip":"*","ext-zlib":"*","psr/simple-cache":"^1.0","markbaker/complex":"^1.4","markbaker/matrix":"^1.1"},"require-dev":{"tecnickcom/tcpdf":"^6.2","phpunit/phpunit":"^5.7","doctrine/instantiator":"^1.0.0","dompdf/dompdf":"^0.8.0","mpdf/mpdf":"^7.0.0","jpgraph/jpgraph":"^4.0","friendsofphp/php-cs-fixer":"@stable","phpcompatibility/php-compatibility":"^8.0","squizlabs/php_codesniffer":"^3.3"}},{"version":"1.8.1","version_normalized":"1.8.1.0","source":{"url":"https://github.com/PHPOffice/PhpSpreadsheet.git","type":"git","reference":"352c7002fefe4e4037d02654d853a1b09520946f"},"dist":{"url":"https://api.github.com/repos/PHPOffice/PhpSpreadsheet/zipball/352c7002fefe4e4037d02654d853a1b09520946f","type":"zip","shasum":"","reference":"352c7002fefe4e4037d02654d853a1b09520946f"},"support":{"issues":"https://github.com/PHPOffice/PhpSpreadsheet/issues","source":"https://github.com/PHPOffice/PhpSpreadsheet/tree/master"},"time":"2019-07-01T20:46:51+00:00"},{"version":"1.8.0","version_normalized":"1.8.0.0","source":{"url":"https://github.com/PHPOffice/PhpSpreadsheet.git","type":"git","reference":"0e6238c69e863b58aeece61e48ea032696c6dccd"},"dist":{"url":"https://api.github.com/repos/PHPOffice/PhpSpreadsheet/zipball/0e6238c69e863b58aeece61e48ea032696c6dccd","type":"zip","shasum":"","reference":"0e6238c69e863b58aeece61e48ea032696c6dccd"},"support":{"issues":"https://github.com/PHPOffice/PhpSpreadsheet/issues","source":"https://github.com/PHPOffice/PhpSpreadsheet/tree/1.8.0"},"time":"2019-06-30T22:55:25+00:00"},{"version":"1.7.0","version_normalized":"1.7.0.0","source":{"url":"https://github.com/PHPOffice/PhpSpreadsheet.git","type":"git","reference":"84e09df79855ed3da84e2eab6850eb7741d8cbda"},"dist":{"url":"https://api.github.com/repos/PHPOffice/PhpSpreadsheet/zipball/84e09df79855ed3da84e2eab6850eb7741d8cbda","type":"zip","shasum":"","reference":"84e09df79855ed3da84e2eab6850eb7741d8cbda"},"support":{"issues":"https://github.com/PHPOffice/PhpSpreadsheet/issues","source":"https://github.com/PHPOffice/PhpSpreadsheet/tree/1.7.0"},"time":"2019-05-26T02:50:36+00:00"},{"version":"1.6.0","version_normalized":"1.6.0.0","source":{"url":"https://github.com/PHPOffice/PhpSpreadsheet.git","type":"git","reference":"bf00f0cc5f55c354018f9a9ef15e6e3e1a229051"},"dist":{"url":"https://api.github.com/repos/PHPOffice/PhpSpreadsheet/zipball/bf00f0cc5f55c354018f9a9ef15e6e3e1a229051","type":"zip","shasum":"","reference":"bf00f0cc5f55c354018f9a9ef15e6e3e1a229051"},"support":{"issues":"https://github.com/PHPOffice/PhpSpreadsheet/issues","source":"https://github.com/PHPOffice/PhpSpreadsheet/tree/1.6.0"},"time":"2019-01-02T04:42:54+00:00"},{"version":"1.5.2","version_normalized":"1.5.2.0","source":{"url":"https://github.com/PHPOffice/PhpSpreadsheet.git","type":"git","reference":"cd60531c44f580fbdfbd55dfb935af791f09be5d"},"dist":{"url":"https://api.github.com/repos/PHPOffice/PhpSpreadsheet/zipball/cd60531c44f580fbdfbd55dfb935af791f09be5d","type":"zip","shasum":"","reference":"cd60531c44f580fbdfbd55dfb935af791f09be5d"},"support":{"issues":"https://github.com/PHPOffice/PhpSpreadsheet/issues","source":"https://github.com/PHPOffice/PhpSpreadsheet/tree/master"},"time":"2018-11-25T17:40:15+00:00","require":{"php":"^5.6|^7.0","ext-ctype":"*","ext-dom":"*","ext-gd":"*","ext-iconv":"*","ext-libxml":"*","ext-mbstring":"*","ext-simplexml":"*","ext-xml":"*","ext-xmlreader":"*","ext-xmlwriter":"*","ext-zip":"*","ext-zlib":"*","psr/simple-cache":"^1.0","markbaker/complex":"^1.4.1"},"require-dev":{"tecnickcom/tcpdf":"^6.2","phpunit/phpunit":"^5.7","dompdf/dompdf":"^0.8.0","mpdf/mpdf":"^7.0.0","jpgraph/jpgraph":"^4.0","friendsofphp/php-cs-fixer":"@stable","phpcompatibility/php-compatibility":"^8.0","squizlabs/php_codesniffer":"^3.3"}},{"version":"1.5.1","version_normalized":"1.5.1.0","source":{"url":"https://github.com/PHPOffice/PhpSpreadsheet.git","type":"git","reference":"7f46932b2fabbaaf5a70e67cacc472a50b95cbb9"},"dist":{"url":"https://api.github.com/repos/PHPOffice/PhpSpreadsheet/zipball/7f46932b2fabbaaf5a70e67cacc472a50b95cbb9","type":"zip","shasum":"","reference":"7f46932b2fabbaaf5a70e67cacc472a50b95cbb9"},"support":{"issues":"https://github.com/PHPOffice/PhpSpreadsheet/issues","source":"https://github.com/PHPOffice/PhpSpreadsheet/tree/develop"},"time":"2018-11-20T19:51:42+00:00"},{"version":"1.5.0","version_normalized":"1.5.0.0","authors":[{"name":"Maarten Balliauw","homepage":"http://blog.maartenballiauw.be"},{"name":"Erik Tilt"},{"name":"Franck Lefevre","homepage":"http://rootslabs.net"},{"name":"Mark Baker","homepage":"http://markbakeruk.net"}],"source":{"url":"https://github.com/PHPOffice/PhpSpreadsheet.git","type":"git","reference":"2dfd06c59825914a1a325f2a2ed13634b9d8c411"},"dist":{"url":"https://api.github.com/repos/PHPOffice/PhpSpreadsheet/zipball/2dfd06c59825914a1a325f2a2ed13634b9d8c411","type":"zip","shasum":"","reference":"2dfd06c59825914a1a325f2a2ed13634b9d8c411"},"support":{"issues":"https://github.com/PHPOffice/PhpSpreadsheet/issues","source":"https://github.com/PHPOffice/PhpSpreadsheet/tree/1.5.0"},"time":"2018-10-21T10:04:54+00:00","require-dev":{"tecnickcom/tcpdf":"^6.2","phpunit/phpunit":"^5.7","dompdf/dompdf":"^0.8.0","mpdf/mpdf":"^7.0.0","jpgraph/jpgraph":"^4.0","friendsofphp/php-cs-fixer":"@stable","squizlabs/php_codesniffer":"^3.3"}},{"version":"1.4.1","version_normalized":"1.4.1.0","source":{"url":"https://github.com/PHPOffice/PhpSpreadsheet.git","type":"git","reference":"57404f43742a8164b5eac3ab03b962d8740885c1"},"dist":{"url":"https://api.github.com/repos/PHPOffice/PhpSpreadsheet/zipball/57404f43742a8164b5eac3ab03b962d8740885c1","type":"zip","shasum":"","reference":"57404f43742a8164b5eac3ab03b962d8740885c1"},"support":{"issues":"https://github.com/PHPOffice/PhpSpreadsheet/issues","source":"https://github.com/PHPOffice/PhpSpreadsheet/tree/1.4.1"},"time":"2018-09-30T03:57:24+00:00"},{"version":"1.4.0","version_normalized":"1.4.0.0","source":{"url":"https://github.com/PHPOffice/PhpSpreadsheet.git","type":"git","reference":"125f462a718956f37d81305ca0df4f17cef0f3b9"},"dist":{"url":"https://api.github.com/repos/PHPOffice/PhpSpreadsheet/zipball/125f462a718956f37d81305ca0df4f17cef0f3b9","type":"zip","shasum":"","reference":"125f462a718956f37d81305ca0df4f17cef0f3b9"},"support":{"issues":"https://github.com/PHPOffice/PhpSpreadsheet/issues","source":"https://github.com/PHPOffice/PhpSpreadsheet/tree/1.4.0"},"time":"2018-08-06T02:58:06+00:00","suggest":{"mpdf/mpdf":"Option for rendering PDF with PDF Writer","dompdf/dompdf":"Option for rendering PDF with PDF Writer","tecnick.com/tcpdf":"Option for rendering PDF with PDF Writer","jpgraph/jpgraph":"Option for rendering charts, or including charts with PDF or HTML Writers"}},{"version":"1.3.1","version_normalized":"1.3.1.0","source":{"url":"https://github.com/PHPOffice/PhpSpreadsheet.git","type":"git","reference":"aa5b0d0236c907fd8dba0883f3ceb97cc52e46ec"},"dist":{"url":"https://api.github.com/repos/PHPOffice/PhpSpreadsheet/zipball/aa5b0d0236c907fd8dba0883f3ceb97cc52e46ec","type":"zip","shasum":"","reference":"aa5b0d0236c907fd8dba0883f3ceb97cc52e46ec"},"support":{"issues":"https://github.com/PHPOffice/PhpSpreadsheet/issues","source":"https://github.com/PHPOffice/PhpSpreadsheet/tree/1.3.1"},"time":"2018-06-12T13:40:21+00:00","require":{"php":"^5.6|^7.0","ext-ctype":"*","ext-dom":"*","ext-gd":"*","ext-iconv":"*","ext-libxml":"*","ext-mbstring":"*","ext-simplexml":"*","ext-xml":"*","ext-xmlreader":"*","ext-xmlwriter":"*","ext-zip":"*","ext-zlib":"*","psr/simple-cache":"^1.0"},"require-dev":{"tecnickcom/tcpdf":"^6.2","squizlabs/php_codesniffer":"^2.7","phpunit/phpunit":"^5.7","dompdf/dompdf":"^0.8.0","mpdf/mpdf":"^7.0.0","jpgraph/jpgraph":"^4.0","friendsofphp/php-cs-fixer":"@stable"}},{"version":"1.3.0","version_normalized":"1.3.0.0","source":{"url":"https://github.com/PHPOffice/PhpSpreadsheet.git","type":"git","reference":"2eb342c13da50211fdfea73b513647e22a87e78f"},"dist":{"url":"https://api.github.com/repos/PHPOffice/PhpSpreadsheet/zipball/2eb342c13da50211fdfea73b513647e22a87e78f","type":"zip","shasum":"","reference":"2eb342c13da50211fdfea73b513647e22a87e78f"},"support":{"issues":"https://github.com/PHPOffice/PhpSpreadsheet/issues","source":"https://github.com/PHPOffice/PhpSpreadsheet/tree/1.3.0"},"time":"2018-06-10T06:44:19+00:00"},{"version":"1.2.1","version_normalized":"1.2.1.0","source":{"url":"https://github.com/PHPOffice/PhpSpreadsheet.git","type":"git","reference":"36acc372875c4d894dc093825ce4f62209db5a76"},"dist":{"url":"https://api.github.com/repos/PHPOffice/PhpSpreadsheet/zipball/36acc372875c4d894dc093825ce4f62209db5a76","type":"zip","shasum":"","reference":"36acc372875c4d894dc093825ce4f62209db5a76"},"support":{"issues":"https://github.com/PHPOffice/PhpSpreadsheet/issues","source":"https://github.com/PHPOffice/PhpSpreadsheet/tree/1.2.1"},"time":"2018-04-10T03:53:16+00:00"},{"version":"1.2.0","version_normalized":"1.2.0.0","source":{"url":"https://github.com/PHPOffice/PhpSpreadsheet.git","type":"git","reference":"8380fb3ad28242093c18d0baa9b7e67fb429ea84"},"dist":{"url":"https://api.github.com/repos/PHPOffice/PhpSpreadsheet/zipball/8380fb3ad28242093c18d0baa9b7e67fb429ea84","type":"zip","shasum":"","reference":"8380fb3ad28242093c18d0baa9b7e67fb429ea84"},"support":{"issues":"https://github.com/PHPOffice/PhpSpreadsheet/issues","source":"https://github.com/PHPOffice/PhpSpreadsheet/tree/1.2.0"},"time":"2018-03-04T20:41:15+00:00"},{"version":"1.1.0","version_normalized":"1.1.0.0","license":["LGPL-2.1"],"source":{"url":"https://github.com/PHPOffice/PhpSpreadsheet.git","type":"git","reference":"a2771e562e3a17c0d512d2009e38fd628beece90"},"dist":{"url":"https://api.github.com/repos/PHPOffice/PhpSpreadsheet/zipball/a2771e562e3a17c0d512d2009e38fd628beece90","type":"zip","shasum":"","reference":"a2771e562e3a17c0d512d2009e38fd628beece90"},"support":{"issues":"https://github.com/PHPOffice/PhpSpreadsheet/issues","source":"https://github.com/PHPOffice/PhpSpreadsheet/tree/1.1.0"},"time":"2018-01-28T12:37:15+00:00","suggest":{"ext-gd":"Required for exact column width autocalculation","ext-dom":"Option to read and write HTML files","mpdf/mpdf":"Option for rendering PDF with PDF Writer","dompdf/dompdf":"Option for rendering PDF with PDF Writer","tecnick.com/tcpdf":"Option for rendering PDF with PDF Writer","jpgraph/jpgraph":"Option for rendering charts, or including charts with PDF or HTML Writers"}},{"version":"1.0.0","version_normalized":"1.0.0.0","source":{"url":"https://github.com/PHPOffice/PhpSpreadsheet.git","type":"git","reference":"691b68de9b87cf6e398df46482741a4f667a9391"},"dist":{"url":"https://api.github.com/repos/PHPOffice/PhpSpreadsheet/zipball/691b68de9b87cf6e398df46482741a4f667a9391","type":"zip","shasum":"","reference":"691b68de9b87cf6e398df46482741a4f667a9391"},"support":{"issues":"https://github.com/PHPOffice/PhpSpreadsheet/issues","source":"https://github.com/PHPOffice/PhpSpreadsheet/tree/1.0.0"},"time":"2017-12-25T01:53:53+00:00","require-dev":{"tecnickcom/tcpdf":"^6.2","squizlabs/php_codesniffer":"^2.7","phpunit/phpunit":"^5.7","dompdf/dompdf":"^0.8.0","mpdf/mpdf":"^7.0.0","friendsofphp/php-cs-fixer":"^2.7","jpgraph/jpgraph":"^4.0"}},{"version":"1.0.0-beta2","version_normalized":"1.0.0.0-beta2","source":{"url":"https://github.com/PHPOffice/PhpSpreadsheet.git","type":"git","reference":"59326f1064d61a6ff77822b64124a8046e06a46d"},"dist":{"url":"https://api.github.com/repos/PHPOffice/PhpSpreadsheet/zipball/59326f1064d61a6ff77822b64124a8046e06a46d","type":"zip","shasum":"","reference":"59326f1064d61a6ff77822b64124a8046e06a46d"},"support":{"issues":"https://github.com/PHPOffice/PhpSpreadsheet/issues","source":"https://github.com/PHPOffice/PhpSpreadsheet/tree/1.0.0-beta2"},"time":"2017-11-26T06:47:24+00:00"},{"version":"1.0.0-beta","version_normalized":"1.0.0.0-beta","source":{"url":"https://github.com/PHPOffice/PhpSpreadsheet.git","type":"git","reference":"7d4dc74fc6219739f1b6e0a7a2f87fdbf33c6ca5"},"dist":{"url":"https://api.github.com/repos/PHPOffice/PhpSpreadsheet/zipball/7d4dc74fc6219739f1b6e0a7a2f87fdbf33c6ca5","type":"zip","shasum":"","reference":"7d4dc74fc6219739f1b6e0a7a2f87fdbf33c6ca5"},"support":{"issues":"https://github.com/PHPOffice/PhpSpreadsheet/issues","source":"https://github.com/PHPOffice/PhpSpreadsheet/tree/1.0.0-beta"},"time":"2017-08-17T13:17:23+00:00","require":{"php":"^5.6|^7.0","ext-mbstring":"*","ext-iconv":"*","ext-xml":"*","ext-xmlwriter":"*","ext-zip":"*","psr/simple-cache":"^1.0"},"require-dev":{"mpdf/mpdf":"^6.1","tecnickcom/tcpdf":"^6.2","squizlabs/php_codesniffer":"^2.7","phpunit/phpunit":"^5.7","friendsofphp/php-cs-fixer":"^2.0","dompdf/dompdf":"^0.8.0"}}]},"security-advisories":[{"advisoryId":"PKSA-8b16-mcgz-h4cz","affectedVersions":">=2.0.0,<2.1.8|>=2.2.0,<2.3.7|<1.29.9|>=3.0.0,<3.9.0"},{"advisoryId":"PKSA-s99r-9yxm-hjvt","affectedVersions":">=2.2.0,<2.3.6|>=2.0.0,<2.1.7|<1.29.8|>=3.0.0,<3.8.0"},{"advisoryId":"PKSA-4ckb-wpj6-c29d","affectedVersions":">=2.2.0,<=2.3.4|>=2.0.0,<=2.1.5|<=1.29.6|>=3.0.0,<3.7.0"},{"advisoryId":"PKSA-nm34-xhtz-ww9p","affectedVersions":">=2.2.0,<=2.3.4|>=2.0.0,<=2.1.5|<=1.29.6|>=3.0.0,<3.7.0"},{"advisoryId":"PKSA-7jd6-nb49-bz4v","affectedVersions":">=2.2.0,<=2.3.4|>=2.0.0,<=2.1.5|<=1.29.6|>=3.0.0,<3.7.0"},{"advisoryId":"PKSA-jw5c-q9nd-tzj9","affectedVersions":">=2.2.0,<=2.3.4|>=2.0.0,<=2.1.5|<=1.29.6|>=3.0.0,<3.7.0"},{"advisoryId":"PKSA-285y-y5bt-kvd9","affectedVersions":">=2.2.0,<=2.3.4|>=2.0.0,<=2.1.5|<=1.29.6|>=3.0.0,<3.7.0"},{"advisoryId":"PKSA-ybqb-vyrq-8pdt","affectedVersions":">=2.2.0,<=2.3.4|>=2.0.0,<=2.1.5|<=1.29.6|>=3.0.0,<3.7.0"},{"advisoryId":"PKSA-bcnb-9tc9-bjb8","affectedVersions":">=2.2.0,<=2.3.4|>=2.0.0,<=2.1.5|<=1.29.6|>=3.0.0,<3.7.0"},{"advisoryId":"PKSA-dbrb-pvhs-h3st","affectedVersions":">=3.3.0,<3.4.0|>=2.2.0,<2.3.2|>=2.0.0,<2.1.3|<1.29.4"},{"advisoryId":"PKSA-gst3-cdk3-bpqt","affectedVersions":">=3.3.0,<3.4.0|>=2.2.0,<2.3.2|>=2.0.0,<2.1.3|<1.29.4"},{"advisoryId":"PKSA-xk3k-rd1m-pxmg","affectedVersions":">=2.0.0,<2.1.1|<1.29.2|>=2.2.0,<2.3.0"},{"advisoryId":"PKSA-7f9v-sb8k-krfb","affectedVersions":">=2.0.0,<2.1.1|<1.29.2|>=2.2.0,<2.3.0"},{"advisoryId":"PKSA-p1pj-q951-6f1x","affectedVersions":">=2.0.0,<2.1.1|<1.29.2|>=2.2.0,<2.3.0"},{"advisoryId":"PKSA-mkg2-1wyw-57y7","affectedVersions":">=2.0.0,<2.1.1|<1.29.1|>=2.2.0,<2.3.0"},{"advisoryId":"PKSA-dvbq-8ft2-ngrw","affectedVersions":">=2.0.0,<2.1.1|<1.29.2|>=2.2.0,<2.3.0"},{"advisoryId":"PKSA-m4hk-rk8p-4t5p","affectedVersions":"<1.29.1|>=2.0.0,<2.1.0"},{"advisoryId":"PKSA-xp7t-fbrb-qjv4","affectedVersions":">=2.0.0,<2.1.1|>=2.2.0,<2.2.1|<1.29.1"},{"advisoryId":"PKSA-xgcn-ywd7-3wqn","affectedVersions":"<1.16.0"},{"advisoryId":"PKSA-zdkr-vbc6-f2vy","affectedVersions":"<1.8.0"},{"advisoryId":"PKSA-v15t-c7gz-7kpt","affectedVersions":"<=1.5.0"}],"last-modified":"Thu, 17 Apr 2025 02:58:45 GMT"}