{"minified":"composer/2.0","packages":{"intervention/image":[{"name":"intervention/image","description":"PHP image manipulation","keywords":["image","thumbnail","resize","gd","imagick","watermark"],"homepage":"https://image.intervention.io/","version":"3.11.2","version_normalized":"3.11.2.0","license":["MIT"],"authors":[{"name":"Oliver Vogel","email":"oliver@intervention.io","homepage":"https://intervention.io/"}],"source":{"url":"https://github.com/Intervention/image.git","type":"git","reference":"ebbb711871fb261c064cf4c422f5f3c124fe1842"},"dist":{"url":"https://api.github.com/repos/Intervention/image/zipball/ebbb711871fb261c064cf4c422f5f3c124fe1842","type":"zip","shasum":"","reference":"ebbb711871fb261c064cf4c422f5f3c124fe1842"},"type":"library","support":{"issues":"https://github.com/Intervention/image/issues","source":"https://github.com/Intervention/image/tree/3.11.2"},"funding":[{"url":"https://paypal.me/interventionio","type":"custom"},{"url":"https://github.com/Intervention","type":"github"},{"url":"https://ko-fi.com/interventionphp","type":"ko_fi"}],"time":"2025-02-27T13:08:55+00:00","autoload":{"psr-4":{"Intervention\\Image\\":"src"}},"require":{"php":"^8.1","ext-mbstring":"*","intervention/gif":"^4.2"},"require-dev":{"phpunit/phpunit":"^10.0 || ^11.0 || ^12.0","mockery/mockery":"^1.6","phpstan/phpstan":"^2.1","squizlabs/php_codesniffer":"^3.8","slevomat/coding-standard":"~8.0"},"suggest":{"ext-exif":"Recommended to be able to read EXIF data properly."}},{"version":"3.11.1","version_normalized":"3.11.1.0","source":{"url":"https://github.com/Intervention/image.git","type":"git","reference":"0f87254688e480fbb521e2a1ac6c11c784ca41af"},"dist":{"url":"https://api.github.com/repos/Intervention/image/zipball/0f87254688e480fbb521e2a1ac6c11c784ca41af","type":"zip","shasum":"","reference":"0f87254688e480fbb521e2a1ac6c11c784ca41af"},"support":{"issues":"https://github.com/Intervention/image/issues","source":"https://github.com/Intervention/image/tree/3.11.1"},"time":"2025-02-01T07:28:26+00:00","require-dev":{"phpunit/phpunit":"^10.0 || ^11.0","mockery/mockery":"^1.6","phpstan/phpstan":"^2.1","squizlabs/php_codesniffer":"^3.8","slevomat/coding-standard":"~8.0"}},{"version":"3.11.0","version_normalized":"3.11.0.0","source":{"url":"https://github.com/Intervention/image.git","type":"git","reference":"6b9ce4fc4485d30117e13935b25bc55a8b894a79"},"dist":{"url":"https://api.github.com/repos/Intervention/image/zipball/6b9ce4fc4485d30117e13935b25bc55a8b894a79","type":"zip","shasum":"","reference":"6b9ce4fc4485d30117e13935b25bc55a8b894a79"},"support":{"issues":"https://github.com/Intervention/image/issues","source":"https://github.com/Intervention/image/tree/3.11.0"},"time":"2025-01-18T15:42:14+00:00"},{"version":"3.10.2","version_normalized":"3.10.2.0","source":{"url":"https://github.com/Intervention/image.git","type":"git","reference":"1c68e5fdf443374f3580c5b920a7f177eccdab85"},"dist":{"url":"https://api.github.com/repos/Intervention/image/zipball/1c68e5fdf443374f3580c5b920a7f177eccdab85","type":"zip","shasum":"","reference":"1c68e5fdf443374f3580c5b920a7f177eccdab85"},"support":{"issues":"https://github.com/Intervention/image/issues","source":"https://github.com/Intervention/image/tree/3.10.2"},"time":"2025-01-04T07:31:37+00:00","require-dev":{"phpunit/phpunit":"^10.0 || ^11.0","mockery/mockery":"^1.6","phpstan/phpstan":"^2","squizlabs/php_codesniffer":"^3.8","slevomat/coding-standard":"~8.0"}},{"version":"3.10.1","version_normalized":"3.10.1.0","source":{"url":"https://github.com/Intervention/image.git","type":"git","reference":"8230387f14d5727745934673ebe70fdbe161f581"},"dist":{"url":"https://api.github.com/repos/Intervention/image/zipball/8230387f14d5727745934673ebe70fdbe161f581","type":"zip","shasum":"","reference":"8230387f14d5727745934673ebe70fdbe161f581"},"support":{"issues":"https://github.com/Intervention/image/issues","source":"https://github.com/Intervention/image/tree/3.10.1"},"time":"2024-12-27T14:53:08+00:00"},{"version":"3.10.0","version_normalized":"3.10.0.0","source":{"url":"https://github.com/Intervention/image.git","type":"git","reference":"1ddc9a096b3a641958515700e09be910bf03a5bd"},"dist":{"url":"https://api.github.com/repos/Intervention/image/zipball/1ddc9a096b3a641958515700e09be910bf03a5bd","type":"zip","shasum":"","reference":"1ddc9a096b3a641958515700e09be910bf03a5bd"},"support":{"issues":"https://github.com/Intervention/image/issues","source":"https://github.com/Intervention/image/tree/3.10.0"},"time":"2024-12-21T07:41:40+00:00"},{"version":"3.9.1","version_normalized":"3.9.1.0","source":{"url":"https://github.com/Intervention/image.git","type":"git","reference":"b496d1f6b9f812f96166623358dfcafb8c3b1683"},"dist":{"url":"https://api.github.com/repos/Intervention/image/zipball/b496d1f6b9f812f96166623358dfcafb8c3b1683","type":"zip","shasum":"","reference":"b496d1f6b9f812f96166623358dfcafb8c3b1683"},"support":{"issues":"https://github.com/Intervention/image/issues","source":"https://github.com/Intervention/image/tree/3.9.1"},"time":"2024-10-27T10:15:54+00:00","require-dev":{"phpunit/phpunit":"^10.0","mockery/mockery":"^1.6","phpstan/phpstan":"^1","squizlabs/php_codesniffer":"^3.8","slevomat/coding-standard":"~8.0"}},{"version":"3.9.0","version_normalized":"3.9.0.0","source":{"url":"https://github.com/Intervention/image.git","type":"git","reference":"1e0a2b6d767ef22a095924c6bcb2981da6de6f1e"},"dist":{"url":"https://api.github.com/repos/Intervention/image/zipball/1e0a2b6d767ef22a095924c6bcb2981da6de6f1e","type":"zip","shasum":"","reference":"1e0a2b6d767ef22a095924c6bcb2981da6de6f1e"},"support":{"issues":"https://github.com/Intervention/image/issues","source":"https://github.com/Intervention/image/tree/3.9.0"},"time":"2024-10-06T15:37:56+00:00"},{"version":"3.8.0","version_normalized":"3.8.0.0","source":{"url":"https://github.com/Intervention/image.git","type":"git","reference":"1786ad5e1789050939d73cd195de4b8eaeeb34ed"},"dist":{"url":"https://api.github.com/repos/Intervention/image/zipball/1786ad5e1789050939d73cd195de4b8eaeeb34ed","type":"zip","shasum":"","reference":"1786ad5e1789050939d73cd195de4b8eaeeb34ed"},"support":{"issues":"https://github.com/Intervention/image/issues","source":"https://github.com/Intervention/image/tree/3.8.0"},"time":"2024-08-16T14:57:26+00:00","require":{"php":"^8.1","ext-mbstring":"*","intervention/gif":"^4.1"}},{"version":"3.7.2","version_normalized":"3.7.2.0","source":{"url":"https://github.com/Intervention/image.git","type":"git","reference":"5451ff9f909c2fc836722e5ed6831b9f9a6db68c"},"dist":{"url":"https://api.github.com/repos/Intervention/image/zipball/5451ff9f909c2fc836722e5ed6831b9f9a6db68c","type":"zip","shasum":"","reference":"5451ff9f909c2fc836722e5ed6831b9f9a6db68c"},"support":{"issues":"https://github.com/Intervention/image/issues","source":"https://github.com/Intervention/image/tree/3.7.2"},"funding":[{"url":"https://paypal.me/interventionio","type":"custom"},{"url":"https://github.com/Intervention","type":"github"}],"time":"2024-07-05T13:35:01+00:00"},{"version":"3.7.1","version_normalized":"3.7.1.0","source":{"url":"https://github.com/Intervention/image.git","type":"git","reference":"137bdb356aacc01409d22aee3f0904497616cf3c"},"dist":{"url":"https://api.github.com/repos/Intervention/image/zipball/137bdb356aacc01409d22aee3f0904497616cf3c","type":"zip","shasum":"","reference":"137bdb356aacc01409d22aee3f0904497616cf3c"},"support":{"issues":"https://github.com/Intervention/image/issues","source":"https://github.com/Intervention/image/tree/3.7.1"},"time":"2024-06-29T07:51:20+00:00"},{"version":"3.7.0","version_normalized":"3.7.0.0","source":{"url":"https://github.com/Intervention/image.git","type":"git","reference":"6bfd3dd1d430c5224c728dc4f8b2fdc757b5eaf5"},"dist":{"url":"https://api.github.com/repos/Intervention/image/zipball/6bfd3dd1d430c5224c728dc4f8b2fdc757b5eaf5","type":"zip","shasum":"","reference":"6bfd3dd1d430c5224c728dc4f8b2fdc757b5eaf5"},"support":{"issues":"https://github.com/Intervention/image/issues","source":"https://github.com/Intervention/image/tree/3.7.0"},"time":"2024-06-13T16:34:59+00:00"},{"version":"3.6.5","version_normalized":"3.6.5.0","source":{"url":"https://github.com/Intervention/image.git","type":"git","reference":"d428433aa74836ab75e8d4a5241628bebb7f4077"},"dist":{"url":"https://api.github.com/repos/Intervention/image/zipball/d428433aa74836ab75e8d4a5241628bebb7f4077","type":"zip","shasum":"","reference":"d428433aa74836ab75e8d4a5241628bebb7f4077"},"support":{"issues":"https://github.com/Intervention/image/issues","source":"https://github.com/Intervention/image/tree/3.6.5"},"time":"2024-06-06T17:15:24+00:00"},{"version":"3.6.4","version_normalized":"3.6.4.0","source":{"url":"https://github.com/Intervention/image.git","type":"git","reference":"193324ec88bc5ad4039e57ce9b926ae28dfde813"},"dist":{"url":"https://api.github.com/repos/Intervention/image/zipball/193324ec88bc5ad4039e57ce9b926ae28dfde813","type":"zip","shasum":"","reference":"193324ec88bc5ad4039e57ce9b926ae28dfde813"},"support":{"issues":"https://github.com/Intervention/image/issues","source":"https://github.com/Intervention/image/tree/3.6.4"},"time":"2024-05-08T13:53:15+00:00"},{"version":"3.6.3","version_normalized":"3.6.3.0","source":{"url":"https://github.com/Intervention/image.git","type":"git","reference":"2dbfb53bf8909257e710cf6091d10a9ca7500742"},"dist":{"url":"https://api.github.com/repos/Intervention/image/zipball/2dbfb53bf8909257e710cf6091d10a9ca7500742","type":"zip","shasum":"","reference":"2dbfb53bf8909257e710cf6091d10a9ca7500742"},"support":{"issues":"https://github.com/Intervention/image/issues","source":"https://github.com/Intervention/image/tree/3.6.3"},"time":"2024-05-02T09:03:18+00:00"},{"version":"3.6.2","version_normalized":"3.6.2.0","source":{"url":"https://github.com/Intervention/image.git","type":"git","reference":"8e00dd330ff8ef944492037c5dd17da00b85daa6"},"dist":{"url":"https://api.github.com/repos/Intervention/image/zipball/8e00dd330ff8ef944492037c5dd17da00b85daa6","type":"zip","shasum":"","reference":"8e00dd330ff8ef944492037c5dd17da00b85daa6"},"support":{"issues":"https://github.com/Intervention/image/issues","source":"https://github.com/Intervention/image/tree/3.6.2"},"time":"2024-04-26T15:29:43+00:00"},{"version":"3.6.1","version_normalized":"3.6.1.0","source":{"url":"https://github.com/Intervention/image.git","type":"git","reference":"33cbb217a00926149d96ed9e794100d8f8b53263"},"dist":{"url":"https://api.github.com/repos/Intervention/image/zipball/33cbb217a00926149d96ed9e794100d8f8b53263","type":"zip","shasum":"","reference":"33cbb217a00926149d96ed9e794100d8f8b53263"},"support":{"issues":"https://github.com/Intervention/image/issues","source":"https://github.com/Intervention/image/tree/3.6.1"},"time":"2024-04-23T14:17:12+00:00"},{"version":"3.6.0","version_normalized":"3.6.0.0","source":{"url":"https://github.com/Intervention/image.git","type":"git","reference":"e9227300192f9df789fa300aeabb969e4e56d270"},"dist":{"url":"https://api.github.com/repos/Intervention/image/zipball/e9227300192f9df789fa300aeabb969e4e56d270","type":"zip","shasum":"","reference":"e9227300192f9df789fa300aeabb969e4e56d270"},"support":{"issues":"https://github.com/Intervention/image/issues","source":"https://github.com/Intervention/image/tree/3.6.0"},"time":"2024-04-17T14:01:15+00:00"},{"version":"3.5.1","version_normalized":"3.5.1.0","source":{"url":"https://github.com/Intervention/image.git","type":"git","reference":"67be90e5700370c88833190d4edc07e4bb7d157b"},"dist":{"url":"https://api.github.com/repos/Intervention/image/zipball/67be90e5700370c88833190d4edc07e4bb7d157b","type":"zip","shasum":"","reference":"67be90e5700370c88833190d4edc07e4bb7d157b"},"support":{"issues":"https://github.com/Intervention/image/issues","source":"https://github.com/Intervention/image/tree/3.5.1"},"time":"2024-03-22T07:12:19+00:00","require":{"php":"^8.1","ext-mbstring":"*","intervention/gif":"^4.0.1"}},{"version":"3.5.0","version_normalized":"3.5.0.0","source":{"url":"https://github.com/Intervention/image.git","type":"git","reference":"408d3655c7705339e8c79731ea7efb51546cfa10"},"dist":{"url":"https://api.github.com/repos/Intervention/image/zipball/408d3655c7705339e8c79731ea7efb51546cfa10","type":"zip","shasum":"","reference":"408d3655c7705339e8c79731ea7efb51546cfa10"},"support":{"issues":"https://github.com/Intervention/image/issues","source":"https://github.com/Intervention/image/tree/3.5.0"},"time":"2024-03-13T16:26:15+00:00"},{"version":"3.4.0","version_normalized":"3.4.0.0","source":{"url":"https://github.com/Intervention/image.git","type":"git","reference":"fe1b0e2e64157133322974c28b44c25c2770a0c5"},"dist":{"url":"https://api.github.com/repos/Intervention/image/zipball/fe1b0e2e64157133322974c28b44c25c2770a0c5","type":"zip","shasum":"","reference":"fe1b0e2e64157133322974c28b44c25c2770a0c5"},"support":{"issues":"https://github.com/Intervention/image/issues","source":"https://github.com/Intervention/image/tree/3.4.0"},"time":"2024-02-14T15:11:21+00:00","require-dev":{"phpunit/phpunit":"^9","mockery/mockery":"^1.6","phpstan/phpstan":"^1","squizlabs/php_codesniffer":"^3.8","slevomat/coding-standard":"~8.0"}},{"version":"3.3.3","version_normalized":"3.3.3.0","source":{"url":"https://github.com/Intervention/image.git","type":"git","reference":"ad8058f5be94110d72d44958a5e5f4a0705c7471"},"dist":{"url":"https://api.github.com/repos/Intervention/image/zipball/ad8058f5be94110d72d44958a5e5f4a0705c7471","type":"zip","shasum":"","reference":"ad8058f5be94110d72d44958a5e5f4a0705c7471"},"support":{"issues":"https://github.com/Intervention/image/issues","source":"https://github.com/Intervention/image/tree/3.3.3"},"time":"2024-02-02T15:08:10+00:00"},{"version":"3.3.2","version_normalized":"3.3.2.0","source":{"url":"https://github.com/Intervention/image.git","type":"git","reference":"8494cc91e3906e36ca58acc3dfe70fa331520b88"},"dist":{"url":"https://api.github.com/repos/Intervention/image/zipball/8494cc91e3906e36ca58acc3dfe70fa331520b88","type":"zip","shasum":"","reference":"8494cc91e3906e36ca58acc3dfe70fa331520b88"},"support":{"issues":"https://github.com/Intervention/image/issues","source":"https://github.com/Intervention/image/tree/3.3.2"},"time":"2024-01-27T19:34:18+00:00","require-dev":{"phpunit/phpunit":"^9","mockery/mockery":"^1.6","phpstan/phpstan":"^1","squizlabs/php_codesniffer":"^3.8"}},{"version":"3.3.1","version_normalized":"3.3.1.0","source":{"url":"https://github.com/Intervention/image.git","type":"git","reference":"fd09f59b09b3f1ee9ad90a893230781f03d1e33d"},"dist":{"url":"https://api.github.com/repos/Intervention/image/zipball/fd09f59b09b3f1ee9ad90a893230781f03d1e33d","type":"zip","shasum":"","reference":"fd09f59b09b3f1ee9ad90a893230781f03d1e33d"},"support":{"issues":"https://github.com/Intervention/image/issues","source":"https://github.com/Intervention/image/tree/3.3.1"},"time":"2024-01-22T17:56:18+00:00","require":{"php":"^8.1","ext-mbstring":"*","intervention/gif":"^4"}},{"version":"3.3.0","version_normalized":"3.3.0.0","source":{"url":"https://github.com/Intervention/image.git","type":"git","reference":"d37e47ba5fa0844a146dbdfee75b1b29f5eb5324"},"dist":{"url":"https://api.github.com/repos/Intervention/image/zipball/d37e47ba5fa0844a146dbdfee75b1b29f5eb5324","type":"zip","shasum":"","reference":"d37e47ba5fa0844a146dbdfee75b1b29f5eb5324"},"support":{"issues":"https://github.com/Intervention/image/issues","source":"https://github.com/Intervention/image/tree/3.3.0"},"time":"2024-01-20T08:50:30+00:00"},{"version":"3.2.4","version_normalized":"3.2.4.0","source":{"url":"https://github.com/Intervention/image.git","type":"git","reference":"e04c51b367fad2b010758e74528041484cd8d2f7"},"dist":{"url":"https://api.github.com/repos/Intervention/image/zipball/e04c51b367fad2b010758e74528041484cd8d2f7","type":"zip","shasum":"","reference":"e04c51b367fad2b010758e74528041484cd8d2f7"},"support":{"issues":"https://github.com/Intervention/image/issues","source":"https://github.com/Intervention/image/tree/3.2.4"},"time":"2024-01-14T07:47:00+00:00","require-dev":{"phpunit/phpunit":"^9","mockery/mockery":"^1.6","phpstan/phpstan":"^1"}},{"version":"3.2.3","version_normalized":"3.2.3.0","source":{"url":"https://github.com/Intervention/image.git","type":"git","reference":"72680e81388bba766cef9db42943ff7d152a6d84"},"dist":{"url":"https://api.github.com/repos/Intervention/image/zipball/72680e81388bba766cef9db42943ff7d152a6d84","type":"zip","shasum":"","reference":"72680e81388bba766cef9db42943ff7d152a6d84"},"support":{"issues":"https://github.com/Intervention/image/issues","source":"https://github.com/Intervention/image/tree/3.2.3"},"time":"2024-01-08T09:53:13+00:00","suggest":"__unset"},{"version":"3.2.2","version_normalized":"3.2.2.0","source":{"url":"https://github.com/Intervention/image.git","type":"git","reference":"71bb0e3449bbbfdf47a0d0f2860af7e5e90428e6"},"dist":{"url":"https://api.github.com/repos/Intervention/image/zipball/71bb0e3449bbbfdf47a0d0f2860af7e5e90428e6","type":"zip","shasum":"","reference":"71bb0e3449bbbfdf47a0d0f2860af7e5e90428e6"},"support":{"issues":"https://github.com/Intervention/image/issues","source":"https://github.com/Intervention/image/tree/3.2.2"},"time":"2024-01-07T09:11:20+00:00"},{"version":"3.2.1","version_normalized":"3.2.1.0","source":{"url":"https://github.com/Intervention/image.git","type":"git","reference":"3f96a8f752f4db17cde0a152891bc332ea9aa28d"},"dist":{"url":"https://api.github.com/repos/Intervention/image/zipball/3f96a8f752f4db17cde0a152891bc332ea9aa28d","type":"zip","shasum":"","reference":"3f96a8f752f4db17cde0a152891bc332ea9aa28d"},"support":{"issues":"https://github.com/Intervention/image/issues","source":"https://github.com/Intervention/image/tree/3.2.1"},"time":"2023-12-30T20:10:28+00:00","require":{"php":"^8.1","ext-mbstring":"*","intervention/gif":"^3"}},{"version":"3.2.0","version_normalized":"3.2.0.0","source":{"url":"https://github.com/Intervention/image.git","type":"git","reference":"dcedead709149720ceb1977f2e061167d79ae171"},"dist":{"url":"https://api.github.com/repos/Intervention/image/zipball/dcedead709149720ceb1977f2e061167d79ae171","type":"zip","shasum":"","reference":"dcedead709149720ceb1977f2e061167d79ae171"},"support":{"issues":"https://github.com/Intervention/image/issues","source":"https://github.com/Intervention/image/tree/3.2.0"},"time":"2023-12-23T16:36:10+00:00"},{"version":"3.1.0","version_normalized":"3.1.0.0","source":{"url":"https://github.com/Intervention/image.git","type":"git","reference":"3de73efee5b1f96355f4d3ff4103411527a7cfb6"},"dist":{"url":"https://api.github.com/repos/Intervention/image/zipball/3de73efee5b1f96355f4d3ff4103411527a7cfb6","type":"zip","shasum":"","reference":"3de73efee5b1f96355f4d3ff4103411527a7cfb6"},"support":{"issues":"https://github.com/Intervention/image/issues","source":"https://github.com/Intervention/image/tree/3.1.0"},"time":"2023-12-16T14:21:10+00:00"},{"version":"3.0.2","version_normalized":"3.0.2.0","source":{"url":"https://github.com/Intervention/image.git","type":"git","reference":"ac9734129478be387c1914f1c2856d623341128c"},"dist":{"url":"https://api.github.com/repos/Intervention/image/zipball/ac9734129478be387c1914f1c2856d623341128c","type":"zip","shasum":"","reference":"ac9734129478be387c1914f1c2856d623341128c"},"support":{"issues":"https://github.com/Intervention/image/issues","source":"https://github.com/Intervention/image/tree/3.0.2"},"time":"2023-12-14T13:17:13+00:00"},{"version":"3.0.1","version_normalized":"3.0.1.0","source":{"url":"https://github.com/Intervention/image.git","type":"git","reference":"f17fe7bb54ec18d75588f527052069a6e9b5d720"},"dist":{"url":"https://api.github.com/repos/Intervention/image/zipball/f17fe7bb54ec18d75588f527052069a6e9b5d720","type":"zip","shasum":"","reference":"f17fe7bb54ec18d75588f527052069a6e9b5d720"},"support":{"issues":"https://github.com/Intervention/image/issues","source":"https://github.com/Intervention/image/tree/3.0.1"},"time":"2023-12-09T10:10:43+00:00"},{"version":"3.0.0","version_normalized":"3.0.0.0","source":{"url":"https://github.com/Intervention/image.git","type":"git","reference":"4c1938f0d35e59bf90ba9fef04f375c503516bfd"},"dist":{"url":"https://api.github.com/repos/Intervention/image/zipball/4c1938f0d35e59bf90ba9fef04f375c503516bfd","type":"zip","shasum":"","reference":"4c1938f0d35e59bf90ba9fef04f375c503516bfd"},"support":{"issues":"https://github.com/Intervention/image/issues","source":"https://github.com/Intervention/image/tree/3.0.0"},"time":"2023-12-08T13:57:00+00:00","require":{"php":"^8.1","intervention/gif":"^3"}},{"version":"3.0.0-rc.2","version_normalized":"3.0.0.0-RC2","source":{"url":"https://github.com/Intervention/image.git","type":"git","reference":"714f5142507c48ea9bc4e8e6565692d651b5ea24"},"dist":{"url":"https://api.github.com/repos/Intervention/image/zipball/714f5142507c48ea9bc4e8e6565692d651b5ea24","type":"zip","shasum":"","reference":"714f5142507c48ea9bc4e8e6565692d651b5ea24"},"support":{"issues":"https://github.com/Intervention/image/issues","source":"https://github.com/Intervention/image/tree/3.0.0-rc.2"},"time":"2023-12-02T11:49:10+00:00"},{"version":"3.0.0-rc.1","version_normalized":"3.0.0.0-RC1","source":{"url":"https://github.com/Intervention/image.git","type":"git","reference":"81b95db65e0fea068308e21ff60321c677b16a39"},"dist":{"url":"https://api.github.com/repos/Intervention/image/zipball/81b95db65e0fea068308e21ff60321c677b16a39","type":"zip","shasum":"","reference":"81b95db65e0fea068308e21ff60321c677b16a39"},"support":{"issues":"https://github.com/Intervention/image/issues","source":"https://github.com/Intervention/image/tree/3.0.0-rc.1"},"time":"2023-11-27T18:56:33+00:00","require":{"php":"^8.1","intervention/gif":"^3.0"}},{"version":"3.0.0-beta.11","version_normalized":"3.0.0.0-beta11","source":{"url":"https://github.com/Intervention/image.git","type":"git","reference":"b1eee25bfb7025c3652e24d613041cad4467ea65"},"dist":{"url":"https://api.github.com/repos/Intervention/image/zipball/b1eee25bfb7025c3652e24d613041cad4467ea65","type":"zip","shasum":"","reference":"b1eee25bfb7025c3652e24d613041cad4467ea65"},"support":{"issues":"https://github.com/Intervention/image/issues","source":"https://github.com/Intervention/image/tree/3.0.0-beta.11"},"time":"2023-11-12T10:54:17+00:00"},{"version":"3.0.0-beta.10","version_normalized":"3.0.0.0-beta10","source":{"url":"https://github.com/Intervention/image.git","type":"git","reference":"8b8bcb0d9cca039436b3cfe75de83ec8d7cf2c3d"},"dist":{"url":"https://api.github.com/repos/Intervention/image/zipball/8b8bcb0d9cca039436b3cfe75de83ec8d7cf2c3d","type":"zip","shasum":"","reference":"8b8bcb0d9cca039436b3cfe75de83ec8d7cf2c3d"},"support":{"issues":"https://github.com/Intervention/image/issues","source":"https://github.com/Intervention/image/tree/3.0.0-beta.10"},"time":"2023-11-12T10:32:08+00:00"},{"version":"3.0.0-beta.9","version_normalized":"3.0.0.0-beta9","source":{"url":"https://github.com/Intervention/image.git","type":"git","reference":"a445ef39550968038964490831319232debe1899"},"dist":{"url":"https://api.github.com/repos/Intervention/image/zipball/a445ef39550968038964490831319232debe1899","type":"zip","shasum":"","reference":"a445ef39550968038964490831319232debe1899"},"support":{"issues":"https://github.com/Intervention/image/issues","source":"https://github.com/Intervention/image/tree/3.0.0-beta.9"},"time":"2023-10-27T14:09:49+00:00","require":{"php":"^8.1","intervention/gif":"^3.0","intervention/mimesniffer":"^0.5"}},{"version":"3.0.0-beta.8","version_normalized":"3.0.0.0-beta8","source":{"url":"https://github.com/Intervention/image.git","type":"git","reference":"6d744bf30223398a4627aab1f2a671a02dfcda23"},"dist":{"url":"https://api.github.com/repos/Intervention/image/zipball/6d744bf30223398a4627aab1f2a671a02dfcda23","type":"zip","shasum":"","reference":"6d744bf30223398a4627aab1f2a671a02dfcda23"},"support":{"issues":"https://github.com/Intervention/image/issues","source":"https://github.com/Intervention/image/tree/3.0.0-beta.8"},"time":"2023-10-23T13:55:10+00:00"},{"version":"3.0.0-beta.7","version_normalized":"3.0.0.0-beta7","source":{"url":"https://github.com/Intervention/image.git","type":"git","reference":"2754da5e6f43e9089ad20f59e55b3eef3617f28c"},"dist":{"url":"https://api.github.com/repos/Intervention/image/zipball/2754da5e6f43e9089ad20f59e55b3eef3617f28c","type":"zip","shasum":"","reference":"2754da5e6f43e9089ad20f59e55b3eef3617f28c"},"support":{"issues":"https://github.com/Intervention/image/issues","source":"https://github.com/Intervention/image/tree/3.0.0-beta.7"},"time":"2023-10-22T14:00:33+00:00"},{"version":"3.0.0-beta.6","version_normalized":"3.0.0.0-beta6","source":{"url":"https://github.com/Intervention/image.git","type":"git","reference":"3401fefa4f04ca8e7db87a31d29ffb9bd615b819"},"dist":{"url":"https://api.github.com/repos/Intervention/image/zipball/3401fefa4f04ca8e7db87a31d29ffb9bd615b819","type":"zip","shasum":"","reference":"3401fefa4f04ca8e7db87a31d29ffb9bd615b819"},"support":{"issues":"https://github.com/Intervention/image/issues","source":"https://github.com/Intervention/image/tree/3.0.0-beta.6"},"time":"2023-10-21T13:15:56+00:00"},{"version":"3.0.0-beta.5","version_normalized":"3.0.0.0-beta5","source":{"url":"https://github.com/Intervention/image.git","type":"git","reference":"625063ca979a906ce15076ef136a62026f08e13f"},"dist":{"url":"https://api.github.com/repos/Intervention/image/zipball/625063ca979a906ce15076ef136a62026f08e13f","type":"zip","shasum":"","reference":"625063ca979a906ce15076ef136a62026f08e13f"},"support":{"issues":"https://github.com/Intervention/image/issues","source":"https://github.com/Intervention/image/tree/3.0.0-beta.5"},"time":"2023-10-21T09:43:09+00:00"},{"keywords":["image","thumbnail","gd","imagick","laravel","watermark"],"version":"3.0.0-beta.4","version_normalized":"3.0.0.0-beta4","source":{"url":"https://github.com/Intervention/image.git","type":"git","reference":"d9f4c2440a5a4c302b144ea24534c4602cfd1a99"},"dist":{"url":"https://api.github.com/repos/Intervention/image/zipball/d9f4c2440a5a4c302b144ea24534c4602cfd1a99","type":"zip","shasum":"","reference":"d9f4c2440a5a4c302b144ea24534c4602cfd1a99"},"support":{"issues":"https://github.com/Intervention/image/issues","source":"https://github.com/Intervention/image/tree/3.0.0-beta.4"},"time":"2023-10-07T08:25:41+00:00","require-dev":{"phpunit/phpunit":"^9","mockery/mockery":"^1.4","phpstan/phpstan":"^1"}},{"version":"3.0.0-beta.3","version_normalized":"3.0.0.0-beta3","source":{"url":"https://github.com/Intervention/image.git","type":"git","reference":"4ff9abd3a0f7cd66ba91853bebd43ae48f1a8a94"},"dist":{"url":"https://api.github.com/repos/Intervention/image/zipball/4ff9abd3a0f7cd66ba91853bebd43ae48f1a8a94","type":"zip","shasum":"","reference":"4ff9abd3a0f7cd66ba91853bebd43ae48f1a8a94"},"support":{"issues":"https://github.com/Intervention/image/issues","source":"https://github.com/Intervention/image/tree/3.0.0-beta.3"},"time":"2023-10-07T07:38:48+00:00"},{"version":"3.0.0-beta.2","version_normalized":"3.0.0.0-beta2","source":{"url":"https://github.com/Intervention/image.git","type":"git","reference":"153725e4f7ad4715dab53116de848a0c293d0aa7"},"dist":{"url":"https://api.github.com/repos/Intervention/image/zipball/153725e4f7ad4715dab53116de848a0c293d0aa7","type":"zip","shasum":"","reference":"153725e4f7ad4715dab53116de848a0c293d0aa7"},"support":{"issues":"https://github.com/Intervention/image/issues","source":"https://github.com/Intervention/image/tree/3.0.0-beta.2"},"time":"2023-10-06T14:27:02+00:00"},{"version":"3.0.0-beta.1","version_normalized":"3.0.0.0-beta1","source":{"url":"https://github.com/Intervention/image.git","type":"git","reference":"f15a30932c64fb87955e5db36433a5c3d2cfbf33"},"dist":{"url":"https://api.github.com/repos/Intervention/image/zipball/f15a30932c64fb87955e5db36433a5c3d2cfbf33","type":"zip","shasum":"","reference":"f15a30932c64fb87955e5db36433a5c3d2cfbf33"},"support":{"issues":"https://github.com/Intervention/image/issues","source":"https://github.com/Intervention/image/tree/3.0.0-beta.1"},"time":"2023-10-05T15:54:19+00:00"},{"version":"3.0.0-alpha.8","version_normalized":"3.0.0.0-alpha8","source":{"url":"https://github.com/Intervention/image.git","type":"git","reference":"764c6f3843e4a66b1e2e259a7fb2d43de65e47a4"},"dist":{"url":"https://api.github.com/repos/Intervention/image/zipball/764c6f3843e4a66b1e2e259a7fb2d43de65e47a4","type":"zip","shasum":"","reference":"764c6f3843e4a66b1e2e259a7fb2d43de65e47a4"},"support":{"issues":"https://github.com/Intervention/image/issues","source":"https://github.com/Intervention/image/tree/3.0.0-alpha.8"},"time":"2023-10-01T07:59:05+00:00","require":{"php":"^8.1","intervention/gif":"^3.0","intervention/mimesniffer":"^0.4.2"}},{"version":"3.0.0-alpha.7","version_normalized":"3.0.0.0-alpha7","source":{"url":"https://github.com/Intervention/image.git","type":"git","reference":"af9fea016ae6255bc13eab2cce9dbec1d6aefcb2"},"dist":{"url":"https://api.github.com/repos/Intervention/image/zipball/af9fea016ae6255bc13eab2cce9dbec1d6aefcb2","type":"zip","shasum":"","reference":"af9fea016ae6255bc13eab2cce9dbec1d6aefcb2"},"support":{"issues":"https://github.com/Intervention/image/issues","source":"https://github.com/Intervention/image/tree/3.0.0-alpha.7"},"time":"2023-09-29T14:22:40+00:00"},{"version":"3.0.0-alpha.6","version_normalized":"3.0.0.0-alpha6","source":{"url":"https://github.com/Intervention/image.git","type":"git","reference":"84d46278f75a8fa7e36883340207bd3253c9928c"},"dist":{"url":"https://api.github.com/repos/Intervention/image/zipball/84d46278f75a8fa7e36883340207bd3253c9928c","type":"zip","shasum":"","reference":"84d46278f75a8fa7e36883340207bd3253c9928c"},"support":{"issues":"https://github.com/Intervention/image/issues","source":"https://github.com/Intervention/image/tree/3.0.0-alpha.6"},"time":"2023-09-28T15:48:25+00:00"},{"version":"3.0.0-alpha.5","version_normalized":"3.0.0.0-alpha5","source":{"url":"https://github.com/Intervention/image.git","type":"git","reference":"996560fff28272470e71139df547198d21a61f78"},"dist":{"url":"https://api.github.com/repos/Intervention/image/zipball/996560fff28272470e71139df547198d21a61f78","type":"zip","shasum":"","reference":"996560fff28272470e71139df547198d21a61f78"},"support":{"issues":"https://github.com/Intervention/image/issues","source":"https://github.com/Intervention/image/tree/3.0.0-alpha.5"},"time":"2022-08-12T17:16:27+00:00","require":{"php":"^8","intervention/gif":"^3.0","intervention/mimesniffer":"^0.4.2"}},{"version":"3.0.0-alpha.4","version_normalized":"3.0.0.0-alpha4","source":{"url":"https://github.com/Intervention/image.git","type":"git","reference":"b80b0976150b1b54bb85225a09a3f5d20d392225"},"dist":{"url":"https://api.github.com/repos/Intervention/image/zipball/b80b0976150b1b54bb85225a09a3f5d20d392225","type":"zip","shasum":"","reference":"b80b0976150b1b54bb85225a09a3f5d20d392225"},"support":{"issues":"https://github.com/Intervention/image/issues","source":"https://github.com/Intervention/image/tree/3.0.0-alpha.4"},"time":"2022-07-05T17:54:11+00:00"},{"homepage":"http://image.intervention.io/","version":"3.0.0-alpha.3","version_normalized":"3.0.0.0-alpha3","authors":[{"name":"Oliver Vogel","email":"oliver@olivervogel.com","homepage":"http://intervention.io/"}],"source":{"url":"https://github.com/Intervention/image.git","type":"git","reference":"87267764b9d3f067419316fc06cf0f2e30bfcb6f"},"dist":{"url":"https://api.github.com/repos/Intervention/image/zipball/87267764b9d3f067419316fc06cf0f2e30bfcb6f","type":"zip","shasum":"","reference":"87267764b9d3f067419316fc06cf0f2e30bfcb6f"},"support":{"issues":"https://github.com/Intervention/image/issues","source":"https://github.com/Intervention/image/tree/3.0.0-alpha.3"},"funding":[{"url":"https://www.paypal.me/interventionphp","type":"custom"},{"url":"https://github.com/Intervention","type":"github"}],"time":"2022-01-02T09:25:40+00:00","require-dev":{"phpunit/phpunit":"^9","mockery/mockery":"^1.4"}},{"version":"3.0.0-alpha.2","version_normalized":"3.0.0.0-alpha2","source":{"url":"https://github.com/Intervention/image.git","type":"git","reference":"d47e83fc0ed7b47f3c3512732ab95fcd5bd7228b"},"dist":{"url":"https://api.github.com/repos/Intervention/image/zipball/d47e83fc0ed7b47f3c3512732ab95fcd5bd7228b","type":"zip","shasum":"","reference":"d47e83fc0ed7b47f3c3512732ab95fcd5bd7228b"},"support":{"issues":"https://github.com/Intervention/image/issues","source":"https://github.com/Intervention/image/tree/3.0.0-alpha.2"},"time":"2022-01-02T09:21:10+00:00"},{"version":"3.0.0-alpha.1","version_normalized":"3.0.0.0-alpha1","source":{"url":"https://github.com/Intervention/image.git","type":"git","reference":"89ca4cc7b421cb4f1553c4c9c5c4ebd0ffac435b"},"dist":{"url":"https://api.github.com/repos/Intervention/image/zipball/89ca4cc7b421cb4f1553c4c9c5c4ebd0ffac435b","type":"zip","shasum":"","reference":"89ca4cc7b421cb4f1553c4c9c5c4ebd0ffac435b"},"support":{"issues":"https://github.com/Intervention/image/issues","source":"https://github.com/Intervention/image/tree/3.0.0-alpha.1"},"time":"2021-12-20T18:47:55+00:00","require":{"php":"^8","intervention/gif":"dev-master","intervention/mimesniffer":"^0.4.2"}},{"description":"Image handling and manipulation library with support for Laravel integration","version":"2.7.2","version_normalized":"2.7.2.0","authors":[{"name":"Oliver Vogel","email":"oliver@intervention.io","homepage":"https://intervention.io/"}],"source":{"url":"https://github.com/Intervention/image.git","type":"git","reference":"04be355f8d6734c826045d02a1079ad658322dad"},"dist":{"url":"https://api.github.com/repos/Intervention/image/zipball/04be355f8d6734c826045d02a1079ad658322dad","type":"zip","shasum":"","reference":"04be355f8d6734c826045d02a1079ad658322dad"},"support":{"issues":"https://github.com/Intervention/image/issues","source":"https://github.com/Intervention/image/tree/2.7.2"},"funding":[{"url":"https://paypal.me/interventionio","type":"custom"},{"url":"https://github.com/Intervention","type":"github"}],"time":"2022-05-21T17:30:32+00:00","autoload":{"psr-4":{"Intervention\\Image\\":"src/Intervention/Image"}},"extra":{"laravel":{"aliases":{"Image":"Intervention\\Image\\Facades\\Image"},"providers":["Intervention\\Image\\ImageServiceProvider"]},"branch-alias":{"dev-master":"2.4-dev"}},"require":{"php":">=5.4.0","ext-fileinfo":"*","guzzlehttp/psr7":"~1.1 || ^2.0"},"require-dev":{"phpunit/phpunit":"^4.8 || ^5.7 || ^7.5.15","mockery/mockery":"~0.9.2"},"suggest":{"ext-gd":"to use GD library based image processing.","ext-imagick":"to use Imagick based image processing.","intervention/imagecache":"Caching extension for the Intervention Image library"}},{"version":"2.7.1","version_normalized":"2.7.1.0","authors":[{"name":"Oliver Vogel","email":"oliver@olivervogel.com","homepage":"http://olivervogel.com/"}],"source":{"url":"https://github.com/Intervention/image.git","type":"git","reference":"744ebba495319501b873a4e48787759c72e3fb8c"},"dist":{"url":"https://api.github.com/repos/Intervention/image/zipball/744ebba495319501b873a4e48787759c72e3fb8c","type":"zip","shasum":"","reference":"744ebba495319501b873a4e48787759c72e3fb8c"},"support":{"issues":"https://github.com/Intervention/image/issues","source":"https://github.com/Intervention/image/tree/2.7.1"},"funding":[{"url":"https://www.paypal.me/interventionphp","type":"custom"},{"url":"https://github.com/Intervention","type":"github"}],"time":"2021-12-16T16:49:26+00:00"},{"version":"2.7.0","version_normalized":"2.7.0.0","source":{"url":"https://github.com/Intervention/image.git","type":"git","reference":"9a8cc99d30415ec0b3f7649e1647d03a55698545"},"dist":{"url":"https://api.github.com/repos/Intervention/image/zipball/9a8cc99d30415ec0b3f7649e1647d03a55698545","type":"zip","shasum":"","reference":"9a8cc99d30415ec0b3f7649e1647d03a55698545"},"support":{"issues":"https://github.com/Intervention/image/issues","source":"https://github.com/Intervention/image/tree/2.7.0"},"time":"2021-10-03T14:17:12+00:00"},{"version":"2.6.1","version_normalized":"2.6.1.0","source":{"url":"https://github.com/Intervention/image.git","type":"git","reference":"0925f10b259679b5d8ca58f3a2add9255ffcda45"},"dist":{"url":"https://api.github.com/repos/Intervention/image/zipball/0925f10b259679b5d8ca58f3a2add9255ffcda45","type":"zip","shasum":"","reference":"0925f10b259679b5d8ca58f3a2add9255ffcda45"},"support":{"issues":"https://github.com/Intervention/image/issues","source":"https://github.com/Intervention/image/tree/2.6.1"},"time":"2021-07-22T14:31:53+00:00"},{"version":"2.6.0","version_normalized":"2.6.0.0","source":{"url":"https://github.com/Intervention/image.git","type":"git","reference":"a2d7238069bb01322f9c2a661449955434fec9c6"},"dist":{"url":"https://api.github.com/repos/Intervention/image/zipball/a2d7238069bb01322f9c2a661449955434fec9c6","type":"zip","shasum":"","reference":"a2d7238069bb01322f9c2a661449955434fec9c6"},"support":{"issues":"https://github.com/Intervention/image/issues","source":"https://github.com/Intervention/image/tree/2.6.0"},"time":"2021-07-06T13:35:54+00:00"},{"version":"2.5.1","version_normalized":"2.5.1.0","source":{"url":"https://github.com/Intervention/image.git","type":"git","reference":"abbf18d5ab8367f96b3205ca3c89fb2fa598c69e"},"dist":{"url":"https://api.github.com/repos/Intervention/image/zipball/abbf18d5ab8367f96b3205ca3c89fb2fa598c69e","type":"zip","shasum":"","reference":"abbf18d5ab8367f96b3205ca3c89fb2fa598c69e"},"support":{"issues":"https://github.com/Intervention/image/issues","source":"https://github.com/Intervention/image/tree/master"},"time":"2019-11-02T09:15:47+00:00","require":{"php":">=5.4.0","ext-fileinfo":"*","guzzlehttp/psr7":"~1.1"},"require-dev":{"phpunit/phpunit":"^4.8 || ^5.7","mockery/mockery":"~0.9.2"},"funding":"__unset"},{"version":"2.5.0","version_normalized":"2.5.0.0","source":{"url":"https://github.com/Intervention/image.git","type":"git","reference":"39eaef720d082ecc54c64bf54541c55f10db546d"},"dist":{"url":"https://api.github.com/repos/Intervention/image/zipball/39eaef720d082ecc54c64bf54541c55f10db546d","type":"zip","shasum":"","reference":"39eaef720d082ecc54c64bf54541c55f10db546d"},"support":{"issues":"https://github.com/Intervention/image/issues","source":"https://github.com/Intervention/image/tree/2.5.0"},"time":"2019-06-24T14:06:31+00:00"},{"version":"2.4.3","version_normalized":"2.4.3.0","source":{"url":"https://github.com/Intervention/image.git","type":"git","reference":"5f5e1c8768d6bb41a7f23706af754b92541de485"},"dist":{"url":"https://api.github.com/repos/Intervention/image/zipball/5f5e1c8768d6bb41a7f23706af754b92541de485","type":"zip","shasum":"","reference":"5f5e1c8768d6bb41a7f23706af754b92541de485"},"support":{"issues":"https://github.com/Intervention/image/issues","source":"https://github.com/Intervention/image/tree/2.4.3"},"time":"2019-05-31T17:08:36+00:00"},{"version":"2.4.2","version_normalized":"2.4.2.0","source":{"url":"https://github.com/Intervention/image.git","type":"git","reference":"e82d274f786e3d4b866a59b173f42e716f0783eb"},"dist":{"url":"https://api.github.com/repos/Intervention/image/zipball/e82d274f786e3d4b866a59b173f42e716f0783eb","type":"zip","shasum":"","reference":"e82d274f786e3d4b866a59b173f42e716f0783eb"},"support":{"issues":"https://github.com/Intervention/image/issues","source":"https://github.com/Intervention/image/tree/master"},"time":"2018-05-29T14:19:03+00:00"},{"version":"2.4.1","version_normalized":"2.4.1.0","source":{"url":"https://github.com/Intervention/image.git","type":"git","reference":"3603dbcc9a17d307533473246a6c58c31cf17919"},"dist":{"url":"https://api.github.com/repos/Intervention/image/zipball/3603dbcc9a17d307533473246a6c58c31cf17919","type":"zip","shasum":"","reference":"3603dbcc9a17d307533473246a6c58c31cf17919"},"time":"2017-09-21T16:29:17+00:00","extra":{"laravel":{"aliases":{"Image":"Intervention\\Image\\Facades\\Image"},"providers":["Intervention\\Image\\ImageServiceProvider"]},"branch-alias":{"dev-master":"2.3-dev"}}},{"version":"2.4.0","version_normalized":"2.4.0.0","source":{"url":"https://github.com/Intervention/image.git","type":"git","reference":"322a4ade249467179c50a3e50eda8760ff3af2a3"},"dist":{"url":"https://api.github.com/repos/Intervention/image/zipball/322a4ade249467179c50a3e50eda8760ff3af2a3","type":"zip","shasum":"","reference":"322a4ade249467179c50a3e50eda8760ff3af2a3"},"time":"2017-07-03T15:50:40+00:00"},{"version":"2.3.14","version_normalized":"2.3.14.0","source":{"url":"https://github.com/Intervention/image.git","type":"git","reference":"dec642219be9a088fbbceb91cb5da23a0ee788f0"},"dist":{"url":"https://api.github.com/repos/Intervention/image/zipball/dec642219be9a088fbbceb91cb5da23a0ee788f0","type":"zip","shasum":"","reference":"dec642219be9a088fbbceb91cb5da23a0ee788f0"},"time":"2017-07-03T10:53:01+00:00"},{"version":"2.3.13","version_normalized":"2.3.13.0","authors":[{"name":"Oliver Vogel","email":"oliver@olivervogel.net","homepage":"http://olivervogel.net/"}],"source":{"url":"https://github.com/Intervention/image.git","type":"git","reference":"15a517f052ee15d373ffa145c9642d5fec7ddf5c"},"dist":{"url":"https://api.github.com/repos/Intervention/image/zipball/15a517f052ee15d373ffa145c9642d5fec7ddf5c","type":"zip","shasum":"","reference":"15a517f052ee15d373ffa145c9642d5fec7ddf5c"},"time":"2017-04-23T18:45:36+00:00","extra":{"branch-alias":{"dev-master":"2.3-dev"}},"require-dev":{"phpunit/phpunit":"3.*","mockery/mockery":"~0.9.2"}},{"version":"2.3.12","version_normalized":"2.3.12.0","source":{"url":"https://github.com/Intervention/image.git","type":"git","reference":"5c92ea4503ccb000ce6a922efbf272638c64a68c"},"dist":{"url":"https://api.github.com/repos/Intervention/image/zipball/5c92ea4503ccb000ce6a922efbf272638c64a68c","type":"zip","shasum":"","reference":"5c92ea4503ccb000ce6a922efbf272638c64a68c"},"time":"2017-04-22T14:50:13+00:00"},{"version":"2.3.11","version_normalized":"2.3.11.0","source":{"url":"https://github.com/Intervention/image.git","type":"git","reference":"e8881fd99b9804b29e02d6d1c2c15ee459335cf1"},"dist":{"url":"https://api.github.com/repos/Intervention/image/zipball/e8881fd99b9804b29e02d6d1c2c15ee459335cf1","type":"zip","shasum":"","reference":"e8881fd99b9804b29e02d6d1c2c15ee459335cf1"},"time":"2017-02-04T10:37:19+00:00"},{"version":"2.3.10","version_normalized":"2.3.10.0","source":{"url":"https://github.com/Intervention/image.git","type":"git","reference":"88911910dcbb7bf617f1370602ba1706489c8505"},"dist":{"url":"https://api.github.com/repos/Intervention/image/zipball/88911910dcbb7bf617f1370602ba1706489c8505","type":"zip","shasum":"","reference":"88911910dcbb7bf617f1370602ba1706489c8505"},"time":"2017-01-25T18:52:04+00:00"},{"version":"2.3.9","version_normalized":"2.3.9.0","source":{"url":"https://github.com/Intervention/image.git","type":"git","reference":"2bce9a59c43b868300b02a7d31a1e4aa67a200ae"},"dist":{"url":"https://api.github.com/repos/Intervention/image/zipball/2bce9a59c43b868300b02a7d31a1e4aa67a200ae","type":"zip","shasum":"","reference":"2bce9a59c43b868300b02a7d31a1e4aa67a200ae"},"time":"2017-01-10T14:15:56+00:00"},{"version":"2.3.8","version_normalized":"2.3.8.0","source":{"url":"https://github.com/Intervention/image.git","type":"git","reference":"4064a980324f6c3bfa2bd981dfb247afa705ec3c"},"dist":{"url":"https://api.github.com/repos/Intervention/image/zipball/4064a980324f6c3bfa2bd981dfb247afa705ec3c","type":"zip","shasum":"","reference":"4064a980324f6c3bfa2bd981dfb247afa705ec3c"},"time":"2016-09-01T17:04:03+00:00"},{"version":"2.3.7","version_normalized":"2.3.7.0","source":{"url":"https://github.com/Intervention/image.git","type":"git","reference":"22088b04728a039bd1fc32f7e79a89a118b78698"},"dist":{"url":"https://api.github.com/repos/Intervention/image/zipball/22088b04728a039bd1fc32f7e79a89a118b78698","type":"zip","shasum":"","reference":"22088b04728a039bd1fc32f7e79a89a118b78698"},"time":"2016-04-26T14:08:40+00:00"},{"version":"2.3.6","version_normalized":"2.3.6.0","source":{"url":"https://github.com/Intervention/image.git","type":"git","reference":"e368d262887dbb2fdfaf710880571ede51e9c0e6"},"dist":{"url":"https://api.github.com/repos/Intervention/image/zipball/e368d262887dbb2fdfaf710880571ede51e9c0e6","type":"zip","shasum":"","reference":"e368d262887dbb2fdfaf710880571ede51e9c0e6"},"time":"2016-02-26T18:18:19+00:00"},{"version":"2.3.5","version_normalized":"2.3.5.0","source":{"url":"https://github.com/Intervention/image.git","type":"git","reference":"9f29360b8ab94585cb9e80cf9045abd5b85feb89"},"dist":{"url":"https://api.github.com/repos/Intervention/image/zipball/9f29360b8ab94585cb9e80cf9045abd5b85feb89","type":"zip","shasum":"","reference":"9f29360b8ab94585cb9e80cf9045abd5b85feb89"},"time":"2016-01-02T19:15:13+00:00"},{"version":"2.3.4","version_normalized":"2.3.4.0","source":{"url":"https://github.com/Intervention/image.git","type":"git","reference":"a67ee32df0c6820cc6e861ad4144ee0ef9c74aa3"},"dist":{"url":"https://api.github.com/repos/Intervention/image/zipball/a67ee32df0c6820cc6e861ad4144ee0ef9c74aa3","type":"zip","shasum":"","reference":"a67ee32df0c6820cc6e861ad4144ee0ef9c74aa3"},"time":"2015-11-30T17:03:21+00:00"},{"version":"2.3.3","version_normalized":"2.3.3.0","source":{"url":"https://github.com/Intervention/image.git","type":"git","reference":"40cb418c49f32c5140ef798ab8c273ae9aae9e07"},"dist":{"url":"https://api.github.com/repos/Intervention/image/zipball/40cb418c49f32c5140ef798ab8c273ae9aae9e07","type":"zip","shasum":"","reference":"40cb418c49f32c5140ef798ab8c273ae9aae9e07"},"support":{"issues":"https://github.com/Intervention/image/issues","source":"https://github.com/Intervention/image/tree/2.3.3"},"time":"2015-11-27T18:22:21+00:00"},{"version":"2.3.2","version_normalized":"2.3.2.0","source":{"url":"https://github.com/Intervention/image.git","type":"git","reference":"1124ff3c6298f0dcf9edf9156623904d7a5c3428"},"dist":{"url":"https://api.github.com/repos/Intervention/image/zipball/1124ff3c6298f0dcf9edf9156623904d7a5c3428","type":"zip","shasum":"","reference":"1124ff3c6298f0dcf9edf9156623904d7a5c3428"},"support":{"issues":"https://github.com/Intervention/image/issues","source":"https://github.com/Intervention/image/tree/master"},"time":"2015-08-16T15:31:59+00:00"},{"version":"2.3.1","version_normalized":"2.3.1.0","source":{"url":"https://github.com/Intervention/image.git","type":"git","reference":"156f9d6f8a186c68b92f0c50084718f02dae1b5f"},"dist":{"url":"https://api.github.com/repos/Intervention/image/zipball/156f9d6f8a186c68b92f0c50084718f02dae1b5f","type":"zip","shasum":"","reference":"156f9d6f8a186c68b92f0c50084718f02dae1b5f"},"time":"2015-07-10T15:03:58+00:00"},{"version":"2.3.0","version_normalized":"2.3.0.0","source":{"url":"https://github.com/Intervention/image.git","type":"git","reference":"ff4f45412044f3ab26f29260570a14ff41631d87"},"dist":{"url":"https://api.github.com/repos/Intervention/image/zipball/ff4f45412044f3ab26f29260570a14ff41631d87","type":"zip","shasum":"","reference":"ff4f45412044f3ab26f29260570a14ff41631d87"},"time":"2015-06-28T15:55:12+00:00","extra":"__unset"},{"version":"2.2.2","version_normalized":"2.2.2.0","source":{"url":"https://github.com/Intervention/image.git","type":"git","reference":"1009557c32205b077e34b2ae611e6316fa423021"},"dist":{"url":"https://api.github.com/repos/Intervention/image/zipball/1009557c32205b077e34b2ae611e6316fa423021","type":"zip","shasum":"","reference":"1009557c32205b077e34b2ae611e6316fa423021"},"time":"2015-06-10T17:50:36+00:00","require":{"php":">=5.3.0","ext-fileinfo":"*"}},{"version":"2.2.1","version_normalized":"2.2.1.0","source":{"url":"https://github.com/Intervention/image.git","type":"git","reference":"79f0a35da7d4f75bb85d9c04513dd5929e21f75e"},"dist":{"url":"https://api.github.com/repos/Intervention/image/zipball/79f0a35da7d4f75bb85d9c04513dd5929e21f75e","type":"zip","shasum":"","reference":"79f0a35da7d4f75bb85d9c04513dd5929e21f75e"},"time":"2015-05-09T16:06:30+00:00"},{"version":"2.2.0","version_normalized":"2.2.0.0","source":{"url":"https://github.com/Intervention/image.git","type":"git","reference":"6626d7624ac0895137a38c123943afedd0827efc"},"dist":{"url":"https://api.github.com/repos/Intervention/image/zipball/6626d7624ac0895137a38c123943afedd0827efc","type":"zip","shasum":"","reference":"6626d7624ac0895137a38c123943afedd0827efc"},"time":"2015-04-24T14:50:48+00:00"},{"version":"2.1.4","version_normalized":"2.1.4.0","source":{"url":"https://github.com/Intervention/image.git","type":"git","reference":"9c26a834ff7d1c2bb4e88f98228030eed26960d4"},"dist":{"url":"https://api.github.com/repos/Intervention/image/zipball/9c26a834ff7d1c2bb4e88f98228030eed26960d4","type":"zip","shasum":"","reference":"9c26a834ff7d1c2bb4e88f98228030eed26960d4"},"time":"2015-04-22T16:05:20+00:00"},{"version":"2.1.3","version_normalized":"2.1.3.0","source":{"url":"https://github.com/Intervention/image.git","type":"git","reference":"8f3761154b4c1f5128365dfc32cbf757f27d97b6"},"dist":{"url":"https://api.github.com/repos/Intervention/image/zipball/8f3761154b4c1f5128365dfc32cbf757f27d97b6","type":"zip","shasum":"","reference":"8f3761154b4c1f5128365dfc32cbf757f27d97b6"},"time":"2015-03-18T17:41:04+00:00"},{"version":"2.1.2","version_normalized":"2.1.2.0","source":{"url":"https://github.com/Intervention/image.git","type":"git","reference":"572806fd083b622dd430d76c34564459596fef2a"},"dist":{"url":"https://api.github.com/repos/Intervention/image/zipball/572806fd083b622dd430d76c34564459596fef2a","type":"zip","shasum":"","reference":"572806fd083b622dd430d76c34564459596fef2a"},"time":"2015-03-09T13:03:15+00:00"},{"version":"2.1.1","version_normalized":"2.1.1.0","source":{"url":"https://github.com/Intervention/image.git","type":"git","reference":"949d4909d24f9656877ac38f8c90aecbf0a65091"},"dist":{"url":"https://api.github.com/repos/Intervention/image/zipball/949d4909d24f9656877ac38f8c90aecbf0a65091","type":"zip","shasum":"","reference":"949d4909d24f9656877ac38f8c90aecbf0a65091"},"time":"2015-01-29T08:44:26+00:00"},{"version":"2.1.0","version_normalized":"2.1.0.0","source":{"url":"https://github.com/Intervention/image.git","type":"git","reference":"936887fad50cab909935b4fcf37c00ef5e8abe9d"},"dist":{"url":"https://api.github.com/repos/Intervention/image/zipball/936887fad50cab909935b4fcf37c00ef5e8abe9d","type":"zip","shasum":"","reference":"936887fad50cab909935b4fcf37c00ef5e8abe9d"},"time":"2015-01-28T17:50:05+00:00"},{"version":"2.0.17","version_normalized":"2.0.17.0","source":{"url":"https://github.com/Intervention/image.git","type":"git","reference":"b91b0d63488f9a295815af082f987e4773d2843c"},"dist":{"url":"https://api.github.com/repos/Intervention/image/zipball/b91b0d63488f9a295815af082f987e4773d2843c","type":"zip","shasum":"","reference":"b91b0d63488f9a295815af082f987e4773d2843c"},"time":"2014-12-29T11:58:35+00:00"},{"version":"2.0.16","version_normalized":"2.0.16.0","source":{"url":"https://github.com/Intervention/image.git","type":"git","reference":"b5350f62f59f8fa24f5d9c1ffbd094a7fd91c0e3"},"dist":{"url":"https://api.github.com/repos/Intervention/image/zipball/b5350f62f59f8fa24f5d9c1ffbd094a7fd91c0e3","type":"zip","shasum":"","reference":"b5350f62f59f8fa24f5d9c1ffbd094a7fd91c0e3"},"time":"2014-12-20T14:14:38+00:00"},{"version":"2.0.15","version_normalized":"2.0.15.0","source":{"url":"https://github.com/Intervention/image.git","type":"git","reference":"e012301c8596118578c4abef178955888d02b435"},"dist":{"url":"https://api.github.com/repos/Intervention/image/zipball/e012301c8596118578c4abef178955888d02b435","type":"zip","shasum":"","reference":"e012301c8596118578c4abef178955888d02b435"},"time":"2014-12-12T15:45:28+00:00"},{"version":"2.0.14","version_normalized":"2.0.14.0","source":{"url":"https://github.com/Intervention/image.git","type":"git","reference":"0d2eb5858520ace6a7d1b42f4267a6488a63c0ed"},"dist":{"url":"https://api.github.com/repos/Intervention/image/zipball/0d2eb5858520ace6a7d1b42f4267a6488a63c0ed","type":"zip","shasum":"","reference":"0d2eb5858520ace6a7d1b42f4267a6488a63c0ed"},"time":"2014-11-21T18:49:22+00:00"},{"version":"2.0.13","version_normalized":"2.0.13.0","source":{"url":"https://github.com/Intervention/image.git","type":"git","reference":"0c9db3220bfdf4de2b17fd85676d824cfdc908c6"},"dist":{"url":"https://api.github.com/repos/Intervention/image/zipball/0c9db3220bfdf4de2b17fd85676d824cfdc908c6","type":"zip","shasum":"","reference":"0c9db3220bfdf4de2b17fd85676d824cfdc908c6"},"time":"2014-11-09T11:54:16+00:00"},{"version":"2.0.12","version_normalized":"2.0.12.0","source":{"url":"https://github.com/Intervention/image.git","type":"git","reference":"38dfffeb09e6a7b170dbbb525e925c88c9cab2fb"},"dist":{"url":"https://api.github.com/repos/Intervention/image/zipball/38dfffeb09e6a7b170dbbb525e925c88c9cab2fb","type":"zip","shasum":"","reference":"38dfffeb09e6a7b170dbbb525e925c88c9cab2fb"},"time":"2014-10-18T09:53:09+00:00"},{"version":"2.0.11","version_normalized":"2.0.11.0","source":{"url":"https://github.com/Intervention/image.git","type":"git","reference":"da8477b9cc59499ffebc148bf95d8e680ae1726f"},"dist":{"url":"https://api.github.com/repos/Intervention/image/zipball/da8477b9cc59499ffebc148bf95d8e680ae1726f","type":"zip","shasum":"","reference":"da8477b9cc59499ffebc148bf95d8e680ae1726f"},"time":"2014-09-25T16:51:21+00:00"},{"version":"2.0.10","version_normalized":"2.0.10.0","source":{"url":"https://github.com/Intervention/image.git","type":"git","reference":"f65e57914f5ca3874cc2db5967be17e1fd093975"},"dist":{"url":"https://api.github.com/repos/Intervention/image/zipball/f65e57914f5ca3874cc2db5967be17e1fd093975","type":"zip","shasum":"","reference":"f65e57914f5ca3874cc2db5967be17e1fd093975"},"time":"2014-09-18T15:55:40+00:00","autoload":{"psr-0":{"Intervention\\Image\\":"src/"}}},{"version":"2.0.9","version_normalized":"2.0.9.0","source":{"url":"https://github.com/Intervention/image.git","type":"git","reference":"88b625394a2428e9ea1202289f1d5435c687c24a"},"dist":{"url":"https://api.github.com/repos/Intervention/image/zipball/88b625394a2428e9ea1202289f1d5435c687c24a","type":"zip","shasum":"","reference":"88b625394a2428e9ea1202289f1d5435c687c24a"},"time":"2014-09-06T08:11:17+00:00"},{"description":"Image handling and manipulation library with support for Laravel 4 integration","version":"2.0.8","version_normalized":"2.0.8.0","source":{"url":"https://github.com/Intervention/image.git","type":"git","reference":"28f156432e774b31a53c5fe08d164edd111f9482"},"dist":{"url":"https://api.github.com/repos/Intervention/image/zipball/28f156432e774b31a53c5fe08d164edd111f9482","type":"zip","shasum":"","reference":"28f156432e774b31a53c5fe08d164edd111f9482"},"time":"2014-08-23T15:47:12+00:00","require-dev":{"phpunit/phpunit":"3.*","mockery/mockery":"0.9.*"}},{"version":"2.0.7","version_normalized":"2.0.7.0","source":{"url":"https://github.com/Intervention/image.git","type":"git","reference":"2fb5e286e4210cd55151e8e8d2ce0ac2bd20fec2"},"dist":{"url":"https://api.github.com/repos/Intervention/image/zipball/2fb5e286e4210cd55151e8e8d2ce0ac2bd20fec2","type":"zip","shasum":"","reference":"2fb5e286e4210cd55151e8e8d2ce0ac2bd20fec2"},"time":"2014-08-06T18:37:17+00:00"},{"version":"2.0.6","version_normalized":"2.0.6.0","source":{"url":"https://github.com/Intervention/image.git","type":"git","reference":"fb679336b3e7af812d058bd250588ffff9608cc3"},"dist":{"url":"https://api.github.com/repos/Intervention/image/zipball/fb679336b3e7af812d058bd250588ffff9608cc3","type":"zip","shasum":"","reference":"fb679336b3e7af812d058bd250588ffff9608cc3"},"time":"2014-07-27T20:53:47+00:00","require":{"php":">=5.3.0","ext-fileinfo":"*","illuminate/support":"4.*","illuminate/config":"4.*"}},{"version":"2.0.5","version_normalized":"2.0.5.0","source":{"url":"https://github.com/Intervention/image.git","type":"git","reference":"fc0c20277260f09aa0bd172d66d8b39957c50078"},"dist":{"url":"https://api.github.com/repos/Intervention/image/zipball/fc0c20277260f09aa0bd172d66d8b39957c50078","type":"zip","shasum":"","reference":"fc0c20277260f09aa0bd172d66d8b39957c50078"},"time":"2014-06-30T15:30:03+00:00"},{"version":"2.0.4","version_normalized":"2.0.4.0","source":{"url":"https://github.com/Intervention/image.git","type":"git","reference":"edd507dacfacab7fcfcee6c5fcfad3335d0ec85f"},"dist":{"url":"https://api.github.com/repos/Intervention/image/zipball/edd507dacfacab7fcfcee6c5fcfad3335d0ec85f","type":"zip","shasum":"","reference":"edd507dacfacab7fcfcee6c5fcfad3335d0ec85f"},"time":"2014-06-16T09:52:34+00:00"},{"version":"2.0.3","version_normalized":"2.0.3.0","source":{"url":"https://github.com/Intervention/image.git","type":"git","reference":"bbdb310dfaa76c9756509d90f6badaf157117c28"},"dist":{"url":"https://api.github.com/repos/Intervention/image/zipball/bbdb310dfaa76c9756509d90f6badaf157117c28","type":"zip","shasum":"","reference":"bbdb310dfaa76c9756509d90f6badaf157117c28"},"time":"2014-06-08T21:56:29+00:00"},{"version":"2.0.2","version_normalized":"2.0.2.0","source":{"url":"https://github.com/Intervention/image.git","type":"git","reference":"8692a77fb684515303f2a1d5e07d7108aaf589c8"},"dist":{"url":"https://api.github.com/repos/Intervention/image/zipball/8692a77fb684515303f2a1d5e07d7108aaf589c8","type":"zip","shasum":"","reference":"8692a77fb684515303f2a1d5e07d7108aaf589c8"},"time":"2014-05-31T09:37:00+00:00"},{"version":"2.0.1","version_normalized":"2.0.1.0","source":{"url":"https://github.com/Intervention/image.git","type":"git","reference":"e6fb391319683a832e537798036fc15bb69d3785"},"dist":{"url":"https://api.github.com/repos/Intervention/image/zipball/e6fb391319683a832e537798036fc15bb69d3785","type":"zip","shasum":"","reference":"e6fb391319683a832e537798036fc15bb69d3785"},"time":"2014-05-25T19:00:00+00:00"},{"version":"2.0.0","version_normalized":"2.0.0.0","source":{"url":"https://github.com/Intervention/image.git","type":"git","reference":"e3f13700a9512799ed5cb2c587bf9f17ebbc9c72"},"dist":{"url":"https://api.github.com/repos/Intervention/image/zipball/e3f13700a9512799ed5cb2c587bf9f17ebbc9c72","type":"zip","shasum":"","reference":"e3f13700a9512799ed5cb2c587bf9f17ebbc9c72"},"support":{"issues":"https://github.com/Intervention/image/issues","source":"https://github.com/Intervention/image/tree/develop"},"time":"2014-05-18T17:58:48+00:00"},{"version":"2.0.0-beta.2","version_normalized":"2.0.0.0-beta2","source":{"url":"https://github.com/Intervention/image.git","type":"git","reference":"eae9d83f8a1666a0e35392db17f3be01050ddff3"},"dist":{"url":"https://api.github.com/repos/Intervention/image/zipball/eae9d83f8a1666a0e35392db17f3be01050ddff3","type":"zip","shasum":"","reference":"eae9d83f8a1666a0e35392db17f3be01050ddff3"},"time":"2014-05-14T15:35:17+00:00","require":{"php":">=5.3.0","ext-fileinfo":"*","illuminate/support":"~4.1","illuminate/config":"~4.1"},"suggest":{"ext-gd":"to use GD library based image processing.","ext-imagick":"to use Imagick based image processing."}},{"keywords":["image","thumbnail","gd","laravel","watermark"],"version":"2.0.0-beta","version_normalized":"2.0.0.0-beta","source":{"url":"https://github.com/Intervention/image.git","type":"git","reference":"9bb6b213c26e3b61d3563c0974a44e2bef1b86dd"},"dist":{"url":"https://api.github.com/repos/Intervention/image/zipball/9bb6b213c26e3b61d3563c0974a44e2bef1b86dd","type":"zip","shasum":"","reference":"9bb6b213c26e3b61d3563c0974a44e2bef1b86dd"},"time":"2014-05-10T18:35:01+00:00","require":{"php":">=5.3.0","ext-fileinfo":"*","illuminate/support":"4.1.*"},"suggest":{"ext-gd":"Image manipulation based on GD library.","ext-imagick":"Image manipulation based on Imagick extension."}},{"version":"1.6.8","version_normalized":"1.6.8.0","source":{"url":"https://github.com/Intervention/image.git","type":"git","reference":"57be273f660799a6f5e5998a138a3d432a17e640"},"dist":{"url":"https://api.github.com/repos/Intervention/image/zipball/57be273f660799a6f5e5998a138a3d432a17e640","type":"zip","shasum":"","reference":"57be273f660799a6f5e5998a138a3d432a17e640"},"support":{"issues":"https://github.com/Intervention/image/issues","source":"https://github.com/Intervention/image/tree/1.6"},"time":"2017-04-22T16:25:00+00:00","autoload":{"psr-0":{"Intervention\\Image":"src/"}},"require":{"php":">=5.3.0","ext-gd":"*","illuminate/support":"4.*"},"require-dev":{"phpunit/phpunit":"3.*"},"suggest":{"intervention/imagecache":"Caching extension for the Intervention Image library"}},{"version":"1.6.7","version_normalized":"1.6.7.0","source":{"url":"https://github.com/Intervention/image.git","type":"git","reference":"8096fc8444ffca4ef597907a873879b512f9ea86"},"dist":{"url":"https://api.github.com/repos/Intervention/image/zipball/8096fc8444ffca4ef597907a873879b512f9ea86","type":"zip","shasum":"","reference":"8096fc8444ffca4ef597907a873879b512f9ea86"},"time":"2017-04-22T14:51:19+00:00","require-dev":{"phpunit/phpunit":"4.1.*"}},{"version":"1.6.6","version_normalized":"1.6.6.0","source":{"url":"https://github.com/Intervention/image.git","type":"git","reference":"d923b7793e7b02b2232ae070273929fb11d481e4"},"dist":{"url":"https://api.github.com/repos/Intervention/image/zipball/d923b7793e7b02b2232ae070273929fb11d481e4","type":"zip","shasum":"","reference":"d923b7793e7b02b2232ae070273929fb11d481e4"},"time":"2017-02-17T13:24:34+00:00"},{"version":"1.6.5","version_normalized":"1.6.5.0","source":{"url":"https://github.com/Intervention/image.git","type":"git","reference":"432f3b28ea08455146b157c6bfdebf4ef5bc661e"},"dist":{"url":"https://api.github.com/repos/Intervention/image/zipball/432f3b28ea08455146b157c6bfdebf4ef5bc661e","type":"zip","shasum":"","reference":"432f3b28ea08455146b157c6bfdebf4ef5bc661e"},"support":{"issues":"https://github.com/Intervention/image/issues","source":"https://github.com/Intervention/image/tree/1.0"},"time":"2014-06-07T16:25:27+00:00"},{"version":"1.6.4","version_normalized":"1.6.4.0","source":{"url":"https://github.com/Intervention/image.git","type":"git","reference":"606228bc7614105125d0e65b4187d5e436facf76"},"dist":{"url":"https://api.github.com/repos/Intervention/image/zipball/606228bc7614105125d0e65b4187d5e436facf76","type":"zip","shasum":"","reference":"606228bc7614105125d0e65b4187d5e436facf76"},"support":{"issues":"https://github.com/Intervention/image/issues","source":"https://github.com/Intervention/image/tree/master"},"time":"2014-04-29T14:50:43+00:00","require-dev":{"phpunit/phpunit":"3.*"}},{"version":"1.6.3","version_normalized":"1.6.3.0","source":{"url":"https://github.com/Intervention/image.git","type":"git","reference":"83402d5e4f06e2237144ead92e65407b119b60e2"},"dist":{"url":"https://api.github.com/repos/Intervention/image/zipball/83402d5e4f06e2237144ead92e65407b119b60e2","type":"zip","shasum":"","reference":"83402d5e4f06e2237144ead92e65407b119b60e2"},"time":"2014-04-18T15:54:35+00:00"},{"version":"1.6.2","version_normalized":"1.6.2.0","source":{"url":"https://github.com/Intervention/image.git","type":"git","reference":"54f3701123d89bf1000e9ca2b822740b3e955f57"},"dist":{"url":"https://api.github.com/repos/Intervention/image/zipball/54f3701123d89bf1000e9ca2b822740b3e955f57","type":"zip","shasum":"","reference":"54f3701123d89bf1000e9ca2b822740b3e955f57"},"time":"2014-04-03T15:08:53+00:00"},{"version":"1.6.1","version_normalized":"1.6.1.0","source":{"url":"https://github.com/Intervention/image.git","type":"git","reference":"ac7891d4ef7ad21d303c942f501c1a50039fd93a"},"dist":{"url":"https://api.github.com/repos/Intervention/image/zipball/ac7891d4ef7ad21d303c942f501c1a50039fd93a","type":"zip","shasum":"","reference":"ac7891d4ef7ad21d303c942f501c1a50039fd93a"},"time":"2014-03-30T09:36:20+00:00"},{"homepage":"http://intervention.olivervogel.net/image/","version":"1.6.0","version_normalized":"1.6.0.0","source":{"url":"https://github.com/Intervention/image.git","type":"git","reference":"495e415c25d14935b3ab059eb124ab2ab1072007"},"dist":{"url":"https://api.github.com/repos/Intervention/image/zipball/495e415c25d14935b3ab059eb124ab2ab1072007","type":"zip","shasum":"","reference":"495e415c25d14935b3ab059eb124ab2ab1072007"},"time":"2014-03-18T17:57:12+00:00","require-dev":"__unset"},{"version":"1.5.13","version_normalized":"1.5.13.0","source":{"url":"https://github.com/Intervention/image.git","type":"git","reference":"901ba84a74f2ed3f55c1fa2a69e45c85d1fb70f6"},"dist":{"url":"https://api.github.com/repos/Intervention/image/zipball/901ba84a74f2ed3f55c1fa2a69e45c85d1fb70f6","type":"zip","shasum":"","reference":"901ba84a74f2ed3f55c1fa2a69e45c85d1fb70f6"},"time":"2014-03-12T17:23:03+00:00"},{"version":"1.5.12","version_normalized":"1.5.12.0","source":{"url":"https://github.com/Intervention/image.git","type":"git","reference":"68352b3ffc76bee1979d411eba6f0136fe9b5630"},"dist":{"url":"https://api.github.com/repos/Intervention/image/zipball/68352b3ffc76bee1979d411eba6f0136fe9b5630","type":"zip","shasum":"","reference":"68352b3ffc76bee1979d411eba6f0136fe9b5630"},"time":"2014-02-28T10:26:09+00:00"},{"version":"1.5.11","version_normalized":"1.5.11.0","source":{"url":"https://github.com/Intervention/image.git","type":"git","reference":"1bfd80ccaccbafa05643452ce7762e7075721c73"},"dist":{"url":"https://api.github.com/repos/Intervention/image/zipball/1bfd80ccaccbafa05643452ce7762e7075721c73","type":"zip","shasum":"","reference":"1bfd80ccaccbafa05643452ce7762e7075721c73"},"time":"2014-02-26T19:06:53+00:00"},{"version":"1.5.10","version_normalized":"1.5.10.0","source":{"url":"https://github.com/Intervention/image.git","type":"git","reference":"18f50ac4317d82ecfe88b6b1ed46d071478c5022"},"dist":{"url":"https://api.github.com/repos/Intervention/image/zipball/18f50ac4317d82ecfe88b6b1ed46d071478c5022","type":"zip","shasum":"","reference":"18f50ac4317d82ecfe88b6b1ed46d071478c5022"},"time":"2014-02-20T15:58:24+00:00"},{"version":"1.5.9","version_normalized":"1.5.9.0","source":{"url":"https://github.com/Intervention/image.git","type":"git","reference":"aa75c42975801286d00cba84b6ac845199880e8b"},"dist":{"url":"https://api.github.com/repos/Intervention/image/zipball/aa75c42975801286d00cba84b6ac845199880e8b","type":"zip","shasum":"","reference":"aa75c42975801286d00cba84b6ac845199880e8b"},"time":"2014-02-11T16:27:23+00:00"},{"version":"1.5.8","version_normalized":"1.5.8.0","source":{"url":"https://github.com/Intervention/image.git","type":"git","reference":"c56d00ff732ae7a0e1a2150faa9b24cb4da2f680"},"dist":{"url":"https://api.github.com/repos/Intervention/image/zipball/c56d00ff732ae7a0e1a2150faa9b24cb4da2f680","type":"zip","shasum":"","reference":"c56d00ff732ae7a0e1a2150faa9b24cb4da2f680"},"time":"2014-01-16T14:29:33+00:00"},{"version":"1.5.7","version_normalized":"1.5.7.0","source":{"url":"https://github.com/Intervention/image.git","type":"git","reference":"77d532ea15b284f9c954a8c0d46125f4d5edc2e2"},"dist":{"url":"https://api.github.com/repos/Intervention/image/zipball/77d532ea15b284f9c954a8c0d46125f4d5edc2e2","type":"zip","shasum":"","reference":"77d532ea15b284f9c954a8c0d46125f4d5edc2e2"},"time":"2014-01-16T13:54:04+00:00"},{"version":"1.5.6","version_normalized":"1.5.6.0","source":{"url":"https://github.com/Intervention/image.git","type":"git","reference":"52c83d99c8d2e1f15a8667ef8badca665d342da6"},"dist":{"url":"https://api.github.com/repos/Intervention/image/zipball/52c83d99c8d2e1f15a8667ef8badca665d342da6","type":"zip","shasum":"","reference":"52c83d99c8d2e1f15a8667ef8badca665d342da6"},"time":"2014-01-11T14:15:39+00:00"},{"version":"1.5.5","version_normalized":"1.5.5.0","source":{"url":"https://github.com/Intervention/image.git","type":"git","reference":"025f0f777f8fc138aed9674d3183b0bda36b8554"},"dist":{"url":"https://api.github.com/repos/Intervention/image/zipball/025f0f777f8fc138aed9674d3183b0bda36b8554","type":"zip","shasum":"","reference":"025f0f777f8fc138aed9674d3183b0bda36b8554"},"time":"2014-01-10T14:55:54+00:00"},{"version":"1.5.4","version_normalized":"1.5.4.0","source":{"url":"https://github.com/Intervention/image.git","type":"git","reference":"c932b81171abbbdc8e3365281443cb28d3b974e1"},"dist":{"url":"https://api.github.com/repos/Intervention/image/zipball/c932b81171abbbdc8e3365281443cb28d3b974e1","type":"zip","shasum":"","reference":"c932b81171abbbdc8e3365281443cb28d3b974e1"},"time":"2014-01-08T18:31:04+00:00"},{"version":"1.5.3","version_normalized":"1.5.3.0","source":{"url":"https://github.com/Intervention/image.git","type":"git","reference":"ab884ad94b0861bfa43118eff114af8ee7cf4661"},"dist":{"url":"https://api.github.com/repos/Intervention/image/zipball/ab884ad94b0861bfa43118eff114af8ee7cf4661","type":"zip","shasum":"","reference":"ab884ad94b0861bfa43118eff114af8ee7cf4661"},"time":"2013-12-30T14:38:30+00:00"},{"version":"1.5.2","version_normalized":"1.5.2.0","source":{"url":"https://github.com/Intervention/image.git","type":"git","reference":"ff4ff9c1492428bc6fbc2129d830c30642d4849a"},"dist":{"url":"https://api.github.com/repos/Intervention/image/zipball/ff4ff9c1492428bc6fbc2129d830c30642d4849a","type":"zip","shasum":"","reference":"ff4ff9c1492428bc6fbc2129d830c30642d4849a"},"time":"2013-12-12T11:57:50+00:00"},{"version":"1.5.1","version_normalized":"1.5.1.0","source":{"url":"https://github.com/Intervention/image.git","type":"git","reference":"2bb7380b5c9a62528253ab0b447b324dc0e34ddd"},"dist":{"url":"https://api.github.com/repos/Intervention/image/zipball/2bb7380b5c9a62528253ab0b447b324dc0e34ddd","type":"zip","shasum":"","reference":"2bb7380b5c9a62528253ab0b447b324dc0e34ddd"},"time":"2013-11-13T14:11:58+00:00"},{"version":"1.5.0","version_normalized":"1.5.0.0","source":{"url":"https://github.com/Intervention/image.git","type":"git","reference":"ca4c8ba28245b540ef06dcc9b5532121992cbd6c"},"dist":{"url":"https://api.github.com/repos/Intervention/image/zipball/ca4c8ba28245b540ef06dcc9b5532121992cbd6c","type":"zip","shasum":"","reference":"ca4c8ba28245b540ef06dcc9b5532121992cbd6c"},"time":"2013-11-09T11:28:45+00:00"},{"version":"1.4.5","version_normalized":"1.4.5.0","source":{"url":"https://github.com/Intervention/image.git","type":"git","reference":"8242dee95209178ae010caaca9c3105ef26136c5"},"dist":{"url":"https://api.github.com/repos/Intervention/image/zipball/8242dee95209178ae010caaca9c3105ef26136c5","type":"zip","shasum":"","reference":"8242dee95209178ae010caaca9c3105ef26136c5"},"time":"2013-09-24T18:03:23+00:00"},{"version":"1.4.4","version_normalized":"1.4.4.0","source":{"url":"https://github.com/Intervention/image.git","type":"git","reference":"62ec6653409154da2a64063dff1bed828411da07"},"dist":{"url":"https://api.github.com/repos/Intervention/image/zipball/62ec6653409154da2a64063dff1bed828411da07","type":"zip","shasum":"","reference":"62ec6653409154da2a64063dff1bed828411da07"},"time":"2013-08-29T15:01:04+00:00"},{"version":"1.4.3","version_normalized":"1.4.3.0","source":{"url":"https://github.com/Intervention/image.git","type":"git","reference":"81c61cd35c0908c622e62507b37c47fb49093f3c"},"dist":{"url":"https://api.github.com/repos/Intervention/image/zipball/81c61cd35c0908c622e62507b37c47fb49093f3c","type":"zip","shasum":"","reference":"81c61cd35c0908c622e62507b37c47fb49093f3c"},"time":"2013-08-16T17:36:40+00:00"},{"version":"1.4.2","version_normalized":"1.4.2.0","source":{"url":"https://github.com/Intervention/image.git","type":"git","reference":"087cb8d4300cf4930e87cdff7eba8ab7b33cf96d"},"dist":{"url":"https://api.github.com/repos/Intervention/image/zipball/087cb8d4300cf4930e87cdff7eba8ab7b33cf96d","type":"zip","shasum":"","reference":"087cb8d4300cf4930e87cdff7eba8ab7b33cf96d"},"time":"2013-06-10T11:26:36+00:00"},{"version":"1.4.1","version_normalized":"1.4.1.0","source":{"url":"https://github.com/Intervention/image.git","type":"git","reference":"6783515d00135a567db3bcfdeb784e3f2da00733"},"dist":{"url":"https://api.github.com/repos/Intervention/image/zipball/6783515d00135a567db3bcfdeb784e3f2da00733","type":"zip","shasum":"","reference":"6783515d00135a567db3bcfdeb784e3f2da00733"},"time":"2013-05-29T09:44:42+00:00"},{"version":"1.4.0","version_normalized":"1.4.0.0","source":{"url":"https://github.com/Intervention/image.git","type":"git","reference":"264291936d46563b33577c1d6fe54fbb38709453"},"dist":{"url":"https://api.github.com/repos/Intervention/image/zipball/264291936d46563b33577c1d6fe54fbb38709453","type":"zip","shasum":"","reference":"264291936d46563b33577c1d6fe54fbb38709453"},"support":{"issues":"https://github.com/Intervention/image/issues","source":"https://github.com/Intervention/image/tree/1.4.0"},"time":"2013-05-29T09:35:28+00:00","require":{"php":">=5.3.0","ext-gd":"*","illuminate/support":"4.x.x"}},{"version":"1.3.11","version_normalized":"1.3.11.0","source":{"url":"https://github.com/Intervention/image.git","type":"git","reference":"67111fef3690a86a16788ae505cda96bfd7fa7c9"},"dist":{"url":"https://api.github.com/repos/Intervention/image/zipball/67111fef3690a86a16788ae505cda96bfd7fa7c9","type":"zip","shasum":"","reference":"67111fef3690a86a16788ae505cda96bfd7fa7c9"},"support":{"issues":"https://github.com/Intervention/image/issues","source":"https://github.com/Intervention/image/tree/master"},"time":"2013-04-26T17:25:28+00:00","require":{"php":">=5.3.0","ext-gd":"*","illuminate/support":"4.0.x"}},{"version":"1.3.10","version_normalized":"1.3.10.0","source":{"url":"https://github.com/Intervention/image.git","type":"git","reference":"55f51743f675e7e513b7b288bbdeeb382f37bb65"},"dist":{"url":"https://api.github.com/repos/Intervention/image/zipball/55f51743f675e7e513b7b288bbdeeb382f37bb65","type":"zip","shasum":"","reference":"55f51743f675e7e513b7b288bbdeeb382f37bb65"},"time":"2013-04-24T15:06:26+00:00"},{"keywords":["image","gd","laravel"],"version":"1.3.9","version_normalized":"1.3.9.0","source":{"url":"https://github.com/Intervention/image.git","type":"git","reference":"67de855f10dbac4f11d5f43d032a5722d3f9e786"},"dist":{"url":"https://api.github.com/repos/Intervention/image/zipball/67de855f10dbac4f11d5f43d032a5722d3f9e786","type":"zip","shasum":"","reference":"67de855f10dbac4f11d5f43d032a5722d3f9e786"},"time":"2013-04-18T16:11:07+00:00"},{"version":"1.3.8","version_normalized":"1.3.8.0","source":{"url":"https://github.com/Intervention/image.git","type":"git","reference":"61a73c78bfaa3ab684cf179336702b394b3eb67c"},"dist":{"url":"https://api.github.com/repos/Intervention/image/zipball/61a73c78bfaa3ab684cf179336702b394b3eb67c","type":"zip","shasum":"","reference":"61a73c78bfaa3ab684cf179336702b394b3eb67c"},"time":"2013-04-14T11:34:38+00:00"},{"version":"1.3.7","version_normalized":"1.3.7.0","source":{"url":"https://github.com/Intervention/image.git","type":"git","reference":"ebbc29139fb02d903ef51f098827a96a623a0590"},"dist":{"url":"https://api.github.com/repos/Intervention/image/zipball/ebbc29139fb02d903ef51f098827a96a623a0590","type":"zip","shasum":"","reference":"ebbc29139fb02d903ef51f098827a96a623a0590"},"time":"2013-03-29T16:09:38+00:00"},{"version":"1.3.6","version_normalized":"1.3.6.0","source":{"url":"https://github.com/Intervention/image.git","type":"git","reference":"8b2759bc23091e98f82d3d0457c8e2e645aa56c9"},"dist":{"url":"https://api.github.com/repos/Intervention/image/zipball/8b2759bc23091e98f82d3d0457c8e2e645aa56c9","type":"zip","shasum":"","reference":"8b2759bc23091e98f82d3d0457c8e2e645aa56c9"},"time":"2013-03-29T12:24:03+00:00"},{"version":"1.3.5","version_normalized":"1.3.5.0","source":{"url":"https://github.com/Intervention/image.git","type":"git","reference":"8bbb1ff91c776054aa14bacbf70868f6abe4453c"},"dist":{"url":"https://api.github.com/repos/Intervention/image/zipball/8bbb1ff91c776054aa14bacbf70868f6abe4453c","type":"zip","shasum":"","reference":"8bbb1ff91c776054aa14bacbf70868f6abe4453c"},"time":"2013-03-29T12:08:34+00:00"},{"version":"1.3.4","version_normalized":"1.3.4.0","source":{"url":"https://github.com/Intervention/image.git","type":"git","reference":"a61d88834e95b951c8e70a547845f906835e17d2"},"dist":{"url":"https://api.github.com/repos/Intervention/image/zipball/a61d88834e95b951c8e70a547845f906835e17d2","type":"zip","shasum":"","reference":"a61d88834e95b951c8e70a547845f906835e17d2"},"support":{"issues":"https://github.com/Intervention/image/issues","source":"https://github.com/Intervention/image/tree/1.3.4"},"time":"2013-03-29T11:49:50+00:00"},{"version":"1.3.3","version_normalized":"1.3.3.0","source":{"url":"https://github.com/Intervention/image.git","type":"git","reference":"6d7e1bf5bfb0ea029c77709e13a1b5ce247df32a"},"dist":{"url":"https://api.github.com/repos/Intervention/image/zipball/6d7e1bf5bfb0ea029c77709e13a1b5ce247df32a","type":"zip","shasum":"","reference":"6d7e1bf5bfb0ea029c77709e13a1b5ce247df32a"},"support":{"issues":"https://github.com/Intervention/image/issues","source":"https://github.com/Intervention/image/tree/1.3.3"},"time":"2013-03-28T19:12:39+00:00"},{"version":"1.3.2","version_normalized":"1.3.2.0","source":{"url":"https://github.com/Intervention/image.git","type":"git","reference":"77ac5690449c43b2e4db1d0efbd2d02eb552a06e"},"dist":{"url":"https://api.github.com/repos/Intervention/image/zipball/77ac5690449c43b2e4db1d0efbd2d02eb552a06e","type":"zip","shasum":"","reference":"77ac5690449c43b2e4db1d0efbd2d02eb552a06e"},"support":{"issues":"https://github.com/Intervention/image/issues","source":"https://github.com/Intervention/image/tree/1.3.2"},"time":"2013-03-25T19:57:10+00:00"},{"version":"1.3.1","version_normalized":"1.3.1.0","source":{"url":"https://github.com/Intervention/image.git","type":"git","reference":"1f8913cc335f7bf3c4828550164cce202a107489"},"dist":{"url":"https://api.github.com/repos/Intervention/image/zipball/1f8913cc335f7bf3c4828550164cce202a107489","type":"zip","shasum":"","reference":"1f8913cc335f7bf3c4828550164cce202a107489"},"support":{"issues":"https://github.com/Intervention/image/issues","source":"https://github.com/Intervention/image/tree/master"},"time":"2013-03-24T12:12:47+00:00","require":{"php":">=5.3.0","ext-gd":"*","illuminate/support":"4.0.x","illuminate/filesystem":"4.0.x"}},{"version":"1.3.0","version_normalized":"1.3.0.0","source":{"url":"https://github.com/Intervention/image.git","type":"git","reference":"774a0dfb064e2669c6f13a520c6419acab5e1567"},"dist":{"url":"https://api.github.com/repos/Intervention/image/zipball/774a0dfb064e2669c6f13a520c6419acab5e1567","type":"zip","shasum":"","reference":"774a0dfb064e2669c6f13a520c6419acab5e1567"},"time":"2013-03-23T20:13:08+00:00"},{"homepage":"https://github.com/Intervention/image","version":"1.2.6","version_normalized":"1.2.6.0","source":{"url":"https://github.com/Intervention/image.git","type":"git","reference":"827c542017e818489726cf335df51e597add0f95"},"dist":{"url":"https://api.github.com/repos/Intervention/image/zipball/827c542017e818489726cf335df51e597add0f95","type":"zip","shasum":"","reference":"827c542017e818489726cf335df51e597add0f95"},"time":"2013-03-22T14:52:58+00:00"},{"version":"1.2.5","version_normalized":"1.2.5.0","source":{"url":"https://github.com/Intervention/image.git","type":"git","reference":"ca3a41f5a3cfc50b9d5d51e6577e0ace32391227"},"dist":{"url":"https://api.github.com/repos/Intervention/image/zipball/ca3a41f5a3cfc50b9d5d51e6577e0ace32391227","type":"zip","shasum":"","reference":"ca3a41f5a3cfc50b9d5d51e6577e0ace32391227"},"time":"2013-03-20T15:40:40+00:00"},{"version":"1.2.4","version_normalized":"1.2.4.0","source":{"url":"https://github.com/Intervention/image.git","type":"git","reference":"7bf5960df493bc619235e0e6c9d22f1b43cf4b07"},"dist":{"url":"https://api.github.com/repos/Intervention/image/zipball/7bf5960df493bc619235e0e6c9d22f1b43cf4b07","type":"zip","shasum":"","reference":"7bf5960df493bc619235e0e6c9d22f1b43cf4b07"},"time":"2013-03-19T19:27:54+00:00"},{"version":"1.2.3","version_normalized":"1.2.3.0","source":{"url":"https://github.com/Intervention/image.git","type":"git","reference":"155f79dd3dd10f7fbe8e273ebc8a5f99d5d4f60a"},"dist":{"url":"https://api.github.com/repos/Intervention/image/zipball/155f79dd3dd10f7fbe8e273ebc8a5f99d5d4f60a","type":"zip","shasum":"","reference":"155f79dd3dd10f7fbe8e273ebc8a5f99d5d4f60a"},"time":"2013-03-19T19:19:14+00:00"},{"version":"1.2.2","version_normalized":"1.2.2.0","source":{"url":"https://github.com/Intervention/image.git","type":"git","reference":"c9791703614baeca6329f01383b5e1b00a41e0f2"},"dist":{"url":"https://api.github.com/repos/Intervention/image/zipball/c9791703614baeca6329f01383b5e1b00a41e0f2","type":"zip","shasum":"","reference":"c9791703614baeca6329f01383b5e1b00a41e0f2"},"time":"2013-03-18T14:29:35+00:00"},{"version":"1.2.1","version_normalized":"1.2.1.0","source":{"url":"https://github.com/Intervention/image.git","type":"git","reference":"4f89fa304e3918a17e3f4976dbbe54e43272bc19"},"dist":{"url":"https://api.github.com/repos/Intervention/image/zipball/4f89fa304e3918a17e3f4976dbbe54e43272bc19","type":"zip","shasum":"","reference":"4f89fa304e3918a17e3f4976dbbe54e43272bc19"},"time":"2013-03-18T13:38:18+00:00"},{"version":"1.2.0","version_normalized":"1.2.0.0","source":{"url":"https://github.com/Intervention/image.git","type":"git","reference":"a9870d779f3742378d335e71e8fc80bd3dbd51fa"},"dist":{"url":"https://api.github.com/repos/Intervention/image/zipball/a9870d779f3742378d335e71e8fc80bd3dbd51fa","type":"zip","shasum":"","reference":"a9870d779f3742378d335e71e8fc80bd3dbd51fa"},"support":{"issues":"https://github.com/Intervention/image/issues","source":"https://github.com/Intervention/image/tree/1.2.0"},"time":"2013-03-09T14:43:28+00:00"},{"version":"1.1.5","version_normalized":"1.1.5.0","source":{"url":"https://github.com/Intervention/image.git","type":"git","reference":"abfb53f92d9e5a394a7fabbe5ef9234cac41b0f9"},"dist":{"url":"https://api.github.com/repos/Intervention/image/zipball/abfb53f92d9e5a394a7fabbe5ef9234cac41b0f9","type":"zip","shasum":"","reference":"abfb53f92d9e5a394a7fabbe5ef9234cac41b0f9"},"support":{"issues":"https://github.com/Intervention/image/issues","source":"https://github.com/Intervention/image/tree/master"},"time":"2013-03-06T17:18:02+00:00","suggest":"__unset"},{"version":"1.1.4","version_normalized":"1.1.4.0","source":{"url":"https://github.com/Intervention/image.git","type":"git","reference":"199466eb0aaec7c3530bda54ec5e483ec381074e"},"dist":{"url":"https://api.github.com/repos/Intervention/image/zipball/199466eb0aaec7c3530bda54ec5e483ec381074e","type":"zip","shasum":"","reference":"199466eb0aaec7c3530bda54ec5e483ec381074e"},"time":"2013-03-02T11:51:24+00:00"},{"version":"1.1.3","version_normalized":"1.1.3.0","source":{"url":"https://github.com/Intervention/image.git","type":"git","reference":"aa20b2ea2b2b69b844b95bf279fd2009d0fc5fdf"},"dist":{"url":"https://api.github.com/repos/Intervention/image/zipball/aa20b2ea2b2b69b844b95bf279fd2009d0fc5fdf","type":"zip","shasum":"","reference":"aa20b2ea2b2b69b844b95bf279fd2009d0fc5fdf"},"time":"2013-03-02T11:50:09+00:00"},{"version":"1.1.2","version_normalized":"1.1.2.0","source":{"url":"https://github.com/Intervention/image.git","type":"git","reference":"fd29c19fde016905f6f5c15fa109aafdde2dfd02"},"dist":{"url":"https://api.github.com/repos/Intervention/image/zipball/fd29c19fde016905f6f5c15fa109aafdde2dfd02","type":"zip","shasum":"","reference":"fd29c19fde016905f6f5c15fa109aafdde2dfd02"},"time":"2013-02-28T16:35:28+00:00"},{"description":"Image handling and manipulation for Laravel 4","version":"1.1.1","version_normalized":"1.1.1.0","source":{"url":"https://github.com/Intervention/image.git","type":"git","reference":"4555cc9b1692ef7ab85ca18218b0f904bdcdadb6"},"dist":{"url":"https://api.github.com/repos/Intervention/image/zipball/4555cc9b1692ef7ab85ca18218b0f904bdcdadb6","type":"zip","shasum":"","reference":"4555cc9b1692ef7ab85ca18218b0f904bdcdadb6"},"support":{"issues":"https://github.com/Intervention/image/issues","source":"https://github.com/Intervention/image/tree/1.1.1"},"time":"2013-02-24T19:20:56+00:00"},{"version":"1.1.0","version_normalized":"1.1.0.0","source":{"url":"https://github.com/Intervention/image.git","type":"git","reference":"5f2456ee7c4c317a6feefb12895df93707410726"},"dist":{"url":"https://api.github.com/repos/Intervention/image/zipball/5f2456ee7c4c317a6feefb12895df93707410726","type":"zip","shasum":"","reference":"5f2456ee7c4c317a6feefb12895df93707410726"},"support":{"issues":"https://github.com/Intervention/image/issues","source":"https://github.com/Intervention/image/tree/master"},"time":"2013-02-24T19:07:30+00:00"},{"version":"1.0.1","version_normalized":"1.0.1.0","source":{"url":"https://github.com/Intervention/image.git","type":"git","reference":"3ab0b923a2b6cd06dd8dfbdbb5bab27b44f03e36"},"dist":{"url":"https://api.github.com/repos/Intervention/image/zipball/3ab0b923a2b6cd06dd8dfbdbb5bab27b44f03e36","type":"zip","shasum":"","reference":"3ab0b923a2b6cd06dd8dfbdbb5bab27b44f03e36"},"support":{"issues":"https://github.com/Intervention/image/issues","source":"https://github.com/Intervention/image/tree/1.0.1"},"time":"2013-02-23T16:18:07+00:00"},{"version":"1.0.0","version_normalized":"1.0.0.0","source":{"url":"https://github.com/Intervention/image.git","type":"git","reference":"27bbfb0c1b05f7abb997c1df0df5c041fb2de9b0"},"dist":{"url":"https://api.github.com/repos/Intervention/image/zipball/27bbfb0c1b05f7abb997c1df0df5c041fb2de9b0","type":"zip","shasum":"","reference":"27bbfb0c1b05f7abb997c1df0df5c041fb2de9b0"},"support":{"issues":"https://github.com/Intervention/image/issues","source":"https://github.com/Intervention/image/tree/master"},"time":"2013-02-04T17:07:42+00:00"}]},"security-advisories":[],"last-modified":"Sat, 01 Mar 2025 07:19:10 GMT"}