{"minified":"composer/2.0","packages":{"markbaker/complex":[{"name":"markbaker/complex","description":"PHP Class for working with complex numbers","keywords":["mathematics","complex"],"homepage":"https://github.com/MarkBaker/PHPComplex","version":"3.0.2","version_normalized":"3.0.2.0","license":["MIT"],"authors":[{"name":"Mark Baker","email":"mark@lange.demon.co.uk"}],"source":{"url":"https://github.com/MarkBaker/PHPComplex.git","type":"git","reference":"95c56caa1cf5c766ad6d65b6344b807c1e8405b9"},"dist":{"url":"https://api.github.com/repos/MarkBaker/PHPComplex/zipball/95c56caa1cf5c766ad6d65b6344b807c1e8405b9","type":"zip","shasum":"","reference":"95c56caa1cf5c766ad6d65b6344b807c1e8405b9"},"type":"library","support":{"issues":"https://github.com/MarkBaker/PHPComplex/issues","source":"https://github.com/MarkBaker/PHPComplex/tree/3.0.2"},"funding":[],"time":"2022-12-06T16:21:08+00:00","autoload":{"psr-4":{"Complex\\":"classes/src/"}},"require":{"php":"^7.2 || ^8.0"},"require-dev":{"phpunit/phpunit":"^7.0 || ^8.0 || ^9.0","squizlabs/php_codesniffer":"^3.7","phpcompatibility/php-compatibility":"^9.3","dealerdirect/phpcodesniffer-composer-installer":"dev-master"}},{"version":"3.0.1","version_normalized":"3.0.1.0","source":{"url":"https://github.com/MarkBaker/PHPComplex.git","type":"git","reference":"ab8bc271e404909db09ff2d5ffa1e538085c0f22"},"dist":{"url":"https://api.github.com/repos/MarkBaker/PHPComplex/zipball/ab8bc271e404909db09ff2d5ffa1e538085c0f22","type":"zip","shasum":"","reference":"ab8bc271e404909db09ff2d5ffa1e538085c0f22"},"support":{"issues":"https://github.com/MarkBaker/PHPComplex/issues","source":"https://github.com/MarkBaker/PHPComplex/tree/3.0.1"},"time":"2021-06-29T15:32:53+00:00","require-dev":{"phpunit/phpunit":"^7.0 || ^8.0 || ^9.3","squizlabs/php_codesniffer":"^3.4","phpcompatibility/php-compatibility":"^9.0","dealerdirect/phpcodesniffer-composer-installer":"^0.7.0"}},{"version":"3.0.0","version_normalized":"3.0.0.0","source":{"url":"https://github.com/MarkBaker/PHPComplex.git","type":"git","reference":"10e4e6d1687c5ce4f023ef418cf0432a7d7892fc"},"dist":{"url":"https://api.github.com/repos/MarkBaker/PHPComplex/zipball/10e4e6d1687c5ce4f023ef418cf0432a7d7892fc","type":"zip","shasum":"","reference":"10e4e6d1687c5ce4f023ef418cf0432a7d7892fc"},"support":{"issues":"https://github.com/MarkBaker/PHPComplex/issues","source":"https://github.com/MarkBaker/PHPComplex/tree/3.0.0"},"time":"2021-06-27T19:40:08+00:00"},{"version":"2.0.3","version_normalized":"2.0.3.0","source":{"url":"https://github.com/MarkBaker/PHPComplex.git","type":"git","reference":"6f724d7e04606fd8adaa4e3bb381c3e9db09c946"},"dist":{"url":"https://api.github.com/repos/MarkBaker/PHPComplex/zipball/6f724d7e04606fd8adaa4e3bb381c3e9db09c946","type":"zip","shasum":"","reference":"6f724d7e04606fd8adaa4e3bb381c3e9db09c946"},"support":{"issues":"https://github.com/MarkBaker/PHPComplex/issues","source":"https://github.com/MarkBaker/PHPComplex/tree/2.0.3"},"time":"2021-06-02T09:44:11+00:00","autoload":{"files":["classes/src/functions/abs.php","classes/src/functions/acos.php","classes/src/functions/acosh.php","classes/src/functions/acot.php","classes/src/functions/acoth.php","classes/src/functions/acsc.php","classes/src/functions/acsch.php","classes/src/functions/argument.php","classes/src/functions/asec.php","classes/src/functions/asech.php","classes/src/functions/asin.php","classes/src/functions/asinh.php","classes/src/functions/atan.php","classes/src/functions/atanh.php","classes/src/functions/conjugate.php","classes/src/functions/cos.php","classes/src/functions/cosh.php","classes/src/functions/cot.php","classes/src/functions/coth.php","classes/src/functions/csc.php","classes/src/functions/csch.php","classes/src/functions/exp.php","classes/src/functions/inverse.php","classes/src/functions/ln.php","classes/src/functions/log2.php","classes/src/functions/log10.php","classes/src/functions/negative.php","classes/src/functions/pow.php","classes/src/functions/rho.php","classes/src/functions/sec.php","classes/src/functions/sech.php","classes/src/functions/sin.php","classes/src/functions/sinh.php","classes/src/functions/sqrt.php","classes/src/functions/tan.php","classes/src/functions/tanh.php","classes/src/functions/theta.php","classes/src/operations/add.php","classes/src/operations/subtract.php","classes/src/operations/multiply.php","classes/src/operations/divideby.php","classes/src/operations/divideinto.php"],"psr-4":{"Complex\\":"classes/src/"}}},{"version":"2.0.2","version_normalized":"2.0.2.0","source":{"url":"https://github.com/MarkBaker/PHPComplex.git","type":"git","reference":"d18272926d58065140314c01e18ec3dd7ae854ea"},"dist":{"url":"https://api.github.com/repos/MarkBaker/PHPComplex/zipball/d18272926d58065140314c01e18ec3dd7ae854ea","type":"zip","shasum":"","reference":"d18272926d58065140314c01e18ec3dd7ae854ea"},"support":{"issues":"https://github.com/MarkBaker/PHPComplex/issues","source":"https://github.com/MarkBaker/PHPComplex/tree/2.0.2"},"time":"2021-05-24T10:53:30+00:00"},{"version":"2.0.1","version_normalized":"2.0.1.0","source":{"url":"https://github.com/MarkBaker/PHPComplex.git","type":"git","reference":"7351c0b5beef9eb1f683e57107ecba3aac2ebe67"},"dist":{"url":"https://api.github.com/repos/MarkBaker/PHPComplex/zipball/7351c0b5beef9eb1f683e57107ecba3aac2ebe67","type":"zip","shasum":"","reference":"7351c0b5beef9eb1f683e57107ecba3aac2ebe67"},"support":{"issues":"https://github.com/MarkBaker/PHPComplex/issues","source":"https://github.com/MarkBaker/PHPComplex/tree/2.0.1"},"time":"2021-05-23T11:48:20+00:00"},{"version":"2.0.0","version_normalized":"2.0.0.0","source":{"url":"https://github.com/MarkBaker/PHPComplex.git","type":"git","reference":"9999f1432fae467bc93c53f357105b4c31bb994c"},"dist":{"url":"https://api.github.com/repos/MarkBaker/PHPComplex/zipball/9999f1432fae467bc93c53f357105b4c31bb994c","type":"zip","shasum":"","reference":"9999f1432fae467bc93c53f357105b4c31bb994c"},"support":{"issues":"https://github.com/MarkBaker/PHPComplex/issues","source":"https://github.com/MarkBaker/PHPComplex/tree/PHP8"},"time":"2020-08-26T10:42:07+00:00","require-dev":{"phpunit/phpunit":"^7.0 || ^8.0 || ^9.3","phpdocumentor/phpdocumentor":"2.*","phpmd/phpmd":"2.*","sebastian/phpcpd":"^4.0","phploc/phploc":"^4.0","squizlabs/php_codesniffer":"^3.4","phpcompatibility/php-compatibility":"^9.0","dealerdirect/phpcodesniffer-composer-installer":"^0.7.0"}},{"version":"1.5.0","version_normalized":"1.5.0.0","source":{"url":"https://github.com/MarkBaker/PHPComplex.git","type":"git","reference":"c3131244e29c08d44fefb49e0dd35021e9e39dd2"},"dist":{"url":"https://api.github.com/repos/MarkBaker/PHPComplex/zipball/c3131244e29c08d44fefb49e0dd35021e9e39dd2","type":"zip","shasum":"","reference":"c3131244e29c08d44fefb49e0dd35021e9e39dd2"},"support":{"issues":"https://github.com/MarkBaker/PHPComplex/issues","source":"https://github.com/MarkBaker/PHPComplex/tree/1.5.0"},"time":"2020-08-26T19:47:57+00:00","require":{"php":"^5.6.0|^7.0"},"require-dev":{"phpunit/phpunit":"^4.8.35|^5.0|^6.0|^7.0","phpdocumentor/phpdocumentor":"2.*","phpmd/phpmd":"2.*","sebastian/phpcpd":"2.*","phploc/phploc":"^4.0|^5.0|^6.0|^7.0","squizlabs/php_codesniffer":"^3.4.0","phpcompatibility/php-compatibility":"^9.0","dealerdirect/phpcodesniffer-composer-installer":"^0.5.0"}},{"version":"1.4.8","version_normalized":"1.4.8.0","source":{"url":"https://github.com/MarkBaker/PHPComplex.git","type":"git","reference":"8eaa40cceec7bf0518187530b2e63871be661b72"},"dist":{"url":"https://api.github.com/repos/MarkBaker/PHPComplex/zipball/8eaa40cceec7bf0518187530b2e63871be661b72","type":"zip","shasum":"","reference":"8eaa40cceec7bf0518187530b2e63871be661b72"},"support":{"issues":"https://github.com/MarkBaker/PHPComplex/issues","source":"https://github.com/MarkBaker/PHPComplex/tree/develop"},"time":"2020-03-11T20:15:49+00:00","require":{"php":"^5.6.0|^7.0.0"},"require-dev":{"phpunit/phpunit":"^4.8.35|^5.4.0","phpdocumentor/phpdocumentor":"2.*","phpmd/phpmd":"2.*","sebastian/phpcpd":"2.*","phploc/phploc":"2.*","squizlabs/php_codesniffer":"^3.4.0","phpcompatibility/php-compatibility":"^9.0","dealerdirect/phpcodesniffer-composer-installer":"^0.5.0"}},{"version":"1.4.7","version_normalized":"1.4.7.0","source":{"url":"https://github.com/MarkBaker/PHPComplex.git","type":"git","reference":"1ea674a8308baf547cbcbd30c5fcd6d301b7c000"},"dist":{"url":"https://api.github.com/repos/MarkBaker/PHPComplex/zipball/1ea674a8308baf547cbcbd30c5fcd6d301b7c000","type":"zip","shasum":"","reference":"1ea674a8308baf547cbcbd30c5fcd6d301b7c000"},"time":"2018-10-13T23:28:42+00:00","require-dev":{"phpunit/phpunit":"^4.8.35|^5.4.0","phpdocumentor/phpdocumentor":"2.*","phpmd/phpmd":"2.*","sebastian/phpcpd":"2.*","phploc/phploc":"2.*","squizlabs/php_codesniffer":"^3.3.0","phpcompatibility/php-compatibility":"^8.0","dealerdirect/phpcodesniffer-composer-installer":"^0.4.3"},"funding":"__unset"},{"version":"1.4.6","version_normalized":"1.4.6.0","source":{"url":"https://github.com/MarkBaker/PHPComplex.git","type":"git","reference":"a78d82ae4e682c3809fc3023d1b0ce654f6ab12b"},"dist":{"url":"https://api.github.com/repos/MarkBaker/PHPComplex/zipball/a78d82ae4e682c3809fc3023d1b0ce654f6ab12b","type":"zip","shasum":"","reference":"a78d82ae4e682c3809fc3023d1b0ce654f6ab12b"},"time":"2018-07-31T08:38:40+00:00"},{"version":"1.4.5","version_normalized":"1.4.5.0","source":{"url":"https://github.com/MarkBaker/PHPComplex.git","type":"git","reference":"c0b02bf9cd7ec3075b48572a3ee208ccfcc5e40c"},"dist":{"url":"https://api.github.com/repos/MarkBaker/PHPComplex/zipball/c0b02bf9cd7ec3075b48572a3ee208ccfcc5e40c","type":"zip","shasum":"","reference":"c0b02bf9cd7ec3075b48572a3ee208ccfcc5e40c"},"time":"2018-07-31T08:18:18+00:00"},{"version":"1.4.3","version_normalized":"1.4.3.0","source":{"url":"https://github.com/MarkBaker/PHPComplex.git","type":"git","reference":"3ddc6cb693675329884a5bb31e04d8f96cc10432"},"dist":{"url":"https://api.github.com/repos/MarkBaker/PHPComplex/zipball/3ddc6cb693675329884a5bb31e04d8f96cc10432","type":"zip","shasum":"","reference":"3ddc6cb693675329884a5bb31e04d8f96cc10432"},"time":"2018-07-26T08:27:27+00:00"},{"version":"1.4.2","version_normalized":"1.4.2.0","source":{"url":"https://github.com/MarkBaker/PHPComplex.git","type":"git","reference":"0d3c00438c5cb0b08c16d30de73b2b9d14b9e52b"},"dist":{"url":"https://api.github.com/repos/MarkBaker/PHPComplex/zipball/0d3c00438c5cb0b08c16d30de73b2b9d14b9e52b","type":"zip","shasum":"","reference":"0d3c00438c5cb0b08c16d30de73b2b9d14b9e52b"},"time":"2018-07-25T11:06:04+00:00"},{"version":"1.4.1","version_normalized":"1.4.1.0","source":{"url":"https://github.com/MarkBaker/PHPComplex.git","type":"git","reference":"615f5443473cf37729666e2354fd8dfa2cb48e91"},"dist":{"url":"https://api.github.com/repos/MarkBaker/PHPComplex/zipball/615f5443473cf37729666e2354fd8dfa2cb48e91","type":"zip","shasum":"","reference":"615f5443473cf37729666e2354fd8dfa2cb48e91"},"time":"2018-07-24T19:47:28+00:00","require-dev":{"phpunit/phpunit":"^4.8.35|^5.4.0","phpdocumentor/phpdocumentor":"2.*","phpmd/phpmd":"2.*","sebastian/phpcpd":"2.*","phploc/phploc":"2.*","squizlabs/php_codesniffer":"^3.1.1","wimg/php-compatibility":"^8.0","dealerdirect/phpcodesniffer-composer-installer":"^0.4.3"}},{"version":"1.4.0","version_normalized":"1.4.0.0","source":{"url":"https://github.com/MarkBaker/PHPComplex.git","type":"git","reference":"77d01e85d064ab9ec1c7bc20fe9383de2f27367b"},"dist":{"url":"https://api.github.com/repos/MarkBaker/PHPComplex/zipball/77d01e85d064ab9ec1c7bc20fe9383de2f27367b","type":"zip","shasum":"","reference":"77d01e85d064ab9ec1c7bc20fe9383de2f27367b"},"time":"2018-07-23T12:00:43+00:00"},{"version":"1.3.2","version_normalized":"1.3.2.0","source":{"url":"https://github.com/MarkBaker/PHPComplex.git","type":"git","reference":"ecc8a4d98e1e043b7b129e6d8545a54adfe7f28c"},"dist":{"url":"https://api.github.com/repos/MarkBaker/PHPComplex/zipball/ecc8a4d98e1e043b7b129e6d8545a54adfe7f28c","type":"zip","shasum":"","reference":"ecc8a4d98e1e043b7b129e6d8545a54adfe7f28c"},"time":"2018-07-16T12:30:54+00:00"},{"version":"1.3.1","version_normalized":"1.3.1.0","source":{"url":"https://github.com/MarkBaker/PHPComplex.git","type":"git","reference":"9a3439777816f0b2584c4a458cf35759c519db6c"},"dist":{"url":"https://api.github.com/repos/MarkBaker/PHPComplex/zipball/9a3439777816f0b2584c4a458cf35759c519db6c","type":"zip","shasum":"","reference":"9a3439777816f0b2584c4a458cf35759c519db6c"},"time":"2018-07-15T17:15:28+00:00"},{"version":"1.3.0","version_normalized":"1.3.0.0","source":{"url":"https://github.com/MarkBaker/PHPComplex.git","type":"git","reference":"ce35a2294a48d16904444c7edd7d15a65ef6cd45"},"dist":{"url":"https://api.github.com/repos/MarkBaker/PHPComplex/zipball/ce35a2294a48d16904444c7edd7d15a65ef6cd45","type":"zip","shasum":"","reference":"ce35a2294a48d16904444c7edd7d15a65ef6cd45"},"time":"2018-07-14T22:10:19+00:00"},{"keywords":["complex"],"version":"1.2.0","version_normalized":"1.2.0.0","license":["LGPL-3.0-or-later"],"source":{"url":"https://github.com/MarkBaker/PHPComplex.git","type":"git","reference":"6facd5db3a348eacddafca1f8390d47e1420cea9"},"dist":{"url":"https://api.github.com/repos/MarkBaker/PHPComplex/zipball/6facd5db3a348eacddafca1f8390d47e1420cea9","type":"zip","shasum":"","reference":"6facd5db3a348eacddafca1f8390d47e1420cea9"},"time":"2018-07-14T09:29:34+00:00","autoload":{"files":["classes/src/functions/abs.php","classes/src/functions/acos.php","classes/src/functions/acosh.php","classes/src/functions/acot.php","classes/src/functions/acoth.php","classes/src/functions/acsc.php","classes/src/functions/acsch.php","classes/src/functions/argument.php","classes/src/functions/asec.php","classes/src/functions/asech.php","classes/src/functions/asin.php","classes/src/functions/asinh.php","classes/src/functions/atan.php","classes/src/functions/atanh.php","classes/src/functions/conjugate.php","classes/src/functions/cos.php","classes/src/functions/cosh.php","classes/src/functions/cot.php","classes/src/functions/coth.php","classes/src/functions/csc.php","classes/src/functions/csch.php","classes/src/functions/exp.php","classes/src/functions/inverse.php","classes/src/functions/ln.php","classes/src/functions/log2.php","classes/src/functions/log10.php","classes/src/functions/negative.php","classes/src/functions/rho.php","classes/src/functions/sec.php","classes/src/functions/sech.php","classes/src/functions/sin.php","classes/src/functions/sinh.php","classes/src/functions/sqrt.php","classes/src/functions/tan.php","classes/src/functions/tanh.php","classes/src/functions/theta.php","classes/src/operations/add.php","classes/src/operations/subtract.php","classes/src/operations/multiply.php","classes/src/operations/divideby.php","classes/src/operations/divideinto.php"],"psr-4":{"Complex\\":"classes/src/"}}},{"version":"1.1.0","version_normalized":"1.1.0.0","source":{"url":"https://github.com/MarkBaker/PHPComplex.git","type":"git","reference":"cec02f0304b716653d331d7985b6a434f10fb8bd"},"dist":{"url":"https://api.github.com/repos/MarkBaker/PHPComplex/zipball/cec02f0304b716653d331d7985b6a434f10fb8bd","type":"zip","shasum":"","reference":"cec02f0304b716653d331d7985b6a434f10fb8bd"},"time":"2018-07-13T22:38:52+00:00"},{"version":"1.0.1","version_normalized":"1.0.1.0","source":{"url":"https://github.com/MarkBaker/PHPComplex.git","type":"git","reference":"9f3bf9a3b35ad3aeeb450cc31ad9ba796c9914d0"},"dist":{"url":"https://api.github.com/repos/MarkBaker/PHPComplex/zipball/9f3bf9a3b35ad3aeeb450cc31ad9ba796c9914d0","type":"zip","shasum":"","reference":"9f3bf9a3b35ad3aeeb450cc31ad9ba796c9914d0"},"time":"2018-03-18T22:52:59+00:00"},{"version":"1.0.0","version_normalized":"1.0.0.0","source":{"url":"https://github.com/MarkBaker/PHPComplex.git","type":"git","reference":"4518c960f0ec689710816c82b7cb0118980270c7"},"dist":{"url":"https://api.github.com/repos/MarkBaker/PHPComplex/zipball/4518c960f0ec689710816c82b7cb0118980270c7","type":"zip","shasum":"","reference":"4518c960f0ec689710816c82b7cb0118980270c7"},"time":"2018-03-18T22:26:33+00:00"}]},"security-advisories":[],"last-modified":"Sat, 06 Apr 2024 19:28:38 GMT"}