{"minified":"composer/2.0","packages":{"phpoffice/phpexcel":[{"name":"phpoffice/phpexcel","description":"PHPExcel - OpenXML - Read, Create and Write Spreadsheet documents in PHP - Spreadsheet engine","keywords":["php","excel","spreadsheet","xls","xlsx","OpenXML"],"homepage":"https://github.com/PHPOffice/PHPExcel","version":"1.8.2","version_normalized":"1.8.2.0","license":["LGPL-2.1"],"authors":[{"name":"Maarten Balliauw","homepage":"http://blog.maartenballiauw.be"},{"name":"Erik Tilt"},{"name":"Franck Lefevre","homepage":"http://rootslabs.net"},{"name":"Mark Baker","homepage":"http://markbakeruk.net"}],"source":{"url":"https://github.com/PHPOffice/PHPExcel.git","type":"git","reference":"1441011fb7ecdd8cc689878f54f8b58a6805f870"},"dist":{"url":"https://api.github.com/repos/PHPOffice/PHPExcel/zipball/1441011fb7ecdd8cc689878f54f8b58a6805f870","type":"zip","shasum":"","reference":"1441011fb7ecdd8cc689878f54f8b58a6805f870"},"type":"library","support":{"issues":"https://github.com/PHPOffice/PHPExcel/issues","source":"https://github.com/PHPOffice/PHPExcel/tree/master"},"time":"2018-11-22T23:07:24+00:00","autoload":{"psr-0":{"PHPExcel":"Classes/"}},"require":{"php":"^5.2|^7.0","ext-mbstring":"*","ext-xml":"*","ext-xmlwriter":"*"},"require-dev":{"squizlabs/php_codesniffer":"2.*"},"abandoned":"phpoffice/phpspreadsheet"},{"homepage":"http://phpexcel.codeplex.com","version":"1.8.1","version_normalized":"1.8.1.0","license":["LGPL"],"authors":[{"name":"Maarten Balliauw","homepage":"http://blog.maartenballiauw.be"},{"name":"Mark Baker"},{"name":"Franck Lefevre","homepage":"http://blog.rootslabs.net"},{"name":"Erik Tilt"}],"source":{"url":"https://github.com/PHPOffice/PHPExcel.git","type":"git","reference":"372c7cbb695a6f6f1e62649381aeaa37e7e70b32"},"dist":{"url":"https://api.github.com/repos/PHPOffice/PHPExcel/zipball/372c7cbb695a6f6f1e62649381aeaa37e7e70b32","type":"zip","shasum":"","reference":"372c7cbb695a6f6f1e62649381aeaa37e7e70b32"},"time":"2015-05-01T07:00:55+00:00","require":{"php":">=5.2.0","ext-xml":"*","ext-xmlwriter":"*"},"require-dev":"__unset"},{"version":"1.8.0","version_normalized":"1.8.0.0","source":{"url":"https://github.com/PHPOffice/PHPExcel.git","type":"git","reference":"e69a5e4d0ffa7fb6f171859e0a04346e580df30b"},"dist":{"url":"https://api.github.com/repos/PHPOffice/PHPExcel/zipball/e69a5e4d0ffa7fb6f171859e0a04346e580df30b","type":"zip","shasum":"","reference":"e69a5e4d0ffa7fb6f171859e0a04346e580df30b"},"support":{"issues":"https://github.com/PHPOffice/PHPExcel/issues","source":"https://github.com/PHPOffice/PHPExcel/tree/develop"},"time":"2014-03-02T15:22:49+00:00"},{"version":"1.8.0rc4","version_normalized":"1.8.0.0-RC4","source":{"url":"https://github.com/PHPOffice/PHPExcel.git","type":"git","reference":"03226909910dd2079af1b3c21895c7c357f314bb"},"dist":{"url":"https://api.github.com/repos/PHPOffice/PHPExcel/zipball/03226909910dd2079af1b3c21895c7c357f314bb","type":"zip","shasum":"","reference":"03226909910dd2079af1b3c21895c7c357f314bb"},"time":"2014-02-23T16:02:10+00:00","require":{"php":">=5.2.0","ext-xml":"*"}},{"version":"1.8.0rc3","version_normalized":"1.8.0.0-RC3","source":{"url":"https://github.com/PHPOffice/PHPExcel.git","type":"git","reference":"8f265a934297c8b8fe92f2cd03bcbd0f1316df70"},"dist":{"url":"https://api.github.com/repos/PHPOffice/PHPExcel/zipball/8f265a934297c8b8fe92f2cd03bcbd0f1316df70","type":"zip","shasum":"","reference":"8f265a934297c8b8fe92f2cd03bcbd0f1316df70"},"time":"2014-02-21T11:08:57+00:00"},{"version":"1.8.0rc2","version_normalized":"1.8.0.0-RC2","source":{"url":"https://github.com/PHPOffice/PHPExcel.git","type":"git","reference":"6c8884b2eba9473e9859378cb640fd40cdc81911"},"dist":{"url":"https://api.github.com/repos/PHPOffice/PHPExcel/zipball/6c8884b2eba9473e9859378cb640fd40cdc81911","type":"zip","shasum":"","reference":"6c8884b2eba9473e9859378cb640fd40cdc81911"},"time":"2014-02-21T10:28:17+00:00"},{"version":"1.8.0rc1","version_normalized":"1.8.0.0-RC1","source":{"url":"https://github.com/PHPOffice/PHPExcel.git","type":"git","reference":"992aee683ac0e9f8acfa12a52a4f3cc19a9e3808"},"dist":{"url":"https://api.github.com/repos/PHPOffice/PHPExcel/zipball/992aee683ac0e9f8acfa12a52a4f3cc19a9e3808","type":"zip","shasum":"","reference":"992aee683ac0e9f8acfa12a52a4f3cc19a9e3808"},"time":"2013-12-31T18:36:33+00:00"},{"version":"1.7.9","version_normalized":"1.7.9.0","source":{"url":"https://github.com/PHPOffice/PHPExcel.git","type":"git","reference":"7a7634fba664249a04fc771df677a9b9f755d7ec"},"dist":{"url":"https://api.github.com/repos/PHPOffice/PHPExcel/zipball/7a7634fba664249a04fc771df677a9b9f755d7ec","type":"zip","shasum":"","reference":"7a7634fba664249a04fc771df677a9b9f755d7ec"},"time":"2013-05-24T11:57:42+00:00"},{"version":"1.7.9-rc1","version_normalized":"1.7.9.0-RC1","source":{"url":"https://github.com/PHPOffice/PHPExcel.git","type":"git","reference":"d79bdc5b19ba10326ad92876b0eb65ead5b5d6da"},"dist":{"url":"https://api.github.com/repos/PHPOffice/PHPExcel/zipball/d79bdc5b19ba10326ad92876b0eb65ead5b5d6da","type":"zip","shasum":"","reference":"d79bdc5b19ba10326ad92876b0eb65ead5b5d6da"},"time":"2013-03-24T21:56:06+00:00"}]},"security-advisories":[{"advisoryId":"PKSA-kxx5-ph1r-5bg2","affectedVersions":"<=1.8.2"},{"advisoryId":"PKSA-bx2k-kfb8-w1zm","affectedVersions":"<=1.8.2"},{"advisoryId":"PKSA-j2jw-2hjb-39hn","affectedVersions":"<=1.8.2"},{"advisoryId":"PKSA-2vt6-y6jz-crs9","affectedVersions":"<=1.8.2"},{"advisoryId":"PKSA-j343-tkpg-k39h","affectedVersions":"<=1.8.2"},{"advisoryId":"PKSA-1p4c-ysfb-v9ph","affectedVersions":"<=1.8.2"},{"advisoryId":"PKSA-81dj-mb26-861s","affectedVersions":"<=1.8.2"},{"advisoryId":"PKSA-gn6r-3fbg-vpq7","affectedVersions":"<=1.8.2"},{"advisoryId":"PKSA-b7bk-6mnf-vvf4","affectedVersions":"<=1.8.2"},{"advisoryId":"PKSA-xzzd-fyzv-1nm2","affectedVersions":"<=1.8.2"},{"advisoryId":"PKSA-yb2q-9cbc-scfr","affectedVersions":"<=1.8.2"},{"advisoryId":"PKSA-n1xd-9q81-6m2k","affectedVersions":"<=1.8.2"},{"advisoryId":"PKSA-5bk7-32wt-w1f6","affectedVersions":"<=1.8.2"},{"advisoryId":"PKSA-wd5y-fztj-66t8","affectedVersions":"<=1.8.2"},{"advisoryId":"PKSA-996h-kvqc-cdky","affectedVersions":"<=1.8.2"},{"advisoryId":"PKSA-p4bt-rmgm-ynz5","affectedVersions":"<=1.8.2"},{"advisoryId":"PKSA-79jx-g5m1-5ybs","affectedVersions":"<=1.8.2"},{"advisoryId":"PKSA-hn36-2kk8-hb3y","affectedVersions":"<=1.8.2"},{"advisoryId":"PKSA-s9h9-dzpw-9hsj","affectedVersions":"<=1.8.2"},{"advisoryId":"PKSA-xj88-cdcs-bgkr","affectedVersions":"<=1.8.2"},{"advisoryId":"PKSA-22dg-9jng-vjc5","affectedVersions":"<1.8.1"},{"advisoryId":"PKSA-mfm1-71w2-z7mz","affectedVersions":"<1.8.0"},{"advisoryId":"PKSA-1hs1-xpyf-3z2f","affectedVersions":"<1.8.0"}],"last-modified":"Thu, 06 Mar 2025 18:30:59 GMT"}